period,commodity,unit,value
2012-01,"Crude oil, average",($/bbl),107.1
2012-01,"Crude oil, Brent",($/bbl),111.2
2012-01,"Crude oil, Dubai",($/bbl),109.8
2012-01,"Crude oil, WTI",($/bbl),100.3
2012-01,"Coal, Australian",($/mt),116.5
2012-01,"Coal, South African **",($/mt),106.3
2012-01,"Natural gas, US",($/mmbtu),2.68
2012-01,"Natural gas, Europe",($/mmbtu),11.45
2012-01,"Liquefied natural gas, Japan",($/mmbtu),16.71
2012-01,Natural gas index,(2010=100),98.3
2012-01,Cocoa,($/kg),2.31
2012-01,"Coffee, Arabica",($/kg),5.23
2012-01,"Coffee, Robusta",($/kg),2.13
2012-01,"Tea, avg 3 auctions",($/kg),2.66
2012-01,"Tea, Colombo",($/kg),3.06
2012-01,"Tea, Kolkata",($/kg),2.2799999999999998
2012-01,"Tea, Mombasa",($/kg),2.63
2012-01,Coconut oil,($/mt),1451
2012-01,Groundnuts,($/mt),2528
2012-01,Fish meal,($/mt),1616
2012-01,Groundnut oil **,($/mt),2116
2012-01,Palm oil,($/mt),1124
2012-01,Palm kernel oil,($/mt),1362
2012-01,Soybeans,($/mt),503
2012-01,Soybean oil,($/mt),1216
2012-01,Soybean meal,($/mt),386
2012-01,Rapeseed oil,($/mt),1253
2012-01,Sunflower oil,($/mt),1452
2012-01,Barley,($/mt),210.6
2012-01,Maize,($/mt),272.8
2012-01,Sorghum,($/mt),265.7
2012-01,"Rice, Thai 5%",($/mt),542
2012-01,"Rice, Thai 25%",($/mt),534
2012-01,"Rice, Thai A.1",($/mt),516.29999999999995
2012-01,"Rice, Viet Namese 5%",($/mt),451.4
2012-01,"Wheat, US SRW",($/mt),253.9
2012-01,"Wheat, US HRW",($/mt),274.89999999999998
2012-01,"Banana, Europe",($/kg),0.96
2012-01,"Banana, US",($/kg),0.95
2012-01,Orange,($/kg),0.73
2012-01,Beef **,($/kg),4.26
2012-01,Chicken **,($/kg),1.99
2012-01,Lamb **,($/kg),9.91
2012-01,"Shrimps, Mexican",($/kg),11.35
2012-01,"Sugar, EU",($/kg),0.42
2012-01,"Sugar, US",($/kg),0.76
2012-01,"Sugar, world",($/kg),0.52
2012-01,"Tobacco, US import u.v.",($/mt),4415
2012-01,"Logs, Cameroon",($/cubic meter),458.3
2012-01,"Logs, Malaysian",($/cubic meter),387.7
2012-01,"Sawnwood, Cameroon",($/cubic meter),750.8
2012-01,"Sawnwood, Malaysian",($/cubic meter),877
2012-01,Plywood,(cents/sheet),615
2012-01,"Cotton, A Index",($/kg),2.23
2012-01,"Rubber, TSR20 **",($/kg),3.5
2012-01,"Rubber, RSS3",($/kg),3.63
2012-01,Phosphate rock,($/mt),195
2012-01,DAP,($/mt),451.4
2012-01,TSP,($/mt),435
2012-01,Urea,($/mt),368
2012-01,Potassium chloride **,($/mt),495
2012-01,Aluminum,($/mt),2144
2012-01,"Iron ore, cfr spot",($/dmtu),140.30000000000001
2012-01,Copper,($/mt),8040
2012-01,Lead,($/mt),2096
2012-01,Tin,($/mt),21439
2012-01,Nickel,($/mt),19855
2012-01,Zinc,($/mt),1982
2012-01,Gold,($/troy oz),1654
2012-01,Platinum,($/troy oz),1499
2012-01,Silver,($/troy oz),30.7
2012-02,"Crude oil, average",($/bbl),112.7
2012-02,"Crude oil, Brent",($/bbl),119.7
2012-02,"Crude oil, Dubai",($/bbl),116.1
2012-02,"Crude oil, WTI",($/bbl),102.2
2012-02,"Coal, Australian",($/mt),117
2012-02,"Coal, South African **",($/mt),105.3
2012-02,"Natural gas, US",($/mmbtu),2.52
2012-02,"Natural gas, Europe",($/mmbtu),11.12
2012-02,"Liquefied natural gas, Japan",($/mmbtu),16.03
2012-02,Natural gas index,(2010=100),94.3
2012-02,Cocoa,($/kg),2.36
2012-02,"Coffee, Arabica",($/kg),4.9400000000000004
2012-02,"Coffee, Robusta",($/kg),2.25
2012-02,"Tea, avg 3 auctions",($/kg),2.57
2012-02,"Tea, Colombo",($/kg),2.97
2012-02,"Tea, Kolkata",($/kg),2.09
2012-02,"Tea, Mombasa",($/kg),2.64
2012-02,Coconut oil,($/mt),1411
2012-02,Groundnuts,($/mt),2528
2012-02,Fish meal,($/mt),1761
2012-02,Groundnut oil **,($/mt),2116
2012-02,Palm oil,($/mt),1146
2012-02,Palm kernel oil,($/mt),1365
2012-02,Soybeans,($/mt),523
2012-02,Soybean oil,($/mt),1249
2012-02,Soybean meal,($/mt),406
2012-02,Rapeseed oil,($/mt),1288
2012-02,Sunflower oil,($/mt),1485
2012-02,Barley,($/mt),213.4
2012-02,Maize,($/mt),279.5
2012-02,Sorghum,($/mt),269.2
2012-02,"Rice, Thai 5%",($/mt),537.5
2012-02,"Rice, Thai 25%",($/mt),529
2012-02,"Rice, Thai A.1",($/mt),518.29999999999995
2012-02,"Rice, Viet Namese 5%",($/mt),430.4
2012-02,"Wheat, US SRW",($/mt),263.10000000000002
2012-02,"Wheat, US HRW",($/mt),277.8
2012-02,"Banana, Europe",($/kg),1.24
2012-02,"Banana, US",($/kg),1.07
2012-02,Orange,($/kg),0.78
2012-02,Beef **,($/kg),4.3099999999999996
2012-02,Chicken **,($/kg),2.0099999999999998
2012-02,Lamb **,($/kg),9.5399999999999991
2012-02,"Shrimps, Mexican",($/kg),11.42
2012-02,"Sugar, EU",($/kg),0.43
2012-02,"Sugar, US",($/kg),0.74
2012-02,"Sugar, world",($/kg),0.53
2012-02,"Tobacco, US import u.v.",($/mt),4418
2012-02,"Logs, Cameroon",($/cubic meter),466.6
2012-02,"Logs, Malaysian",($/cubic meter),375
2012-02,"Sawnwood, Cameroon",($/cubic meter),757.3
2012-02,"Sawnwood, Malaysian",($/cubic meter),885.1
2012-02,Plywood,(cents/sheet),612.29999999999995
2012-02,"Cotton, A Index",($/kg),2.2200000000000002
2012-02,"Rubber, TSR20 **",($/kg),3.78
2012-02,"Rubber, RSS3",($/kg),4
2012-02,Phosphate rock,($/mt),190
2012-02,DAP,($/mt),435.5
2012-02,TSP,($/mt),445
2012-02,Urea,($/mt),375
2012-02,Potassium chloride **,($/mt),495
2012-02,Aluminum,($/mt),2208
2012-02,"Iron ore, cfr spot",($/dmtu),140.4
2012-02,Copper,($/mt),8441
2012-02,Lead,($/mt),2121
2012-02,Tin,($/mt),24293
2012-02,Nickel,($/mt),20394
2012-02,Zinc,($/mt),2058
2012-02,Gold,($/troy oz),1745
2012-02,Platinum,($/troy oz),1658
2012-02,Silver,($/troy oz),34.1
2012-03,"Crude oil, average",($/bbl),117.8
2012-03,"Crude oil, Brent",($/bbl),124.9
2012-03,"Crude oil, Dubai",($/bbl),122.3
2012-03,"Crude oil, WTI",($/bbl),106.2
2012-03,"Coal, Australian",($/mt),107.5
2012-03,"Coal, South African **",($/mt),103.4
2012-03,"Natural gas, US",($/mmbtu),2.17
2012-03,"Natural gas, Europe",($/mmbtu),11.97
2012-03,"Liquefied natural gas, Japan",($/mmbtu),16.34
2012-03,Natural gas index,(2010=100),94.3
2012-03,Cocoa,($/kg),2.36
2012-03,"Coffee, Arabica",($/kg),4.4400000000000004
2012-03,"Coffee, Robusta",($/kg),2.2799999999999998
2012-03,"Tea, avg 3 auctions",($/kg),2.42
2012-03,"Tea, Colombo",($/kg),2.75
2012-03,"Tea, Kolkata",($/kg),1.79
2012-03,"Tea, Mombasa",($/kg),2.73
2012-03,Coconut oil,($/mt),1338
2012-03,Groundnuts,($/mt),2528
2012-03,Fish meal,($/mt),1767
2012-03,Groundnut oil **,($/mt),2138
2012-03,Palm oil,($/mt),1195
2012-03,Palm kernel oil,($/mt),1366
2012-03,Soybeans,($/mt),547
2012-03,Soybean oil,($/mt),1285
2012-03,Soybean meal,($/mt),441
2012-03,Rapeseed oil,($/mt),1289
2012-03,Sunflower oil,($/mt),1501
2012-03,Barley,($/mt),222.8
2012-03,Maize,($/mt),280.7
2012-03,Sorghum,($/mt),274
2012-03,"Rice, Thai 5%",($/mt),548
2012-03,"Rice, Thai 25%",($/mt),544.4
2012-03,"Rice, Thai A.1",($/mt),526.79999999999995
2012-03,"Rice, Viet Namese 5%",($/mt),428.7
2012-03,"Wheat, US SRW",($/mt),259.8
2012-03,"Wheat, US HRW",($/mt),283.89999999999998
2012-03,"Banana, Europe",($/kg),1.22
2012-03,"Banana, US",($/kg),1.1399999999999999
2012-03,Orange,($/kg),0.8
2012-03,Beef **,($/kg),4.3499999999999996
2012-03,Chicken **,($/kg),2.0499999999999998
2012-03,Lamb **,($/kg),9.5399999999999991
2012-03,"Shrimps, Mexican",($/kg),11.56
2012-03,"Sugar, EU",($/kg),0.43
2012-03,"Sugar, US",($/kg),0.76
2012-03,"Sugar, world",($/kg),0.53
2012-03,"Tobacco, US import u.v.",($/mt),4379
2012-03,"Logs, Cameroon",($/cubic meter),465.8
2012-03,"Logs, Malaysian",($/cubic meter),357.1
2012-03,"Sawnwood, Cameroon",($/cubic meter),758.5
2012-03,"Sawnwood, Malaysian",($/cubic meter),886.5
2012-03,Plywood,(cents/sheet),611
2012-03,"Cotton, A Index",($/kg),2.19
2012-03,"Rubber, TSR20 **",($/kg),3.78
2012-03,"Rubber, RSS3",($/kg),3.93
2012-03,Phosphate rock,($/mt),160
2012-03,DAP,($/mt),442.9
2012-03,TSP,($/mt),441.3
2012-03,Urea,($/mt),393.1
2012-03,Potassium chloride **,($/mt),495
2012-03,Aluminum,($/mt),2184
2012-03,"Iron ore, cfr spot",($/dmtu),144.69999999999999
2012-03,Copper,($/mt),8471
2012-03,Lead,($/mt),2057
2012-03,Tin,($/mt),22985
2012-03,Nickel,($/mt),18661
2012-03,Zinc,($/mt),2036
2012-03,Gold,($/troy oz),1676
2012-03,Platinum,($/troy oz),1655
2012-03,Silver,($/troy oz),33
2012-04,"Crude oil, average",($/bbl),113.7
2012-04,"Crude oil, Brent",($/bbl),120.5
2012-04,"Crude oil, Dubai",($/bbl),117.3
2012-04,"Crude oil, WTI",($/bbl),103.3
2012-04,"Coal, Australian",($/mt),103.6
2012-04,"Coal, South African **",($/mt),101.3
2012-04,"Natural gas, US",($/mmbtu),1.95
2012-04,"Natural gas, Europe",($/mmbtu),11.42
2012-04,"Liquefied natural gas, Japan",($/mmbtu),16.850000000000001
2012-04,Natural gas index,(2010=100),89.3
2012-04,Cocoa,($/kg),2.27
2012-04,"Coffee, Arabica",($/kg),4.22
2012-04,"Coffee, Robusta",($/kg),2.2400000000000002
2012-04,"Tea, avg 3 auctions",($/kg),2.79
2012-04,"Tea, Colombo",($/kg),3.2
2012-04,"Tea, Kolkata",($/kg),2.39
2012-04,"Tea, Mombasa",($/kg),2.78
2012-04,Coconut oil,($/mt),1348
2012-04,Groundnuts,($/mt),2528
2012-04,Fish meal,($/mt),1734
2012-04,Groundnut oil **,($/mt),2275
2012-04,Palm oil,($/mt),1234
2012-04,Palm kernel oil,($/mt),1395
2012-04,Soybeans,($/mt),584
2012-04,Soybean oil,($/mt),1309
2012-04,Soybean meal,($/mt),482
2012-04,Rapeseed oil,($/mt),1304
2012-04,Sunflower oil,($/mt),1552
2012-04,Barley,($/mt),237.2
2012-04,Maize,($/mt),274
2012-04,Sorghum,($/mt),254.9
2012-04,"Rice, Thai 5%",($/mt),547.79999999999995
2012-04,"Rice, Thai 25%",($/mt),550.70000000000005
2012-04,"Rice, Thai A.1",($/mt),533.29999999999995
2012-04,"Rice, Viet Namese 5%",($/mt),440.7
2012-04,"Wheat, US SRW",($/mt),254.6
2012-04,"Wheat, US HRW",($/mt),266.3
2012-04,"Banana, Europe",($/kg),1.26
2012-04,"Banana, US",($/kg),1.03
2012-04,Orange,($/kg),0.82
2012-04,Beef **,($/kg),4.29
2012-04,Chicken **,($/kg),2.06
2012-04,Lamb **,($/kg),9.5399999999999991
2012-04,"Shrimps, Mexican",($/kg),11.77
2012-04,"Sugar, EU",($/kg),0.43
2012-04,"Sugar, US",($/kg),0.7
2012-04,"Sugar, world",($/kg),0.5
2012-04,"Tobacco, US import u.v.",($/mt),4354
2012-04,"Logs, Cameroon",($/cubic meter),464
2012-04,"Logs, Malaysian",($/cubic meter),353.7
2012-04,"Sawnwood, Cameroon",($/cubic meter),767
2012-04,"Sawnwood, Malaysian",($/cubic meter),896.4
2012-04,Plywood,(cents/sheet),611.6
2012-04,"Cotton, A Index",($/kg),2.2000000000000002
2012-04,"Rubber, TSR20 **",($/kg),3.66
2012-04,"Rubber, RSS3",($/kg),3.84
2012-04,Phosphate rock,($/mt),185
2012-04,DAP,($/mt),478
2012-04,TSP,($/mt),441.3
2012-04,Urea,($/mt),494.4
2012-04,Potassium chloride **,($/mt),477.5
2012-04,Aluminum,($/mt),2050
2012-04,"Iron ore, cfr spot",($/dmtu),147.6
2012-04,Copper,($/mt),8289
2012-04,Lead,($/mt),2071
2012-04,Tin,($/mt),22201
2012-04,Nickel,($/mt),17940
2012-04,Zinc,($/mt),2002
2012-04,Gold,($/troy oz),1649
2012-04,Platinum,($/troy oz),1586
2012-04,Silver,($/troy oz),31.5
2012-05,"Crude oil, average",($/bbl),104.1
2012-05,"Crude oil, Brent",($/bbl),110.5
2012-05,"Crude oil, Dubai",($/bbl),107.1
2012-05,"Crude oil, WTI",($/bbl),94.7
2012-05,"Coal, Australian",($/mt),95.8
2012-05,"Coal, South African **",($/mt),93.8
2012-05,"Natural gas, US",($/mmbtu),2.44
2012-05,"Natural gas, Europe",($/mmbtu),11.64
2012-05,"Liquefied natural gas, Japan",($/mmbtu),17.12
2012-05,Natural gas index,(2010=100),96.5
2012-05,Cocoa,($/kg),2.31
2012-05,"Coffee, Arabica",($/kg),4.07
2012-05,"Coffee, Robusta",($/kg),2.36
2012-05,"Tea, avg 3 auctions",($/kg),3
2012-05,"Tea, Colombo",($/kg),3.02
2012-05,"Tea, Kolkata",($/kg),3.18
2012-05,"Tea, Mombasa",($/kg),2.8
2012-05,Coconut oil,($/mt),1155
2012-05,Groundnuts,($/mt),2400
2012-05,Fish meal,($/mt),1607
2012-05,Groundnut oil **,($/mt),2408
2012-05,Palm oil,($/mt),1125
2012-05,Palm kernel oil,($/mt),1237
2012-05,Soybeans,($/mt),577
2012-05,Soybean oil,($/mt),1221
2012-05,Soybean meal,($/mt),503
2012-05,Rapeseed oil,($/mt),1235
2012-05,Sunflower oil,($/mt),1522
2012-05,Barley,($/mt),239.5
2012-05,Maize,($/mt),269.3
2012-05,Sorghum,($/mt),259.39999999999998
2012-05,"Rice, Thai 5%",($/mt),600.5
2012-05,"Rice, Thai 25%",($/mt),553.29999999999995
2012-05,"Rice, Thai A.1",($/mt),561.79999999999995
2012-05,"Rice, Viet Namese 5%",($/mt),433.3
2012-05,"Wheat, US SRW",($/mt),251.3
2012-05,"Wheat, US HRW",($/mt),264.39999999999998
2012-05,"Banana, Europe",($/kg),1.21
2012-05,"Banana, US",($/kg),0.95
2012-05,Orange,($/kg),0.76
2012-05,Beef **,($/kg),4.22
2012-05,Chicken **,($/kg),2.0699999999999998
2012-05,Lamb **,($/kg),9.52
2012-05,"Shrimps, Mexican",($/kg),11.79
2012-05,"Sugar, EU",($/kg),0.42
2012-05,"Sugar, US",($/kg),0.67
2012-05,"Sugar, world",($/kg),0.46
2012-05,"Tobacco, US import u.v.",($/mt),4355
2012-05,"Logs, Cameroon",($/cubic meter),451.5
2012-05,"Logs, Malaysian",($/cubic meter),367
2012-05,"Sawnwood, Cameroon",($/cubic meter),763.4
2012-05,"Sawnwood, Malaysian",($/cubic meter),892.2
2012-05,Plywood,(cents/sheet),611.6
2012-05,"Cotton, A Index",($/kg),1.95
2012-05,"Rubber, TSR20 **",($/kg),3.38
2012-05,"Rubber, RSS3",($/kg),3.73
2012-05,Phosphate rock,($/mt),195
2012-05,DAP,($/mt),490.5
2012-05,TSP,($/mt),485
2012-05,Urea,($/mt),513.1
2012-05,Potassium chloride **,($/mt),477.5
2012-05,Aluminum,($/mt),2008
2012-05,"Iron ore, cfr spot",($/dmtu),136.6
2012-05,Copper,($/mt),7956
2012-05,Lead,($/mt),2013
2012-05,Tin,($/mt),20405
2012-05,Nickel,($/mt),17068
2012-05,Zinc,($/mt),1936
2012-05,Gold,($/troy oz),1589
2012-05,Platinum,($/troy oz),1471
2012-05,Silver,($/troy oz),28.7
2012-06,"Crude oil, average",($/bbl),90.7
2012-06,"Crude oil, Brent",($/bbl),95.6
2012-06,"Crude oil, Dubai",($/bbl),94.2
2012-06,"Crude oil, WTI",($/bbl),82.4
2012-06,"Coal, Australian",($/mt),87.2
2012-06,"Coal, South African **",($/mt),85.3
2012-06,"Natural gas, US",($/mmbtu),2.46
2012-06,"Natural gas, Europe",($/mmbtu),11.49
2012-06,"Liquefied natural gas, Japan",($/mmbtu),17.2
2012-06,Natural gas index,(2010=100),96.1
2012-06,Cocoa,($/kg),2.2599999999999998
2012-06,"Coffee, Arabica",($/kg),3.72
2012-06,"Coffee, Robusta",($/kg),2.33
2012-06,"Tea, avg 3 auctions",($/kg),2.97
2012-06,"Tea, Colombo",($/kg),2.91
2012-06,"Tea, Kolkata",($/kg),3.12
2012-06,"Tea, Mombasa",($/kg),2.88
2012-06,Coconut oil,($/mt),1058
2012-06,Groundnuts,($/mt),2400
2012-06,Fish meal,($/mt),1558
2012-06,Groundnut oil **,($/mt),2425
2012-06,Palm oil,($/mt),1028
2012-06,Palm kernel oil,($/mt),1089
2012-06,Soybeans,($/mt),578
2012-06,Soybean oil,($/mt),1182
2012-06,Soybean meal,($/mt),515
2012-06,Rapeseed oil,($/mt),1183
2012-06,Sunflower oil,($/mt),1430
2012-06,Barley,($/mt),236.8
2012-06,Maize,($/mt),267.3
2012-06,Sorghum,($/mt),263.89999999999998
2012-06,"Rice, Thai 5%",($/mt),600
2012-06,"Rice, Thai 25%",($/mt),578
2012-06,"Rice, Thai A.1",($/mt),541.20000000000005
2012-06,"Rice, Viet Namese 5%",($/mt),412
2012-06,"Wheat, US SRW",($/mt),249.5
2012-06,"Wheat, US HRW",($/mt),276.2
2012-06,"Banana, Europe",($/kg),1.05
2012-06,"Banana, US",($/kg),0.95
2012-06,Orange,($/kg),0.95
2012-06,Beef **,($/kg),4.12
2012-06,Chicken **,($/kg),2.08
2012-06,Lamb **,($/kg),9.1999999999999993
2012-06,"Shrimps, Mexican",($/kg),11.79
2012-06,"Sugar, EU",($/kg),0.41
2012-06,"Sugar, US",($/kg),0.63
2012-06,"Sugar, world",($/kg),0.45
2012-06,"Tobacco, US import u.v.",($/mt),4283
2012-06,"Logs, Cameroon",($/cubic meter),442.3
2012-06,"Logs, Malaysian",($/cubic meter),362.3
2012-06,"Sawnwood, Cameroon",($/cubic meter),751.7
2012-06,"Sawnwood, Malaysian",($/cubic meter),862.8
2012-06,Plywood,(cents/sheet),606.70000000000005
2012-06,"Cotton, A Index",($/kg),1.81
2012-06,"Rubber, TSR20 **",($/kg),2.86
2012-06,"Rubber, RSS3",($/kg),3.2
2012-06,Phosphate rock,($/mt),193.1
2012-06,DAP,($/mt),501.6
2012-06,TSP,($/mt),485
2012-06,Urea,($/mt),456.9
2012-06,Potassium chloride **,($/mt),477.5
2012-06,Aluminum,($/mt),1890
2012-06,"Iron ore, cfr spot",($/dmtu),134.69999999999999
2012-06,Copper,($/mt),7423
2012-06,Lead,($/mt),1854
2012-06,Tin,($/mt),19271
2012-06,Nickel,($/mt),16549
2012-06,Zinc,($/mt),1859
2012-06,Gold,($/troy oz),1599
2012-06,Platinum,($/troy oz),1444
2012-06,Silver,($/troy oz),28
2012-07,"Crude oil, average",($/bbl),96.8
2012-07,"Crude oil, Brent",($/bbl),103.1
2012-07,"Crude oil, Dubai",($/bbl),99.2
2012-07,"Crude oil, WTI",($/bbl),87.9
2012-07,"Coal, Australian",($/mt),88.2
2012-07,"Coal, South African **",($/mt),87.3
2012-07,"Natural gas, US",($/mmbtu),2.95
2012-07,"Natural gas, Europe",($/mmbtu),11.13
2012-07,"Liquefied natural gas, Japan",($/mmbtu),18.11
2012-07,Natural gas index,(2010=100),100.9
2012-07,Cocoa,($/kg),2.35
2012-07,"Coffee, Arabica",($/kg),4.2
2012-07,"Coffee, Robusta",($/kg),2.36
2012-07,"Tea, avg 3 auctions",($/kg),3.03
2012-07,"Tea, Colombo",($/kg),2.99
2012-07,"Tea, Kolkata",($/kg),3.11
2012-07,"Tea, Mombasa",($/kg),2.99
2012-07,Coconut oil,($/mt),1070
2012-07,Groundnuts,($/mt),2400
2012-07,Fish meal,($/mt),1503
2012-07,Groundnut oil **,($/mt),2450
2012-07,Palm oil,($/mt),1053
2012-07,Palm kernel oil,($/mt),1063
2012-07,Soybeans,($/mt),670
2012-07,Soybean oil,($/mt),1239
2012-07,Soybean meal,($/mt),609
2012-07,Rapeseed oil,($/mt),1215
2012-07,Sunflower oil,($/mt),1472
2012-07,Barley,($/mt),253.4
2012-07,Maize,($/mt),333.1
2012-07,Sorghum,($/mt),268.60000000000002
2012-07,"Rice, Thai 5%",($/mt),573.79999999999995
2012-07,"Rice, Thai 25%",($/mt),555
2012-07,"Rice, Thai A.1",($/mt),518.79999999999995
2012-07,"Rice, Viet Namese 5%",($/mt),409.3
2012-07,"Wheat, US SRW",($/mt),323
2012-07,"Wheat, US HRW",($/mt),345.7
2012-07,"Banana, Europe",($/kg),0.85
2012-07,"Banana, US",($/kg),0.96
2012-07,Orange,($/kg),1.02
2012-07,Beef **,($/kg),4.03
2012-07,Chicken **,($/kg),2.09
2012-07,Lamb **,($/kg),8.75
2012-07,"Shrimps, Mexican",($/kg),11.79
2012-07,"Sugar, EU",($/kg),0.4
2012-07,"Sugar, US",($/kg),0.63
2012-07,"Sugar, world",($/kg),0.5
2012-07,"Tobacco, US import u.v.",($/mt),4191
2012-07,"Logs, Cameroon",($/cubic meter),430.3
2012-07,"Logs, Malaysian",($/cubic meter),357.2
2012-07,"Sawnwood, Cameroon",($/cubic meter),747.4
2012-07,"Sawnwood, Malaysian",($/cubic meter),857.9
2012-07,Plywood,(cents/sheet),606.70000000000005
2012-07,"Cotton, A Index",($/kg),1.85
2012-07,"Rubber, TSR20 **",($/kg),2.89
2012-07,"Rubber, RSS3",($/kg),3.08
2012-07,Phosphate rock,($/mt),188.5
2012-07,DAP,($/mt),436.9
2012-07,TSP,($/mt),485
2012-07,Urea,($/mt),307.5
2012-07,Potassium chloride **,($/mt),279.5
2012-07,Aluminum,($/mt),1876
2012-07,"Iron ore, cfr spot",($/dmtu),127.9
2012-07,Copper,($/mt),7584
2012-07,Lead,($/mt),1881
2012-07,Tin,($/mt),18546
2012-07,Nickel,($/mt),16128
2012-07,Zinc,($/mt),1848
2012-07,Gold,($/troy oz),1594
2012-07,Platinum,($/troy oz),1426
2012-07,Silver,($/troy oz),27.4
2012-08,"Crude oil, average",($/bbl),105.3
2012-08,"Crude oil, Brent",($/bbl),113.3
2012-08,"Crude oil, Dubai",($/bbl),108.4
2012-08,"Crude oil, WTI",($/bbl),94.1
2012-08,"Coal, Australian",($/mt),91
2012-08,"Coal, South African **",($/mt),89.1
2012-08,"Natural gas, US",($/mmbtu),2.84
2012-08,"Natural gas, Europe",($/mmbtu),11.18
2012-08,"Liquefied natural gas, Japan",($/mmbtu),17.739999999999998
2012-08,Natural gas index,(2010=100),99.6
2012-08,Cocoa,($/kg),2.5099999999999998
2012-08,"Coffee, Arabica",($/kg),3.85
2012-08,"Coffee, Robusta",($/kg),2.35
2012-08,"Tea, avg 3 auctions",($/kg),3.12
2012-08,"Tea, Colombo",($/kg),3.07
2012-08,"Tea, Kolkata",($/kg),3.2
2012-08,"Tea, Mombasa",($/kg),3.08
2012-08,Coconut oil,($/mt),1001
2012-08,Groundnuts,($/mt),2400
2012-08,Fish meal,($/mt),1431
2012-08,Groundnut oil **,($/mt),2469
2012-08,Palm oil,($/mt),1022
2012-08,Palm kernel oil,($/mt),1008
2012-08,Soybeans,($/mt),684
2012-08,Soybean oil,($/mt),1250
2012-08,Soybean meal,($/mt),651
2012-08,Rapeseed oil,($/mt),1231
2012-08,Sunflower oil,($/mt),1525
2012-08,Barley,($/mt),265.7
2012-08,Maize,($/mt),332
2012-08,Sorghum,($/mt),273.3
2012-08,"Rice, Thai 5%",($/mt),567.79999999999995
2012-08,"Rice, Thai 25%",($/mt),545
2012-08,"Rice, Thai A.1",($/mt),509
2012-08,"Rice, Viet Namese 5%",($/mt),436.4
2012-08,"Wheat, US SRW",($/mt),333.7
2012-08,"Wheat, US HRW",($/mt),349.4
2012-08,"Banana, Europe",($/kg),0.98
2012-08,"Banana, US",($/kg),0.95
2012-08,Orange,($/kg),0.97
2012-08,Beef **,($/kg),4.0999999999999996
2012-08,Chicken **,($/kg),2.09
2012-08,Lamb **,($/kg),7.95
2012-08,"Shrimps, Mexican",($/kg),11.76
2012-08,"Sugar, EU",($/kg),0.41
2012-08,"Sugar, US",($/kg),0.63
2012-08,"Sugar, world",($/kg),0.46
2012-08,"Tobacco, US import u.v.",($/mt),4208
2012-08,"Logs, Cameroon",($/cubic meter),431
2012-08,"Logs, Malaysian",($/cubic meter),354.7
2012-08,"Sawnwood, Cameroon",($/cubic meter),749.6
2012-08,"Sawnwood, Malaysian",($/cubic meter),856.7
2012-08,Plywood,(cents/sheet),606.70000000000005
2012-08,"Cotton, A Index",($/kg),1.86
2012-08,"Rubber, TSR20 **",($/kg),2.6
2012-08,"Rubber, RSS3",($/kg),2.79
2012-08,Phosphate rock,($/mt),182.5
2012-08,DAP,($/mt),504.5
2012-08,TSP,($/mt),485
2012-08,Urea,($/mt),382.5
2012-08,Potassium chloride **,($/mt),477.5
2012-08,Aluminum,($/mt),1845
2012-08,"Iron ore, cfr spot",($/dmtu),107.5
2012-08,Copper,($/mt),7516
2012-08,Lead,($/mt),1901
2012-08,Tin,($/mt),18773
2012-08,Nickel,($/mt),15735
2012-08,Zinc,($/mt),1818
2012-08,Gold,($/troy oz),1630
2012-08,Platinum,($/troy oz),1453
2012-08,Silver,($/troy oz),28.8
2012-09,"Crude oil, average",($/bbl),106.3
2012-09,"Crude oil, Brent",($/bbl),113.4
2012-09,"Crude oil, Dubai",($/bbl),111
2012-09,"Crude oil, WTI",($/bbl),94.5
2012-09,"Coal, Australian",($/mt),89
2012-09,"Coal, South African **",($/mt),85.8
2012-09,"Natural gas, US",($/mmbtu),2.84
2012-09,"Natural gas, Europe",($/mmbtu),11.08
2012-09,"Liquefied natural gas, Japan",($/mmbtu),16.829999999999998
2012-09,Natural gas index,(2010=100),98.6
2012-09,Cocoa,($/kg),2.62
2012-09,"Coffee, Arabica",($/kg),3.95
2012-09,"Coffee, Robusta",($/kg),2.31
2012-09,"Tea, avg 3 auctions",($/kg),3.1
2012-09,"Tea, Colombo",($/kg),3.19
2012-09,"Tea, Kolkata",($/kg),3.09
2012-09,"Tea, Mombasa",($/kg),3.04
2012-09,Coconut oil,($/mt),967
2012-09,Groundnuts,($/mt),2400
2012-09,Fish meal,($/mt),1354
2012-09,Groundnut oil **,($/mt),2469
2012-09,Palm oil,($/mt),1001
2012-09,Palm kernel oil,($/mt),980
2012-09,Soybeans,($/mt),677
2012-09,Soybean oil,($/mt),1281
2012-09,Soybean meal,($/mt),647
2012-09,Rapeseed oil,($/mt),1269
2012-09,Sunflower oil,($/mt),1572
2012-09,Barley,($/mt),256.2
2012-09,Maize,($/mt),320.8
2012-09,Sorghum,($/mt),278.2
2012-09,"Rice, Thai 5%",($/mt),563.29999999999995
2012-09,"Rice, Thai 25%",($/mt),543.79999999999995
2012-09,"Rice, Thai A.1",($/mt),512
2012-09,"Rice, Viet Namese 5%",($/mt),455.2
2012-09,"Wheat, US SRW",($/mt),343.6
2012-09,"Wheat, US HRW",($/mt),353.4
2012-09,"Banana, Europe",($/kg),1.1100000000000001
2012-09,"Banana, US",($/kg),0.96
2012-09,Orange,($/kg),1
2012-09,Beef **,($/kg),4.0599999999999996
2012-09,Chicken **,($/kg),2.11
2012-09,Lamb **,($/kg),7.14
2012-09,"Shrimps, Mexican",($/kg),11.37
2012-09,"Sugar, EU",($/kg),0.42
2012-09,"Sugar, US",($/kg),0.57999999999999996
2012-09,"Sugar, world",($/kg),0.44
2012-09,"Tobacco, US import u.v.",($/mt),4191
2012-09,"Logs, Cameroon",($/cubic meter),447.4
2012-09,"Logs, Malaysian",($/cubic meter),353.3
2012-09,"Sawnwood, Cameroon",($/cubic meter),768.5
2012-09,"Sawnwood, Malaysian",($/cubic meter),878.2
2012-09,Plywood,(cents/sheet),608.1
2012-09,"Cotton, A Index",($/kg),1.86
2012-09,"Rubber, TSR20 **",($/kg),2.76
2012-09,"Rubber, RSS3",($/kg),3.04
2012-09,Phosphate rock,($/mt),182.5
2012-09,DAP,($/mt),527.4
2012-09,TSP,($/mt),485
2012-09,Urea,($/mt),384.4
2012-09,Potassium chloride **,($/mt),477.5
2012-09,Aluminum,($/mt),2064
2012-09,"Iron ore, cfr spot",($/dmtu),99.5
2012-09,Copper,($/mt),8088
2012-09,Lead,($/mt),2178
2012-09,Tin,($/mt),20771
2012-09,Nickel,($/mt),17288
2012-09,Zinc,($/mt),2010
2012-09,Gold,($/troy oz),1745
2012-09,Platinum,($/troy oz),1624
2012-09,Silver,($/troy oz),33.6
2012-10,"Crude oil, average",($/bbl),103.4
2012-10,"Crude oil, Brent",($/bbl),112
2012-10,"Crude oil, Dubai",($/bbl),108.7
2012-10,"Crude oil, WTI",($/bbl),89.5
2012-10,"Coal, Australian",($/mt),81.900000000000006
2012-10,"Coal, South African **",($/mt),82.8
2012-10,"Natural gas, US",($/mmbtu),3.32
2012-10,"Natural gas, Europe",($/mmbtu),11.58
2012-10,"Liquefied natural gas, Japan",($/mmbtu),15.3
2012-10,Natural gas index,(2010=100),105.7
2012-10,Cocoa,($/kg),2.46
2012-10,"Coffee, Arabica",($/kg),3.82
2012-10,"Coffee, Robusta",($/kg),2.2999999999999998
2012-10,"Tea, avg 3 auctions",($/kg),3.01
2012-10,"Tea, Colombo",($/kg),3.16
2012-10,"Tea, Kolkata",($/kg),2.99
2012-10,"Tea, Mombasa",($/kg),2.88
2012-10,Coconut oil,($/mt),898
2012-10,Groundnuts,($/mt),2400
2012-10,Fish meal,($/mt),1360
2012-10,Groundnut oil **,($/mt),2469
2012-10,Palm oil,($/mt),886
2012-10,Palm kernel oil,($/mt),863
2012-10,Soybeans,($/mt),626
2012-10,Soybean oil,($/mt),1178
2012-10,Soybean meal,($/mt),595
2012-10,Rapeseed oil,($/mt),1214
2012-10,Sunflower oil,($/mt),1303
2012-10,Barley,($/mt),252.9
2012-10,Maize,($/mt),321.2
2012-10,Sorghum,($/mt),283.10000000000002
2012-10,"Rice, Thai 5%",($/mt),558.29999999999995
2012-10,"Rice, Thai 25%",($/mt),532.5
2012-10,"Rice, Thai A.1",($/mt),520.29999999999995
2012-10,"Rice, Viet Namese 5%",($/mt),453.7
2012-10,"Wheat, US SRW",($/mt),340.2
2012-10,"Wheat, US HRW",($/mt),358.2
2012-10,"Banana, Europe",($/kg),1.1200000000000001
2012-10,"Banana, US",($/kg),0.96
2012-10,Orange,($/kg),0.98
2012-10,Beef **,($/kg),4.07
2012-10,Chicken **,($/kg),2.11
2012-10,Lamb **,($/kg),7.11
2012-10,"Shrimps, Mexican",($/kg),10.93
2012-10,"Sugar, EU",($/kg),0.42
2012-10,"Sugar, US",($/kg),0.53
2012-10,"Sugar, world",($/kg),0.45
2012-10,"Tobacco, US import u.v.",($/mt),4224
2012-10,"Logs, Cameroon",($/cubic meter),450.7
2012-10,"Logs, Malaysian",($/cubic meter),350.2
2012-10,"Sawnwood, Cameroon",($/cubic meter),766.5
2012-10,"Sawnwood, Malaysian",($/cubic meter),873.4
2012-10,Plywood,(cents/sheet),610.20000000000005
2012-10,"Cotton, A Index",($/kg),1.81
2012-10,"Rubber, TSR20 **",($/kg),2.95
2012-10,"Rubber, RSS3",($/kg),3.2
2012-10,Phosphate rock,($/mt),182.5
2012-10,DAP,($/mt),533.5
2012-10,TSP,($/mt),474
2012-10,Urea,($/mt),349
2012-10,Potassium chloride **,($/mt),477.5
2012-10,Aluminum,($/mt),1974
2012-10,"Iron ore, cfr spot",($/dmtu),114
2012-10,Copper,($/mt),8062
2012-10,Lead,($/mt),2142
2012-10,Tin,($/mt),21234
2012-10,Nickel,($/mt),17169
2012-10,Zinc,($/mt),1904
2012-10,Gold,($/troy oz),1747
2012-10,Platinum,($/troy oz),1636
2012-10,Silver,($/troy oz),33.200000000000003
2012-11,"Crude oil, average",($/bbl),101.2
2012-11,"Crude oil, Brent",($/bbl),109.7
2012-11,"Crude oil, Dubai",($/bbl),107.1
2012-11,"Crude oil, WTI",($/bbl),86.7
2012-11,"Coal, Australian",($/mt),85.9
2012-11,"Coal, South African **",($/mt),85.7
2012-11,"Natural gas, US",($/mmbtu),3.54
2012-11,"Natural gas, Europe",($/mmbtu),11.83
2012-11,"Liquefied natural gas, Japan",($/mmbtu),15
2012-11,Natural gas index,(2010=100),109.4
2012-11,Cocoa,($/kg),2.48
2012-11,"Coffee, Arabica",($/kg),3.53
2012-11,"Coffee, Robusta",($/kg),2.15
2012-11,"Tea, avg 3 auctions",($/kg),3.02
2012-11,"Tea, Colombo",($/kg),3.12
2012-11,"Tea, Kolkata",($/kg),2.89
2012-11,"Tea, Mombasa",($/kg),3.04
2012-11,Coconut oil,($/mt),848
2012-11,Groundnuts,($/mt),2400
2012-11,Fish meal,($/mt),1339
2012-11,Groundnut oil **,($/mt),2469
2012-11,Palm oil,($/mt),863
2012-11,Palm kernel oil,($/mt),807
2012-11,Soybeans,($/mt),585
2012-11,Soybean oil,($/mt),1138
2012-11,Soybean meal,($/mt),568
2012-11,Rapeseed oil,($/mt),1185
2012-11,Sunflower oil,($/mt),1285
2012-11,Barley,($/mt),252.1
2012-11,Maize,($/mt),321.60000000000002
2012-11,Sorghum,($/mt),289
2012-11,"Rice, Thai 5%",($/mt),559.29999999999995
2012-11,"Rice, Thai 25%",($/mt),530
2012-11,"Rice, Thai A.1",($/mt),523
2012-11,"Rice, Viet Namese 5%",($/mt),448.3
2012-11,"Wheat, US SRW",($/mt),346.5
2012-11,"Wheat, US HRW",($/mt),360.8
2012-11,"Banana, Europe",($/kg),1.07
2012-11,"Banana, US",($/kg),0.93
2012-11,Orange,($/kg),0.85
2012-11,Beef **,($/kg),4.29
2012-11,Chicken **,($/kg),2.13
2012-11,Lamb **,($/kg),7.16
2012-11,"Shrimps, Mexican",($/kg),10.96
2012-11,"Sugar, EU",($/kg),0.42
2012-11,"Sugar, US",($/kg),0.5
2012-11,"Sugar, world",($/kg),0.43
2012-11,"Tobacco, US import u.v.",($/mt),4269
2012-11,"Logs, Cameroon",($/cubic meter),449.3
2012-11,"Logs, Malaysian",($/cubic meter),353
2012-11,"Sawnwood, Cameroon",($/cubic meter),761.3
2012-11,"Sawnwood, Malaysian",($/cubic meter),870
2012-11,Plywood,(cents/sheet),611.5
2012-11,"Cotton, A Index",($/kg),1.78
2012-11,"Rubber, TSR20 **",($/kg),2.8
2012-11,"Rubber, RSS3",($/kg),2.97
2012-11,Phosphate rock,($/mt),182.5
2012-11,DAP,($/mt),487.9
2012-11,TSP,($/mt),447.5
2012-11,Urea,($/mt),383.5
2012-11,Potassium chloride **,($/mt),477.5
2012-11,Aluminum,($/mt),1949
2012-11,"Iron ore, cfr spot",($/dmtu),120.4
2012-11,Copper,($/mt),7711
2012-11,Lead,($/mt),2182
2012-11,Tin,($/mt),20713
2012-11,Nickel,($/mt),16335
2012-11,Zinc,($/mt),1912
2012-11,Gold,($/troy oz),1722
2012-11,Platinum,($/troy oz),1576
2012-11,Silver,($/troy oz),32.799999999999997
2012-12,"Crude oil, average",($/bbl),101.2
2012-12,"Crude oil, Brent",($/bbl),109.7
2012-12,"Crude oil, Dubai",($/bbl),105.7
2012-12,"Crude oil, WTI",($/bbl),88.2
2012-12,"Coal, Australian",($/mt),92.9
2012-12,"Coal, South African **",($/mt),88.8
2012-12,"Natural gas, US",($/mmbtu),3.34
2012-12,"Natural gas, Europe",($/mmbtu),11.79
2012-12,"Liquefied natural gas, Japan",($/mmbtu),15.41
2012-12,Natural gas index,(2010=100),107
2012-12,Cocoa,($/kg),2.41
2012-12,"Coffee, Arabica",($/kg),3.37
2012-12,"Coffee, Robusta",($/kg),2.13
2012-12,"Tea, avg 3 auctions",($/kg),3.08
2012-12,"Tea, Colombo",($/kg),3.31
2012-12,"Tea, Kolkata",($/kg),2.86
2012-12,"Tea, Mombasa",($/kg),3.08
2012-12,Coconut oil,($/mt),785
2012-12,Groundnuts,($/mt),2400
2012-12,Fish meal,($/mt),1303
2012-12,Groundnut oil **,($/mt),2502
2012-12,Palm oil,($/mt),844
2012-12,Palm kernel oil,($/mt),754
2012-12,Soybeans,($/mt),591
2012-12,Soybean oil,($/mt),1159
2012-12,Soybean meal,($/mt),577
2012-12,Rapeseed oil,($/mt),1188
2012-12,Sunflower oil,($/mt),1272
2012-12,Barley,($/mt),242.9
2012-12,Maize,($/mt),308.60000000000002
2012-12,Sorghum,($/mt),284
2012-12,"Rice, Thai 5%",($/mt),557.79999999999995
2012-12,"Rice, Thai 25%",($/mt),530
2012-12,"Rice, Thai A.1",($/mt),520.4
2012-12,"Rice, Viet Namese 5%",($/mt),413.8
2012-12,"Wheat, US SRW",($/mt),325.2
2012-12,"Wheat, US HRW",($/mt),348
2012-12,"Banana, Europe",($/kg),1.1200000000000001
2012-12,"Banana, US",($/kg),0.94
2012-12,Orange,($/kg),0.76
2012-12,Beef **,($/kg),4.37
2012-12,Chicken **,($/kg),2.15
2012-12,Lamb **,($/kg),7.22
2012-12,"Shrimps, Mexican",($/kg),11.07
2012-12,"Sugar, EU",($/kg),0.43
2012-12,"Sugar, US",($/kg),0.49
2012-12,"Sugar, world",($/kg),0.43
2012-12,"Tobacco, US import u.v.",($/mt),4341
2012-12,"Logs, Cameroon",($/cubic meter),459.4
2012-12,"Logs, Malaysian",($/cubic meter),354.8
2012-12,"Sawnwood, Cameroon",($/cubic meter),770
2012-12,"Sawnwood, Malaysian",($/cubic meter),879.9
2012-12,Plywood,(cents/sheet),612.9
2012-12,"Cotton, A Index",($/kg),1.84
2012-12,"Rubber, TSR20 **",($/kg),2.9
2012-12,"Rubber, RSS3",($/kg),3.11
2012-12,Phosphate rock,($/mt),182.5
2012-12,DAP,($/mt),472.8
2012-12,TSP,($/mt),435
2012-12,Urea,($/mt),375.8
2012-12,Potassium chloride **,($/mt),477.5
2012-12,Aluminum,($/mt),2087
2012-12,"Iron ore, cfr spot",($/dmtu),128.5
2012-12,Copper,($/mt),7966
2012-12,Lead,($/mt),2280
2012-12,Tin,($/mt),22881
2012-12,Nickel,($/mt),17449
2012-12,Zinc,($/mt),2040
2012-12,Gold,($/troy oz),1685
2012-12,Platinum,($/troy oz),1582
2012-12,Silver,($/troy oz),31.9
2013-01,"Crude oil, average",($/bbl),105.1
2013-01,"Crude oil, Brent",($/bbl),113
2013-01,"Crude oil, Dubai",($/bbl),107.6
2013-01,"Crude oil, WTI",($/bbl),94.7
2013-01,"Coal, Australian",($/mt),92.8
2013-01,"Coal, South African **",($/mt),86.1
2013-01,"Natural gas, US",($/mmbtu),3.33
2013-01,"Natural gas, Europe",($/mmbtu),11.87
2013-01,"Liquefied natural gas, Japan",($/mmbtu),15.89
2013-01,Natural gas index,(2010=100),107.6
2013-01,Cocoa,($/kg),2.2799999999999998
2013-01,"Coffee, Arabica",($/kg),3.47
2013-01,"Coffee, Robusta",($/kg),2.2000000000000002
2013-01,"Tea, avg 3 auctions",($/kg),3
2013-01,"Tea, Colombo",($/kg),3.34
2013-01,"Tea, Kolkata",($/kg),2.62
2013-01,"Tea, Mombasa",($/kg),3.05
2013-01,Coconut oil,($/mt),829
2013-01,Groundnuts,($/mt),2400
2013-01,Fish meal,($/mt),1926
2013-01,Groundnut oil **,($/mt),2271
2013-01,Palm oil,($/mt),885
2013-01,Palm kernel oil,($/mt),801
2013-01,Soybeans,($/mt),595
2013-01,Soybean oil,($/mt),1192
2013-01,Soybean meal,($/mt),526
2013-01,Rapeseed oil,($/mt),1211
2013-01,Sunflower oil,($/mt),1298
2013-01,Barley,($/mt),233.3
2013-01,Maize,($/mt),303.10000000000002
2013-01,Sorghum,($/mt),291
2013-01,"Rice, Thai 5%",($/mt),564.20000000000005
2013-01,"Rice, Thai 25%",($/mt),540
2013-01,"Rice, Thai A.1",($/mt),530
2013-01,"Rice, Viet Namese 5%",($/mt),401.2
2013-01,"Wheat, US SRW",($/mt),309
2013-01,"Wheat, US HRW",($/mt),335.5
2013-01,"Banana, Europe",($/kg),1.1000000000000001
2013-01,"Banana, US",($/kg),0.93
2013-01,Orange,($/kg),0.75
2013-01,Beef **,($/kg),4.3600000000000003
2013-01,Chicken **,($/kg),2.2200000000000002
2013-01,Lamb **,($/kg),7.02
2013-01,"Shrimps, Mexican",($/kg),11.24
2013-01,"Sugar, EU",($/kg),0.43
2013-01,"Sugar, US",($/kg),0.48
2013-01,"Sugar, world",($/kg),0.42
2013-01,"Tobacco, US import u.v.",($/mt),4417
2013-01,"Logs, Cameroon",($/cubic meter),465.6
2013-01,"Logs, Malaysian",($/cubic meter),334.1
2013-01,"Sawnwood, Cameroon",($/cubic meter),761.8
2013-01,"Sawnwood, Malaysian",($/cubic meter),870.6
2013-01,Plywood,(cents/sheet),612.9
2013-01,"Cotton, A Index",($/kg),1.89
2013-01,"Rubber, TSR20 **",($/kg),3.04
2013-01,"Rubber, RSS3",($/kg),3.3
2013-01,Phosphate rock,($/mt),182.5
2013-01,DAP,($/mt),462.3
2013-01,TSP,($/mt),428
2013-01,Urea,($/mt),380
2013-01,Potassium chloride **,($/mt),395
2013-01,Aluminum,($/mt),2038
2013-01,"Iron ore, cfr spot",($/dmtu),150.5
2013-01,Copper,($/mt),8047
2013-01,Lead,($/mt),2334
2013-01,Tin,($/mt),24546
2013-01,Nickel,($/mt),17473
2013-01,Zinc,($/mt),2032
2013-01,Gold,($/troy oz),1672
2013-01,Platinum,($/troy oz),1639
2013-01,Silver,($/troy oz),31.1
2013-02,"Crude oil, average",($/bbl),107.6
2013-02,"Crude oil, Brent",($/bbl),116.5
2013-02,"Crude oil, Dubai",($/bbl),111.1
2013-02,"Crude oil, WTI",($/bbl),95.3
2013-02,"Coal, Australian",($/mt),94.9
2013-02,"Coal, South African **",($/mt),85.1
2013-02,"Natural gas, US",($/mmbtu),3.33
2013-02,"Natural gas, Europe",($/mmbtu),11.77
2013-02,"Liquefied natural gas, Japan",($/mmbtu),16.47
2013-02,Natural gas index,(2010=100),107.5
2013-02,Cocoa,($/kg),2.2000000000000002
2013-02,"Coffee, Arabica",($/kg),3.3
2013-02,"Coffee, Robusta",($/kg),2.29
2013-02,"Tea, avg 3 auctions",($/kg),2.93
2013-02,"Tea, Colombo",($/kg),3.33
2013-02,"Tea, Kolkata",($/kg),2.5299999999999998
2013-02,"Tea, Mombasa",($/kg),2.91
2013-02,Coconut oil,($/mt),853
2013-02,Groundnuts,($/mt),1635
2013-02,Fish meal,($/mt),1901
2013-02,Groundnut oil **,($/mt),1822
2013-02,Palm oil,($/mt),920
2013-02,Palm kernel oil,($/mt),836
2013-02,Soybeans,($/mt),611
2013-02,Soybean oil,($/mt),1173
2013-02,Soybean meal,($/mt),519
2013-02,Rapeseed oil,($/mt),1217
2013-02,Sunflower oil,($/mt),1286
2013-02,Barley,($/mt),237
2013-02,Maize,($/mt),302.7
2013-02,Sorghum,($/mt),288.10000000000002
2013-02,"Rice, Thai 5%",($/mt),563
2013-02,"Rice, Thai 25%",($/mt),538.79999999999995
2013-02,"Rice, Thai A.1",($/mt),535
2013-02,"Rice, Viet Namese 5%",($/mt),401.6
2013-02,"Wheat, US SRW",($/mt),298
2013-02,"Wheat, US HRW",($/mt),318.89999999999998
2013-02,"Banana, Europe",($/kg),1.1100000000000001
2013-02,"Banana, US",($/kg),0.92
2013-02,Orange,($/kg),0.82
2013-02,Beef **,($/kg),4.3499999999999996
2013-02,Chicken **,($/kg),2.19
2013-02,Lamb **,($/kg),7
2013-02,"Shrimps, Mexican",($/kg),11.57
2013-02,"Sugar, EU",($/kg),0.44
2013-02,"Sugar, US",($/kg),0.46
2013-02,"Sugar, world",($/kg),0.4
2013-02,"Tobacco, US import u.v.",($/mt),4391
2013-02,"Logs, Cameroon",($/cubic meter),466.9
2013-02,"Logs, Malaysian",($/cubic meter),319.7
2013-02,"Sawnwood, Cameroon",($/cubic meter),737.6
2013-02,"Sawnwood, Malaysian",($/cubic meter),842.9
2013-02,Plywood,(cents/sheet),586.4
2013-02,"Cotton, A Index",($/kg),1.98
2013-02,"Rubber, TSR20 **",($/kg),3.04
2013-02,"Rubber, RSS3",($/kg),3.19
2013-02,Phosphate rock,($/mt),182.5
2013-02,DAP,($/mt),464.5
2013-02,TSP,($/mt),419
2013-02,Urea,($/mt),415.6
2013-02,Potassium chloride **,($/mt),395
2013-02,Aluminum,($/mt),2054
2013-02,"Iron ore, cfr spot",($/dmtu),154.6
2013-02,Copper,($/mt),8061
2013-02,Lead,($/mt),2366
2013-02,Tin,($/mt),24212
2013-02,Nickel,($/mt),17690
2013-02,Zinc,($/mt),2129
2013-02,Gold,($/troy oz),1628
2013-02,Platinum,($/troy oz),1675
2013-02,Silver,($/troy oz),30.3
2013-03,"Crude oil, average",($/bbl),102.5
2013-03,"Crude oil, Brent",($/bbl),109.2
2013-03,"Crude oil, Dubai",($/bbl),105.4
2013-03,"Crude oil, WTI",($/bbl),92.9
2013-03,"Coal, Australian",($/mt),91
2013-03,"Coal, South African **",($/mt),82.8
2013-03,"Natural gas, US",($/mmbtu),3.81
2013-03,"Natural gas, Europe",($/mmbtu),11.87
2013-03,"Liquefied natural gas, Japan",($/mmbtu),16.27
2013-03,Natural gas index,(2010=100),113.7
2013-03,Cocoa,($/kg),2.15
2013-03,"Coffee, Arabica",($/kg),3.3
2013-03,"Coffee, Robusta",($/kg),2.34
2013-03,"Tea, avg 3 auctions",($/kg),2.9
2013-03,"Tea, Colombo",($/kg),3.48
2013-03,"Tea, Kolkata",($/kg),2.5499999999999998
2013-03,"Tea, Mombasa",($/kg),2.66
2013-03,Coconut oil,($/mt),819
2013-03,Groundnuts,($/mt),1500
2013-03,Fish meal,($/mt),1801
2013-03,Groundnut oil **,($/mt),1764
2013-03,Palm oil,($/mt),892
2013-03,Palm kernel oil,($/mt),833
2013-03,Soybeans,($/mt),585
2013-03,Soybean oil,($/mt),1117
2013-03,Soybean meal,($/mt),514
2013-03,Rapeseed oil,($/mt),1162
2013-03,Sunflower oil,($/mt),1250
2013-03,Barley,($/mt),239.8
2013-03,Maize,($/mt),309
2013-03,Sorghum,($/mt),296.7
2013-03,"Rice, Thai 5%",($/mt),559
2013-03,"Rice, Thai 25%",($/mt),535
2013-03,"Rice, Thai A.1",($/mt),532.5
2013-03,"Rice, Viet Namese 5%",($/mt),401.6
2013-03,"Wheat, US SRW",($/mt),285.89999999999998
2013-03,"Wheat, US HRW",($/mt),309.7
2013-03,"Banana, Europe",($/kg),1.08
2013-03,"Banana, US",($/kg),0.94
2013-03,Orange,($/kg),0.91
2013-03,Beef **,($/kg),4.29
2013-03,Chicken **,($/kg),2.31
2013-03,Lamb **,($/kg),7
2013-03,"Shrimps, Mexican",($/kg),11.9
2013-03,"Sugar, EU",($/kg),0.42
2013-03,"Sugar, US",($/kg),0.46
2013-03,"Sugar, world",($/kg),0.41
2013-03,"Tobacco, US import u.v.",($/mt),4377
2013-03,"Logs, Cameroon",($/cubic meter),436.2
2013-03,"Logs, Malaysian",($/cubic meter),313.8
2013-03,"Sawnwood, Cameroon",($/cubic meter),722.7
2013-03,"Sawnwood, Malaysian",($/cubic meter),822
2013-03,Plywood,(cents/sheet),575.6
2013-03,"Cotton, A Index",($/kg),2.08
2013-03,"Rubber, TSR20 **",($/kg),2.8
2013-03,"Rubber, RSS3",($/kg),2.98
2013-03,Phosphate rock,($/mt),160
2013-03,DAP,($/mt),467.6
2013-03,TSP,($/mt),415
2013-03,Urea,($/mt),395.6
2013-03,Potassium chloride **,($/mt),395
2013-03,Aluminum,($/mt),1910
2013-03,"Iron ore, cfr spot",($/dmtu),139.9
2013-03,Copper,($/mt),7646
2013-03,Lead,($/mt),2169
2013-03,Tin,($/mt),23297
2013-03,Nickel,($/mt),16725
2013-03,Zinc,($/mt),1926
2013-03,Gold,($/troy oz),1593
2013-03,Platinum,($/troy oz),1583
2013-03,Silver,($/troy oz),28.8
2013-04,"Crude oil, average",($/bbl),98.9
2013-04,"Crude oil, Brent",($/bbl),102.9
2013-04,"Crude oil, Dubai",($/bbl),101.7
2013-04,"Crude oil, WTI",($/bbl),92
2013-04,"Coal, Australian",($/mt),87.8
2013-04,"Coal, South African **",($/mt),82
2013-04,"Natural gas, US",($/mmbtu),4.17
2013-04,"Natural gas, Europe",($/mmbtu),12.88
2013-04,"Liquefied natural gas, Japan",($/mmbtu),16.2
2013-04,Natural gas index,(2010=100),122.8
2013-04,Cocoa,($/kg),2.29
2013-04,"Coffee, Arabica",($/kg),3.3
2013-04,"Coffee, Robusta",($/kg),2.2400000000000002
2013-04,"Tea, avg 3 auctions",($/kg),2.89
2013-04,"Tea, Colombo",($/kg),3.39
2013-04,"Tea, Kolkata",($/kg),2.91
2013-04,"Tea, Mombasa",($/kg),2.37
2013-04,Coconut oil,($/mt),791
2013-04,Groundnuts,($/mt),1500
2013-04,Fish meal,($/mt),1851
2013-04,Groundnut oil **,($/mt),1764
2013-04,Palm oil,($/mt),874
2013-04,Palm kernel oil,($/mt),831
2013-04,Soybeans,($/mt),564
2013-04,Soybean oil,($/mt),1095
2013-04,Soybean meal,($/mt),496
2013-04,Rapeseed oil,($/mt),1132
2013-04,Sunflower oil,($/mt),1221
2013-04,Barley,($/mt),229.6
2013-04,Maize,($/mt),279.89999999999998
2013-04,Sorghum,($/mt),269.2
2013-04,"Rice, Thai 5%",($/mt),557
2013-04,"Rice, Thai 25%",($/mt),535.6
2013-04,"Rice, Thai A.1",($/mt),530.6
2013-04,"Rice, Viet Namese 5%",($/mt),390.8
2013-04,"Wheat, US SRW",($/mt),278.10000000000002
2013-04,"Wheat, US HRW",($/mt),308.3
2013-04,"Banana, Europe",($/kg),1.1000000000000001
2013-04,"Banana, US",($/kg),0.9
2013-04,Orange,($/kg),0.98
2013-04,Beef **,($/kg),4.2699999999999996
2013-04,Chicken **,($/kg),2.29
2013-04,Lamb **,($/kg),7
2013-04,"Shrimps, Mexican",($/kg),12.37
2013-04,"Sugar, EU",($/kg),0.43
2013-04,"Sugar, US",($/kg),0.45
2013-04,"Sugar, world",($/kg),0.39
2013-04,"Tobacco, US import u.v.",($/mt),4367
2013-04,"Logs, Cameroon",($/cubic meter),455.9
2013-04,"Logs, Malaysian",($/cubic meter),304.5
2013-04,"Sawnwood, Cameroon",($/cubic meter),733.6
2013-04,"Sawnwood, Malaysian",($/cubic meter),834.4
2013-04,Plywood,(cents/sheet),558.6
2013-04,"Cotton, A Index",($/kg),2.0299999999999998
2013-04,"Rubber, TSR20 **",($/kg),2.5
2013-04,"Rubber, RSS3",($/kg),2.87
2013-04,Phosphate rock,($/mt),111.5
2013-04,DAP,($/mt),461.1
2013-04,TSP,($/mt),409
2013-04,Urea,($/mt),365.6
2013-04,Potassium chloride **,($/mt),395
2013-04,Aluminum,($/mt),1862
2013-04,"Iron ore, cfr spot",($/dmtu),137.4
2013-04,Copper,($/mt),7234
2013-04,Lead,($/mt),2027
2013-04,Tin,($/mt),21662
2013-04,Nickel,($/mt),15673
2013-04,Zinc,($/mt),1856
2013-04,Gold,($/troy oz),1488
2013-04,Platinum,($/troy oz),1493
2013-04,Silver,($/troy oz),25.4
2013-05,"Crude oil, average",($/bbl),99.4
2013-05,"Crude oil, Brent",($/bbl),103
2013-05,"Crude oil, Dubai",($/bbl),100.3
2013-05,"Crude oil, WTI",($/bbl),94.8
2013-05,"Coal, Australian",($/mt),87.7
2013-05,"Coal, South African **",($/mt),81.8
2013-05,"Natural gas, US",($/mmbtu),4.04
2013-05,"Natural gas, Europe",($/mmbtu),12.29
2013-05,"Liquefied natural gas, Japan",($/mmbtu),16.22
2013-05,Natural gas index,(2010=100),118.5
2013-05,Cocoa,($/kg),2.34
2013-05,"Coffee, Arabica",($/kg),3.24
2013-05,"Coffee, Robusta",($/kg),2.19
2013-05,"Tea, avg 3 auctions",($/kg),2.95
2013-05,"Tea, Colombo",($/kg),3.29
2013-05,"Tea, Kolkata",($/kg),3.18
2013-05,"Tea, Mombasa",($/kg),2.39
2013-05,Coconut oil,($/mt),823
2013-05,Groundnuts,($/mt),1500
2013-05,Fish meal,($/mt),1823
2013-05,Groundnut oil **,($/mt),1781
2013-05,Palm oil,($/mt),879
2013-05,Palm kernel oil,($/mt),828
2013-05,Soybeans,($/mt),498
2013-05,Soybean oil,($/mt),1073
2013-05,Soybean meal,($/mt),515
2013-05,Rapeseed oil,($/mt),1117
2013-05,Sunflower oil,($/mt),1228
2013-05,Barley,($/mt),231.5
2013-05,Maize,($/mt),295.5
2013-05,Sorghum,($/mt),273.60000000000002
2013-05,"Rice, Thai 5%",($/mt),543.5
2013-05,"Rice, Thai 25%",($/mt),508.8
2013-05,"Rice, Thai A.1",($/mt),510.8
2013-05,"Rice, Viet Namese 5%",($/mt),386.8
2013-05,"Wheat, US SRW",($/mt),279.3
2013-05,"Wheat, US HRW",($/mt),319.7
2013-05,"Banana, Europe",($/kg),1.05
2013-05,"Banana, US",($/kg),0.91
2013-05,Orange,($/kg),1.06
2013-05,Beef **,($/kg),4.0999999999999996
2013-05,Chicken **,($/kg),2.38
2013-05,Lamb **,($/kg),6.99
2013-05,"Shrimps, Mexican",($/kg),12.8
2013-05,"Sugar, EU",($/kg),0.42
2013-05,"Sugar, US",($/kg),0.43
2013-05,"Sugar, world",($/kg),0.39
2013-05,"Tobacco, US import u.v.",($/mt),4343
2013-05,"Logs, Cameroon",($/cubic meter),454.2
2013-05,"Logs, Malaysian",($/cubic meter),294.8
2013-05,"Sawnwood, Cameroon",($/cubic meter),732.5
2013-05,"Sawnwood, Malaysian",($/cubic meter),833.2
2013-05,Plywood,(cents/sheet),540.70000000000005
2013-05,"Cotton, A Index",($/kg),2.04
2013-05,"Rubber, TSR20 **",($/kg),2.5099999999999998
2013-05,"Rubber, RSS3",($/kg),3.04
2013-05,Phosphate rock,($/mt),157.5
2013-05,DAP,($/mt),421.3
2013-05,TSP,($/mt),410
2013-05,Urea,($/mt),358.1
2013-05,Potassium chloride **,($/mt),395
2013-05,Aluminum,($/mt),1832
2013-05,"Iron ore, cfr spot",($/dmtu),124
2013-05,Copper,($/mt),7249
2013-05,Lead,($/mt),2033
2013-05,Tin,($/mt),20776
2013-05,Nickel,($/mt),14948
2013-05,Zinc,($/mt),1832
2013-05,Gold,($/troy oz),1414
2013-05,Platinum,($/troy oz),1475
2013-05,Silver,($/troy oz),23
2013-06,"Crude oil, average",($/bbl),99.7
2013-06,"Crude oil, Brent",($/bbl),103.1
2013-06,"Crude oil, Dubai",($/bbl),100.3
2013-06,"Crude oil, WTI",($/bbl),95.8
2013-06,"Coal, Australian",($/mt),82.8
2013-06,"Coal, South African **",($/mt),77.3
2013-06,"Natural gas, US",($/mmbtu),3.83
2013-06,"Natural gas, Europe",($/mmbtu),11.92
2013-06,"Liquefied natural gas, Japan",($/mmbtu),16.61
2013-06,Natural gas index,(2010=100),114.4
2013-06,Cocoa,($/kg),2.2799999999999998
2013-06,"Coffee, Arabica",($/kg),3.05
2013-06,"Coffee, Robusta",($/kg),2
2013-06,"Tea, avg 3 auctions",($/kg),2.84
2013-06,"Tea, Colombo",($/kg),3.17
2013-06,"Tea, Kolkata",($/kg),3.03
2013-06,"Tea, Mombasa",($/kg),2.31
2013-06,Coconut oil,($/mt),891
2013-06,Groundnuts,($/mt),1500
2013-06,Fish meal,($/mt),1786
2013-06,Groundnut oil **,($/mt),1808
2013-06,Palm oil,($/mt),877
2013-06,Palm kernel oil,($/mt),854
2013-06,Soybeans,($/mt),525
2013-06,Soybean oil,($/mt),1038
2013-06,Soybean meal,($/mt),545
2013-06,Rapeseed oil,($/mt),1147
2013-06,Sunflower oil,($/mt),1245
2013-06,Barley,($/mt),229.6
2013-06,Maize,($/mt),298.39999999999998
2013-06,Sorghum,($/mt),236.8
2013-06,"Rice, Thai 5%",($/mt),524.29999999999995
2013-06,"Rice, Thai 25%",($/mt),483.8
2013-06,"Rice, Thai A.1",($/mt),492
2013-06,"Rice, Viet Namese 5%",($/mt),385.9
2013-06,"Wheat, US SRW",($/mt),268.2
2013-06,"Wheat, US HRW",($/mt),313.39999999999998
2013-06,"Banana, Europe",($/kg),1.06
2013-06,"Banana, US",($/kg),0.91
2013-06,Orange,($/kg),1.1599999999999999
2013-06,Beef **,($/kg),3.93
2013-06,Chicken **,($/kg),2.4
2013-06,Lamb **,($/kg),6.83
2013-06,"Shrimps, Mexican",($/kg),13.71
2013-06,"Sugar, EU",($/kg),0.43
2013-06,"Sugar, US",($/kg),0.42
2013-06,"Sugar, world",($/kg),0.38
2013-06,"Tobacco, US import u.v.",($/mt),4493
2013-06,"Logs, Cameroon",($/cubic meter),462
2013-06,"Logs, Malaysian",($/cubic meter),306
2013-06,"Sawnwood, Cameroon",($/cubic meter),742.6
2013-06,"Sawnwood, Malaysian",($/cubic meter),844.6
2013-06,Plywood,(cents/sheet),561.29999999999995
2013-06,"Cotton, A Index",($/kg),2.0499999999999998
2013-06,"Rubber, TSR20 **",($/kg),2.33
2013-06,"Rubber, RSS3",($/kg),2.81
2013-06,Phosphate rock,($/mt),125.6
2013-06,DAP,($/mt),424.1
2013-06,TSP,($/mt),410
2013-06,Urea,($/mt),329.4
2013-06,Potassium chloride **,($/mt),395
2013-06,Aluminum,($/mt),1815
2013-06,"Iron ore, cfr spot",($/dmtu),114.8
2013-06,Copper,($/mt),7000
2013-06,Lead,($/mt),2100
2013-06,Tin,($/mt),20267
2013-06,Nickel,($/mt),14280
2013-06,Zinc,($/mt),1839
2013-06,Gold,($/troy oz),1343
2013-06,Platinum,($/troy oz),1430
2013-06,Silver,($/troy oz),21.1
2013-07,"Crude oil, average",($/bbl),105.3
2013-07,"Crude oil, Brent",($/bbl),107.7
2013-07,"Crude oil, Dubai",($/bbl),103.4
2013-07,"Crude oil, WTI",($/bbl),104.7
2013-07,"Coal, Australian",($/mt),77.3
2013-07,"Coal, South African **",($/mt),72.599999999999994
2013-07,"Natural gas, US",($/mmbtu),3.62
2013-07,"Natural gas, Europe",($/mmbtu),11.6
2013-07,"Liquefied natural gas, Japan",($/mmbtu),16.170000000000002
2013-07,Natural gas index,(2010=100),110.1
2013-07,Cocoa,($/kg),2.31
2013-07,"Coffee, Arabica",($/kg),3.05
2013-07,"Coffee, Robusta",($/kg),2.1
2013-07,"Tea, avg 3 auctions",($/kg),2.83
2013-07,"Tea, Colombo",($/kg),3.17
2013-07,"Tea, Kolkata",($/kg),3.04
2013-07,"Tea, Mombasa",($/kg),2.2799999999999998
2013-07,Coconut oil,($/mt),860
2013-07,Groundnuts,($/mt),1433
2013-07,Fish meal,($/mt),1720
2013-07,Groundnut oil **,($/mt),1816
2013-07,Palm oil,($/mt),827
2013-07,Palm kernel oil,($/mt),836
2013-07,Soybeans,($/mt),511
2013-07,Soybean oil,($/mt),990
2013-07,Soybean meal,($/mt),569
2013-07,Rapeseed oil,($/mt),1009
2013-07,Sunflower oil,($/mt),1211
2013-07,Barley,($/mt),214
2013-07,Maize,($/mt),279.5
2013-07,Sorghum,($/mt),220
2013-07,"Rice, Thai 5%",($/mt),509
2013-07,"Rice, Thai 25%",($/mt),454
2013-07,"Rice, Thai A.1",($/mt),461.8
2013-07,"Rice, Viet Namese 5%",($/mt),387.7
2013-07,"Wheat, US SRW",($/mt),260.89999999999998
2013-07,"Wheat, US HRW",($/mt),304.60000000000002
2013-07,"Banana, Europe",($/kg),1
2013-07,"Banana, US",($/kg),0.92
2013-07,Orange,($/kg),1.1200000000000001
2013-07,Beef **,($/kg),3.94
2013-07,Chicken **,($/kg),2.2200000000000002
2013-07,Lamb **,($/kg),6.5
2013-07,"Shrimps, Mexican",($/kg),14.61
2013-07,"Sugar, EU",($/kg),0.43
2013-07,"Sugar, US",($/kg),0.42
2013-07,"Sugar, world",($/kg),0.37
2013-07,"Tobacco, US import u.v.",($/mt),4635
2013-07,"Logs, Cameroon",($/cubic meter),458.3
2013-07,"Logs, Malaysian",($/cubic meter),298.8
2013-07,"Sawnwood, Cameroon",($/cubic meter),727.7
2013-07,"Sawnwood, Malaysian",($/cubic meter),827.7
2013-07,Plywood,(cents/sheet),548
2013-07,"Cotton, A Index",($/kg),2.04
2013-07,"Rubber, TSR20 **",($/kg),2.2400000000000002
2013-07,"Rubber, RSS3",($/kg),2.56
2013-07,Phosphate rock,($/mt),115
2013-07,DAP,($/mt),409.6
2013-07,TSP,($/mt),410
2013-07,Urea,($/mt),312.5
2013-07,Potassium chloride **,($/mt),395
2013-07,Aluminum,($/mt),1770
2013-07,"Iron ore, cfr spot",($/dmtu),127.2
2013-07,Copper,($/mt),6907
2013-07,Lead,($/mt),2048
2013-07,Tin,($/mt),19564
2013-07,Nickel,($/mt),13750
2013-07,Zinc,($/mt),1838
2013-07,Gold,($/troy oz),1286
2013-07,Platinum,($/troy oz),1401
2013-07,Silver,($/troy oz),19.7
2013-08,"Crude oil, average",($/bbl),108.2
2013-08,"Crude oil, Brent",($/bbl),111
2013-08,"Crude oil, Dubai",($/bbl),107
2013-08,"Crude oil, WTI",($/bbl),106.5
2013-08,"Coal, Australian",($/mt),77
2013-08,"Coal, South African **",($/mt),72.900000000000006
2013-08,"Natural gas, US",($/mmbtu),3.43
2013-08,"Natural gas, Europe",($/mmbtu),11.64
2013-08,"Liquefied natural gas, Japan",($/mmbtu),15.6
2013-08,Natural gas index,(2010=100),107.5
2013-08,Cocoa,($/kg),2.48
2013-08,"Coffee, Arabica",($/kg),2.98
2013-08,"Coffee, Robusta",($/kg),2.0699999999999998
2013-08,"Tea, avg 3 auctions",($/kg),2.78
2013-08,"Tea, Colombo",($/kg),3.36
2013-08,"Tea, Kolkata",($/kg),2.71
2013-08,"Tea, Mombasa",($/kg),2.2799999999999998
2013-08,Coconut oil,($/mt),893
2013-08,Groundnuts,($/mt),1343
2013-08,Fish meal,($/mt),1714
2013-08,Groundnut oil **,($/mt),1808
2013-08,Palm oil,($/mt),819
2013-08,Palm kernel oil,($/mt),869
2013-08,Soybeans,($/mt),512
2013-08,Soybean oil,($/mt),995
2013-08,Soybean meal,($/mt),539
2013-08,Rapeseed oil,($/mt),994
2013-08,Sunflower oil,($/mt),1112
2013-08,Barley,($/mt),185.1
2013-08,Maize,($/mt),238.7
2013-08,Sorghum,($/mt),220.6
2013-08,"Rice, Thai 5%",($/mt),478.8
2013-08,"Rice, Thai 25%",($/mt),425
2013-08,"Rice, Thai A.1",($/mt),428.3
2013-08,"Rice, Viet Namese 5%",($/mt),399.4
2013-08,"Wheat, US SRW",($/mt),252.4
2013-08,"Wheat, US HRW",($/mt),305.3
2013-08,"Banana, Europe",($/kg),0.98
2013-08,"Banana, US",($/kg),0.94
2013-08,Orange,($/kg),1.19
2013-08,Beef **,($/kg),3.95
2013-08,Chicken **,($/kg),2.04
2013-08,Lamb **,($/kg),6.5
2013-08,"Shrimps, Mexican",($/kg),15.65
2013-08,"Sugar, EU",($/kg),0.43
2013-08,"Sugar, US",($/kg),0.45
2013-08,"Sugar, world",($/kg),0.38
2013-08,"Tobacco, US import u.v.",($/mt),4676
2013-08,"Logs, Cameroon",($/cubic meter),466.2
2013-08,"Logs, Malaysian",($/cubic meter),304.39999999999998
2013-08,"Sawnwood, Cameroon",($/cubic meter),742.9
2013-08,"Sawnwood, Malaysian",($/cubic meter),845
2013-08,Plywood,(cents/sheet),558.29999999999995
2013-08,"Cotton, A Index",($/kg),2.04
2013-08,"Rubber, TSR20 **",($/kg),2.38
2013-08,"Rubber, RSS3",($/kg),2.57
2013-08,Phosphate rock,($/mt),115
2013-08,DAP,($/mt),400.4
2013-08,TSP,($/mt),360
2013-08,Urea,($/mt),310.60000000000002
2013-08,Potassium chloride **,($/mt),395
2013-08,Aluminum,($/mt),1818
2013-08,"Iron ore, cfr spot",($/dmtu),137.1
2013-08,Copper,($/mt),7193
2013-08,Lead,($/mt),2174
2013-08,Tin,($/mt),21644
2013-08,Nickel,($/mt),14315
2013-08,Zinc,($/mt),1899
2013-08,Gold,($/troy oz),1352
2013-08,Platinum,($/troy oz),1496
2013-08,Silver,($/troy oz),21.9
2013-09,"Crude oil, average",($/bbl),108.8
2013-09,"Crude oil, Brent",($/bbl),111.6
2013-09,"Crude oil, Dubai",($/bbl),108.4
2013-09,"Crude oil, WTI",($/bbl),106.2
2013-09,"Coal, Australian",($/mt),77.599999999999994
2013-09,"Coal, South African **",($/mt),73.099999999999994
2013-09,"Natural gas, US",($/mmbtu),3.62
2013-09,"Natural gas, Europe",($/mmbtu),11.25
2013-09,"Liquefied natural gas, Japan",($/mmbtu),14.96
2013-09,Natural gas index,(2010=100),107.5
2013-09,Cocoa,($/kg),2.62
2013-09,"Coffee, Arabica",($/kg),2.92
2013-09,"Coffee, Robusta",($/kg),1.94
2013-09,"Tea, avg 3 auctions",($/kg),2.75
2013-09,"Tea, Colombo",($/kg),3.59
2013-09,"Tea, Kolkata",($/kg),2.5499999999999998
2013-09,"Tea, Mombasa",($/kg),2.12
2013-09,Coconut oil,($/mt),985
2013-09,Groundnuts,($/mt),1325
2013-09,Fish meal,($/mt),1669
2013-09,Groundnut oil **,($/mt),1798
2013-09,Palm oil,($/mt),826
2013-09,Palm kernel oil,($/mt),910
2013-09,Soybeans,($/mt),560
2013-09,Soybean oil,($/mt),1020
2013-09,Soybean meal,($/mt),577
2013-09,Rapeseed oil,($/mt),984
2013-09,Sunflower oil,($/mt),1006
2013-09,Barley,($/mt),159.80000000000001
2013-09,Maize,($/mt),207.4
2013-09,Sorghum,($/mt),216.9
2013-09,"Rice, Thai 5%",($/mt),444
2013-09,"Rice, Thai 25%",($/mt),428
2013-09,"Rice, Thai A.1",($/mt),431.5
2013-09,"Rice, Viet Namese 5%",($/mt),362
2013-09,"Wheat, US SRW",($/mt),259.8
2013-09,"Wheat, US HRW",($/mt),307.5
2013-09,"Banana, Europe",($/kg),0.97
2013-09,"Banana, US",($/kg),0.94
2013-09,Orange,($/kg),1.1200000000000001
2013-09,Beef **,($/kg),3.99
2013-09,Chicken **,($/kg),1.98
2013-09,Lamb **,($/kg),6.37
2013-09,"Shrimps, Mexican",($/kg),16.079999999999998
2013-09,"Sugar, EU",($/kg),0.44
2013-09,"Sugar, US",($/kg),0.46
2013-09,"Sugar, world",($/kg),0.38
2013-09,"Tobacco, US import u.v.",($/mt),4710
2013-09,"Logs, Cameroon",($/cubic meter),467.7
2013-09,"Logs, Malaysian",($/cubic meter),300.10000000000002
2013-09,"Sawnwood, Cameroon",($/cubic meter),760.6
2013-09,"Sawnwood, Malaysian",($/cubic meter),865.1
2013-09,Plywood,(cents/sheet),550.5
2013-09,"Cotton, A Index",($/kg),1.99
2013-09,"Rubber, TSR20 **",($/kg),2.42
2013-09,"Rubber, RSS3",($/kg),2.64
2013-09,Phosphate rock,($/mt),97.5
2013-09,DAP,($/mt),374.8
2013-09,TSP,($/mt),344
2013-09,Urea,($/mt),301
2013-09,Potassium chloride **,($/mt),395
2013-09,Aluminum,($/mt),1761
2013-09,"Iron ore, cfr spot",($/dmtu),134.19999999999999
2013-09,Copper,($/mt),7159
2013-09,Lead,($/mt),2085
2013-09,Tin,($/mt),22735
2013-09,Nickel,($/mt),13801
2013-09,Zinc,($/mt),1847
2013-09,Gold,($/troy oz),1349
2013-09,Platinum,($/troy oz),1457
2013-09,Silver,($/troy oz),22.6
2013-10,"Crude oil, average",($/bbl),105.4
2013-10,"Crude oil, Brent",($/bbl),109.5
2013-10,"Crude oil, Dubai",($/bbl),106.3
2013-10,"Crude oil, WTI",($/bbl),100.5
2013-10,"Coal, Australian",($/mt),79.400000000000006
2013-10,"Coal, South African **",($/mt),80.599999999999994
2013-10,"Natural gas, US",($/mmbtu),3.67
2013-10,"Natural gas, Europe",($/mmbtu),11.37
2013-10,"Liquefied natural gas, Japan",($/mmbtu),15.3
2013-10,Natural gas index,(2010=100),109
2013-10,Cocoa,($/kg),2.73
2013-10,"Coffee, Arabica",($/kg),2.84
2013-10,"Coffee, Robusta",($/kg),1.85
2013-10,"Tea, avg 3 auctions",($/kg),2.8
2013-10,"Tea, Colombo",($/kg),3.77
2013-10,"Tea, Kolkata",($/kg),2.62
2013-10,"Tea, Mombasa",($/kg),2
2013-10,Coconut oil,($/mt),986
2013-10,Groundnuts,($/mt),1336
2013-10,Fish meal,($/mt),1651
2013-10,Groundnut oil **,($/mt),1765
2013-10,Palm oil,($/mt),860
2013-10,Palm kernel oil,($/mt),912
2013-10,Soybeans,($/mt),541
2013-10,Soybean oil,($/mt),991
2013-10,Soybean meal,($/mt),585
2013-10,Rapeseed oil,($/mt),1011
2013-10,Sunflower oil,($/mt),1008
2013-10,Barley,($/mt),155.69999999999999
2013-10,Maize,($/mt),201.7
2013-10,Sorghum,($/mt),205.2
2013-10,"Rice, Thai 5%",($/mt),439
2013-10,"Rice, Thai 25%",($/mt),423
2013-10,"Rice, Thai A.1",($/mt),420.4
2013-10,"Rice, Viet Namese 5%",($/mt),376.3
2013-10,"Wheat, US SRW",($/mt),287.7
2013-10,"Wheat, US HRW",($/mt),325.7
2013-10,"Banana, Europe",($/kg),0.96
2013-10,"Banana, US",($/kg),0.93
2013-10,Orange,($/kg),1
2013-10,Beef **,($/kg),4.04
2013-10,Chicken **,($/kg),1.96
2013-10,Lamb **,($/kg),6.81
2013-10,"Shrimps, Mexican",($/kg),16.46
2013-10,"Sugar, EU",($/kg),0.45
2013-10,"Sugar, US",($/kg),0.48
2013-10,"Sugar, world",($/kg),0.41
2013-10,"Tobacco, US import u.v.",($/mt),4770
2013-10,"Logs, Cameroon",($/cubic meter),477.4
2013-10,"Logs, Malaysian",($/cubic meter),304.3
2013-10,"Sawnwood, Cameroon",($/cubic meter),771
2013-10,"Sawnwood, Malaysian",($/cubic meter),877
2013-10,Plywood,(cents/sheet),558.20000000000005
2013-10,"Cotton, A Index",($/kg),1.97
2013-10,"Rubber, TSR20 **",($/kg),2.3199999999999998
2013-10,"Rubber, RSS3",($/kg),2.5299999999999998
2013-10,Phosphate rock,($/mt),84.4
2013-10,DAP,($/mt),370
2013-10,TSP,($/mt),324
2013-10,Urea,($/mt),296.89999999999998
2013-10,Potassium chloride **,($/mt),395
2013-10,Aluminum,($/mt),1815
2013-10,"Iron ore, cfr spot",($/dmtu),132.6
2013-10,Copper,($/mt),7203
2013-10,Lead,($/mt),2115
2013-10,Tin,($/mt),23102
2013-10,Nickel,($/mt),14118
2013-10,Zinc,($/mt),1885
2013-10,Gold,($/troy oz),1317
2013-10,Platinum,($/troy oz),1413
2013-10,Silver,($/troy oz),21.9
2013-11,"Crude oil, average",($/bbl),102.6
2013-11,"Crude oil, Brent",($/bbl),108.1
2013-11,"Crude oil, Dubai",($/bbl),105.9
2013-11,"Crude oil, WTI",($/bbl),93.9
2013-11,"Coal, Australian",($/mt),82.3
2013-11,"Coal, South African **",($/mt),83.8
2013-11,"Natural gas, US",($/mmbtu),3.62
2013-11,"Natural gas, Europe",($/mmbtu),11.42
2013-11,"Liquefied natural gas, Japan",($/mmbtu),15.4
2013-11,Natural gas index,(2010=100),108.7
2013-11,Cocoa,($/kg),2.76
2013-11,"Coffee, Arabica",($/kg),2.69
2013-11,"Coffee, Robusta",($/kg),1.76
2013-11,"Tea, avg 3 auctions",($/kg),2.78
2013-11,"Tea, Colombo",($/kg),3.72
2013-11,"Tea, Kolkata",($/kg),2.52
2013-11,"Tea, Mombasa",($/kg),2.09
2013-11,Coconut oil,($/mt),1275
2013-11,Groundnuts,($/mt),1357
2013-11,Fish meal,($/mt),1615
2013-11,Groundnut oil **,($/mt),1755
2013-11,Palm oil,($/mt),904
2013-11,Palm kernel oil,($/mt),1108
2013-11,Soybeans,($/mt),551
2013-11,Soybean oil,($/mt),990
2013-11,Soybean meal,($/mt),567
2013-11,Rapeseed oil,($/mt),1022
2013-11,Sunflower oil,($/mt),1004
2013-11,Barley,($/mt),158.9
2013-11,Maize,($/mt),199.1
2013-11,Sorghum,($/mt),195.2
2013-11,"Rice, Thai 5%",($/mt),438
2013-11,"Rice, Thai 25%",($/mt),405
2013-11,"Rice, Thai A.1",($/mt),414.3
2013-11,"Rice, Viet Namese 5%",($/mt),395.9
2013-11,"Wheat, US SRW",($/mt),274.39999999999998
2013-11,"Wheat, US HRW",($/mt),306.8
2013-11,"Banana, Europe",($/kg),0.88
2013-11,"Banana, US",($/kg),0.92
2013-11,Orange,($/kg),0.77
2013-11,Beef **,($/kg),4.1399999999999997
2013-11,Chicken **,($/kg),2.0299999999999998
2013-11,Lamb **,($/kg),7.32
2013-11,"Shrimps, Mexican",($/kg),16.82
2013-11,"Sugar, EU",($/kg),0.44
2013-11,"Sugar, US",($/kg),0.46
2013-11,"Sugar, world",($/kg),0.39
2013-11,"Tobacco, US import u.v.",($/mt),5052
2013-11,"Logs, Cameroon",($/cubic meter),472.4
2013-11,"Logs, Malaysian",($/cubic meter),297.39999999999998
2013-11,"Sawnwood, Cameroon",($/cubic meter),772.1
2013-11,"Sawnwood, Malaysian",($/cubic meter),878.2
2013-11,Plywood,(cents/sheet),545.4
2013-11,"Cotton, A Index",($/kg),1.87
2013-11,"Rubber, TSR20 **",($/kg),2.2999999999999998
2013-11,"Rubber, RSS3",($/kg),2.4900000000000002
2013-11,Phosphate rock,($/mt),87.5
2013-11,DAP,($/mt),334.4
2013-11,TSP,($/mt),320
2013-11,Urea,($/mt),305
2013-11,Potassium chloride **,($/mt),395
2013-11,Aluminum,($/mt),1748
2013-11,"Iron ore, cfr spot",($/dmtu),136.30000000000001
2013-11,Copper,($/mt),7071
2013-11,Lead,($/mt),2090
2013-11,Tin,($/mt),22827
2013-11,Nickel,($/mt),13684
2013-11,Zinc,($/mt),1866
2013-11,Gold,($/troy oz),1276
2013-11,Platinum,($/troy oz),1420
2013-11,Silver,($/troy oz),20.8
2013-12,"Crude oil, average",($/bbl),105.5
2013-12,"Crude oil, Brent",($/bbl),110.7
2013-12,"Crude oil, Dubai",($/bbl),107.9
2013-12,"Crude oil, WTI",($/bbl),97.9
2013-12,"Coal, Australian",($/mt),84.3
2013-12,"Coal, South African **",($/mt),84.6
2013-12,"Natural gas, US",($/mmbtu),4.24
2013-12,"Natural gas, Europe",($/mmbtu),11.55
2013-12,"Liquefied natural gas, Japan",($/mmbtu),16.38
2013-12,Natural gas index,(2010=100),117.5
2013-12,Cocoa,($/kg),2.82
2013-12,"Coffee, Arabica",($/kg),2.78
2013-12,"Coffee, Robusta",($/kg),1.94
2013-12,"Tea, avg 3 auctions",($/kg),2.9
2013-12,"Tea, Colombo",($/kg),3.81
2013-12,"Tea, Kolkata",($/kg),2.5499999999999998
2013-12,"Tea, Mombasa",($/kg),2.33
2013-12,Coconut oil,($/mt),1270
2013-12,Groundnuts,($/mt),1342
2013-12,Fish meal,($/mt),1552
2013-12,Groundnut oil **,($/mt),1698
2013-12,Palm oil,($/mt),886
2013-12,Palm kernel oil,($/mt),1147
2013-12,Soybeans,($/mt),564
2013-12,Soybean oil,($/mt),991
2013-12,Soybean meal,($/mt),569
2013-12,Rapeseed oil,($/mt),1007
2013-12,Sunflower oil,($/mt),996
2013-12,Barley,($/mt),161.69999999999999
2013-12,Maize,($/mt),197.4
2013-12,Sorghum,($/mt),205.9
2013-12,"Rice, Thai 5%",($/mt),451
2013-12,"Rice, Thai 25%",($/mt),398.7
2013-12,"Rice, Thai A.1",($/mt),400.8
2013-12,"Rice, Viet Namese 5%",($/mt),419.4
2013-12,"Wheat, US SRW",($/mt),267
2013-12,"Wheat, US HRW",($/mt),291.60000000000002
2013-12,"Banana, Europe",($/kg),0.97
2013-12,"Banana, US",($/kg),0.92
2013-12,Orange,($/kg),0.74
2013-12,Beef **,($/kg),4.18
2013-12,Chicken **,($/kg),2.0699999999999998
2013-12,Lamb **,($/kg),7.77
2013-12,"Shrimps, Mexican",($/kg),16.87
2013-12,"Sugar, EU",($/kg),0.45
2013-12,"Sugar, US",($/kg),0.44
2013-12,"Sugar, world",($/kg),0.36
2013-12,"Tobacco, US import u.v.",($/mt),4835
2013-12,"Logs, Cameroon",($/cubic meter),479.6
2013-12,"Logs, Malaysian",($/cubic meter),287.3
2013-12,"Sawnwood, Cameroon",($/cubic meter),785
2013-12,"Sawnwood, Malaysian",($/cubic meter),892.8
2013-12,Plywood,(cents/sheet),527.1
2013-12,"Cotton, A Index",($/kg),1.93
2013-12,"Rubber, TSR20 **",($/kg),2.31
2013-12,"Rubber, RSS3",($/kg),2.56
2013-12,Phosphate rock,($/mt),96.9
2013-12,DAP,($/mt),341.6
2013-12,TSP,($/mt),320
2013-12,Urea,($/mt),305
2013-12,Potassium chloride **,($/mt),395
2013-12,Aluminum,($/mt),1740
2013-12,"Iron ore, cfr spot",($/dmtu),135.80000000000001
2013-12,Copper,($/mt),7215
2013-12,Lead,($/mt),2137
2013-12,Tin,($/mt),22762
2013-12,Nickel,($/mt),13925
2013-12,Zinc,($/mt),1975
2013-12,Gold,($/troy oz),1222
2013-12,Platinum,($/troy oz),1356
2013-12,Silver,($/troy oz),19.7
2014-01,"Crude oil, average",($/bbl),102.1
2014-01,"Crude oil, Brent",($/bbl),107.4
2014-01,"Crude oil, Dubai",($/bbl),104
2014-01,"Crude oil, WTI",($/bbl),94.9
2014-01,"Coal, Australian",($/mt),81.599999999999994
2014-01,"Coal, South African **",($/mt),82.9
2014-01,"Natural gas, US",($/mmbtu),4.7
2014-01,"Natural gas, Europe",($/mmbtu),11.59
2014-01,"Liquefied natural gas, Japan",($/mmbtu),16.670000000000002
2014-01,Natural gas index,(2010=100),123.5
2014-01,Cocoa,($/kg),2.82
2014-01,"Coffee, Arabica",($/kg),2.93
2014-01,"Coffee, Robusta",($/kg),1.93
2014-01,"Tea, avg 3 auctions",($/kg),2.87
2014-01,"Tea, Colombo",($/kg),3.9
2014-01,"Tea, Kolkata",($/kg),2.16
2014-01,"Tea, Mombasa",($/kg),2.56
2014-01,Coconut oil,($/mt),1269
2014-01,Groundnuts,($/mt),1299
2014-01,Fish meal,($/mt),1536
2014-01,Groundnut oil **,($/mt),1561
2014-01,Palm oil,($/mt),863
2014-01,Palm kernel oil,($/mt),1159
2014-01,Soybeans,($/mt),566
2014-01,Soybean oil,($/mt),942
2014-01,Soybean meal,($/mt),540
2014-01,Rapeseed oil,($/mt),948
2014-01,Sunflower oil,($/mt),952
2014-01,Barley,($/mt),167.6
2014-01,Maize,($/mt),198.1
2014-01,Sorghum,($/mt),210.2
2014-01,"Rice, Thai 5%",($/mt),450
2014-01,"Rice, Thai 25%",($/mt),377
2014-01,"Rice, Thai A.1",($/mt),405
2014-01,"Rice, Viet Namese 5%",($/mt),402
2014-01,"Wheat, US SRW",($/mt),246.5
2014-01,"Wheat, US HRW",($/mt),275.60000000000002
2014-01,"Banana, Europe",($/kg),0.99
2014-01,"Banana, US",($/kg),0.93
2014-01,Orange,($/kg),0.75
2014-01,Beef **,($/kg),4.18
2014-01,Chicken **,($/kg),2.11
2014-01,Lamb **,($/kg),8.19
2014-01,"Shrimps, Mexican",($/kg),16.93
2014-01,"Sugar, EU",($/kg),0.44
2014-01,"Sugar, US",($/kg),0.45
2014-01,"Sugar, world",($/kg),0.34
2014-01,"Tobacco, US import u.v.",($/mt),4924
2014-01,"Logs, Cameroon",($/cubic meter),476.8
2014-01,"Logs, Malaysian",($/cubic meter),286.60000000000002
2014-01,"Sawnwood, Cameroon",($/cubic meter),789.3
2014-01,"Sawnwood, Malaysian",($/cubic meter),897.8
2014-01,Plywood,(cents/sheet),525.70000000000005
2014-01,"Cotton, A Index",($/kg),2.0099999999999998
2014-01,"Rubber, TSR20 **",($/kg),2.14
2014-01,"Rubber, RSS3",($/kg),2.34
2014-01,Phosphate rock,($/mt),97.5
2014-01,DAP,($/mt),403.4
2014-01,TSP,($/mt),333
2014-01,Urea,($/mt),330
2014-01,Potassium chloride **,($/mt),395
2014-01,Aluminum,($/mt),1727
2014-01,"Iron ore, cfr spot",($/dmtu),128.1
2014-01,Copper,($/mt),7291
2014-01,Lead,($/mt),2143
2014-01,Tin,($/mt),22064
2014-01,Nickel,($/mt),14101
2014-01,Zinc,($/mt),2037
2014-01,Gold,($/troy oz),1244
2014-01,Platinum,($/troy oz),1421
2014-01,Silver,($/troy oz),19.899999999999999
2014-02,"Crude oil, average",($/bbl),104.8
2014-02,"Crude oil, Brent",($/bbl),108.8
2014-02,"Crude oil, Dubai",($/bbl),104.9
2014-02,"Crude oil, WTI",($/bbl),100.7
2014-02,"Coal, Australian",($/mt),76.3
2014-02,"Coal, South African **",($/mt),77.599999999999994
2014-02,"Natural gas, US",($/mmbtu),5.97
2014-02,"Natural gas, Europe",($/mmbtu),11.3
2014-02,"Liquefied natural gas, Japan",($/mmbtu),16.760000000000002
2014-02,Natural gas index,(2010=100),137.6
2014-02,Cocoa,($/kg),2.99
2014-02,"Coffee, Arabica",($/kg),3.83
2014-02,"Coffee, Robusta",($/kg),2.11
2014-02,"Tea, avg 3 auctions",($/kg),2.58
2014-02,"Tea, Colombo",($/kg),3.65
2014-02,"Tea, Kolkata",($/kg),1.85
2014-02,"Tea, Mombasa",($/kg),2.2200000000000002
2014-02,Coconut oil,($/mt),1364
2014-02,Groundnuts,($/mt),1250
2014-02,Fish meal,($/mt),1557
2014-02,Groundnut oil **,($/mt),1410
2014-02,Palm oil,($/mt),904
2014-02,Palm kernel oil,($/mt),1292
2014-02,Soybeans,($/mt),491
2014-02,Soybean oil,($/mt),971
2014-02,Soybean meal,($/mt),571
2014-02,Rapeseed oil,($/mt),972
2014-02,Sunflower oil,($/mt),953
2014-02,Barley,($/mt),169.9
2014-02,Maize,($/mt),209.3
2014-02,Sorghum,($/mt),221.1
2014-02,"Rice, Thai 5%",($/mt),459
2014-02,"Rice, Thai 25%",($/mt),382
2014-02,"Rice, Thai A.1",($/mt),449.9
2014-02,"Rice, Viet Namese 5%",($/mt),393.2
2014-02,"Wheat, US SRW",($/mt),258.7
2014-02,"Wheat, US HRW",($/mt),292.10000000000002
2014-02,"Banana, Europe",($/kg),1.05
2014-02,"Banana, US",($/kg),0.95
2014-02,Orange,($/kg),0.77
2014-02,Beef **,($/kg),4.28
2014-02,Chicken **,($/kg),2.02
2014-02,Lamb **,($/kg),8.1999999999999993
2014-02,"Shrimps, Mexican",($/kg),16.98
2014-02,"Sugar, EU",($/kg),0.45
2014-02,"Sugar, US",($/kg),0.48
2014-02,"Sugar, world",($/kg),0.37
2014-02,"Tobacco, US import u.v.",($/mt),5052
2014-02,"Logs, Cameroon",($/cubic meter),478.1
2014-02,"Logs, Malaysian",($/cubic meter),291.8
2014-02,"Sawnwood, Cameroon",($/cubic meter),793.2
2014-02,"Sawnwood, Malaysian",($/cubic meter),902.2
2014-02,Plywood,(cents/sheet),535.29999999999995
2014-02,"Cotton, A Index",($/kg),2.0699999999999998
2014-02,"Rubber, TSR20 **",($/kg),1.9
2014-02,"Rubber, RSS3",($/kg),2.17
2014-02,Phosphate rock,($/mt),97.5
2014-02,DAP,($/mt),450.1
2014-02,TSP,($/mt),367
2014-02,Urea,($/mt),353.1
2014-02,Potassium chloride **,($/mt),307.60000000000002
2014-02,Aluminum,($/mt),1695
2014-02,"Iron ore, cfr spot",($/dmtu),121.4
2014-02,Copper,($/mt),7149
2014-02,Lead,($/mt),2108
2014-02,Tin,($/mt),22821
2014-02,Nickel,($/mt),14204
2014-02,Zinc,($/mt),2035
2014-02,Gold,($/troy oz),1300
2014-02,Platinum,($/troy oz),1410
2014-02,Silver,($/troy oz),20.8
2014-03,"Crude oil, average",($/bbl),104
2014-03,"Crude oil, Brent",($/bbl),107.4
2014-03,"Crude oil, Dubai",($/bbl),104.2
2014-03,"Crude oil, WTI",($/bbl),100.6
2014-03,"Coal, Australian",($/mt),73.3
2014-03,"Coal, South African **",($/mt),74.599999999999994
2014-03,"Natural gas, US",($/mmbtu),4.88
2014-03,"Natural gas, Europe",($/mmbtu),10.88
2014-03,"Liquefied natural gas, Japan",($/mmbtu),16.55
2014-03,Natural gas index,(2010=100),122.2
2014-03,Cocoa,($/kg),3.04
2014-03,"Coffee, Arabica",($/kg),4.72
2014-03,"Coffee, Robusta",($/kg),2.3199999999999998
2014-03,"Tea, avg 3 auctions",($/kg),2.5
2014-03,"Tea, Colombo",($/kg),3.59
2014-03,"Tea, Kolkata",($/kg),1.8
2014-03,"Tea, Mombasa",($/kg),2.09
2014-03,Coconut oil,($/mt),1389
2014-03,Groundnuts,($/mt),1236
2014-03,Fish meal,($/mt),1651
2014-03,Groundnut oil **,($/mt),1367
2014-03,Palm oil,($/mt),954
2014-03,Palm kernel oil,($/mt),1377
2014-03,Soybeans,($/mt),531
2014-03,Soybean oil,($/mt),997
2014-03,Soybean meal,($/mt),602
2014-03,Rapeseed oil,($/mt),1010
2014-03,Sunflower oil,($/mt),985
2014-03,Barley,($/mt),177.7
2014-03,Maize,($/mt),222.3
2014-03,Sorghum,($/mt),234.4
2014-03,"Rice, Thai 5%",($/mt),422
2014-03,"Rice, Thai 25%",($/mt),366
2014-03,"Rice, Thai A.1",($/mt),425.1
2014-03,"Rice, Viet Namese 5%",($/mt),378.6
2014-03,"Wheat, US SRW",($/mt),286.89999999999998
2014-03,"Wheat, US HRW",($/mt),323.7
2014-03,"Banana, Europe",($/kg),1.1200000000000001
2014-03,"Banana, US",($/kg),0.96
2014-03,Orange,($/kg),0.81
2014-03,Beef **,($/kg),4.47
2014-03,Chicken **,($/kg),2.2599999999999998
2014-03,Lamb **,($/kg),8.0500000000000007
2014-03,"Shrimps, Mexican",($/kg),17.09
2014-03,"Sugar, EU",($/kg),0.45
2014-03,"Sugar, US",($/kg),0.49
2014-03,"Sugar, world",($/kg),0.39
2014-03,"Tobacco, US import u.v.",($/mt),5084
2014-03,"Logs, Cameroon",($/cubic meter),483.8
2014-03,"Logs, Malaysian",($/cubic meter),290.89999999999998
2014-03,"Sawnwood, Cameroon",($/cubic meter),796.3
2014-03,"Sawnwood, Malaysian",($/cubic meter),905.7
2014-03,Plywood,(cents/sheet),533.6
2014-03,"Cotton, A Index",($/kg),2.14
2014-03,"Rubber, TSR20 **",($/kg),1.93
2014-03,"Rubber, RSS3",($/kg),2.29
2014-03,Phosphate rock,($/mt),106.6
2014-03,DAP,($/mt),486.5
2014-03,TSP,($/mt),384
2014-03,Urea,($/mt),327.5
2014-03,Potassium chloride **,($/mt),278.5
2014-03,Aluminum,($/mt),1705
2014-03,"Iron ore, cfr spot",($/dmtu),111.8
2014-03,Copper,($/mt),6650
2014-03,Lead,($/mt),2053
2014-03,Tin,($/mt),23024
2014-03,Nickel,($/mt),15678
2014-03,Zinc,($/mt),2008
2014-03,Gold,($/troy oz),1336
2014-03,Platinum,($/troy oz),1452
2014-03,Silver,($/troy oz),20.7
2014-04,"Crude oil, average",($/bbl),104.9
2014-04,"Crude oil, Brent",($/bbl),107.8
2014-04,"Crude oil, Dubai",($/bbl),104.7
2014-04,"Crude oil, WTI",($/bbl),102.1
2014-04,"Coal, Australian",($/mt),72.8
2014-04,"Coal, South African **",($/mt),75.099999999999994
2014-04,"Natural gas, US",($/mmbtu),4.63
2014-04,"Natural gas, Europe",($/mmbtu),10.73
2014-04,"Liquefied natural gas, Japan",($/mmbtu),16.79
2014-04,Natural gas index,(2010=100),118.7
2014-04,Cocoa,($/kg),3.05
2014-04,"Coffee, Arabica",($/kg),4.93
2014-04,"Coffee, Robusta",($/kg),2.33
2014-04,"Tea, avg 3 auctions",($/kg),2.67
2014-04,"Tea, Colombo",($/kg),3.55
2014-04,"Tea, Kolkata",($/kg),2.38
2014-04,"Tea, Mombasa",($/kg),2.09
2014-04,Coconut oil,($/mt),1356
2014-04,Groundnuts,($/mt),1197
2014-04,Fish meal,($/mt),1629
2014-04,Groundnut oil **,($/mt),1367
2014-04,Palm oil,($/mt),927
2014-04,Palm kernel oil,($/mt),1292
2014-04,Soybeans,($/mt),516
2014-04,Soybean oil,($/mt),1002
2014-04,Soybean meal,($/mt),584
2014-04,Rapeseed oil,($/mt),1011
2014-04,Sunflower oil,($/mt),952
2014-04,Barley,($/mt),181.4
2014-04,Maize,($/mt),222.4
2014-04,Sorghum,($/mt),232.4
2014-04,"Rice, Thai 5%",($/mt),395
2014-04,"Rice, Thai 25%",($/mt),352
2014-04,"Rice, Thai A.1",($/mt),399.3
2014-04,"Rice, Viet Namese 5%",($/mt),370.9
2014-04,"Wheat, US SRW",($/mt),277.10000000000002
2014-04,"Wheat, US HRW",($/mt),324.8
2014-04,"Banana, Europe",($/kg),1.23
2014-04,"Banana, US",($/kg),0.93
2014-04,Orange,($/kg),0.85
2014-04,Beef **,($/kg),4.3499999999999996
2014-04,Chicken **,($/kg),2.38
2014-04,Lamb **,($/kg),8.2799999999999994
2014-04,"Shrimps, Mexican",($/kg),17.66
2014-04,"Sugar, EU",($/kg),0.45
2014-04,"Sugar, US",($/kg),0.54
2014-04,"Sugar, world",($/kg),0.39
2014-04,"Tobacco, US import u.v.",($/mt),5089
2014-04,"Logs, Cameroon",($/cubic meter),483.5
2014-04,"Logs, Malaysian",($/cubic meter),290.3
2014-04,"Sawnwood, Cameroon",($/cubic meter),802.2
2014-04,"Sawnwood, Malaysian",($/cubic meter),912.5
2014-04,Plywood,(cents/sheet),532.5
2014-04,"Cotton, A Index",($/kg),2.08
2014-04,"Rubber, TSR20 **",($/kg),1.78
2014-04,"Rubber, RSS3",($/kg),2.15
2014-04,Phosphate rock,($/mt),111.5
2014-04,DAP,($/mt),409
2014-04,TSP,($/mt),383
2014-04,Urea,($/mt),260
2014-04,Potassium chloride **,($/mt),299
2014-04,Aluminum,($/mt),1811
2014-04,"Iron ore, cfr spot",($/dmtu),114.6
2014-04,Copper,($/mt),6674
2014-04,Lead,($/mt),2087
2014-04,Tin,($/mt),23405
2014-04,Nickel,($/mt),17374
2014-04,Zinc,($/mt),2027
2014-04,Gold,($/troy oz),1298
2014-04,Platinum,($/troy oz),1430
2014-04,Silver,($/troy oz),19.7
2014-05,"Crude oil, average",($/bbl),105.7
2014-05,"Crude oil, Brent",($/bbl),109.7
2014-05,"Crude oil, Dubai",($/bbl),105.6
2014-05,"Crude oil, WTI",($/bbl),101.9
2014-05,"Coal, Australian",($/mt),73.7
2014-05,"Coal, South African **",($/mt),75.8
2014-05,"Natural gas, US",($/mmbtu),4.5599999999999996
2014-05,"Natural gas, Europe",($/mmbtu),10.199999999999999
2014-05,"Liquefied natural gas, Japan",($/mmbtu),16.32
2014-05,Natural gas index,(2010=100),115
2014-05,Cocoa,($/kg),3.03
2014-05,"Coffee, Arabica",($/kg),4.72
2014-05,"Coffee, Robusta",($/kg),2.27
2014-05,"Tea, avg 3 auctions",($/kg),2.87
2014-05,"Tea, Colombo",($/kg),3.67
2014-05,"Tea, Kolkata",($/kg),2.98
2014-05,"Tea, Mombasa",($/kg),1.96
2014-05,Coconut oil,($/mt),1413
2014-05,Groundnuts,($/mt),1180
2014-05,Fish meal,($/mt),1633
2014-05,Groundnut oil **,($/mt),1367
2014-05,Palm oil,($/mt),898
2014-05,Palm kernel oil,($/mt),1255
2014-05,Soybeans,($/mt),519
2014-05,Soybean oil,($/mt),962
2014-05,Soybean meal,($/mt),568
2014-05,Rapeseed oil,($/mt),955
2014-05,Sunflower oil,($/mt),952
2014-05,Barley,($/mt),181.9
2014-05,Maize,($/mt),217.3
2014-05,Sorghum,($/mt),220.7
2014-05,"Rice, Thai 5%",($/mt),388
2014-05,"Rice, Thai 25%",($/mt),346
2014-05,"Rice, Thai A.1",($/mt),391.6
2014-05,"Rice, Viet Namese 5%",($/mt),390.5
2014-05,"Wheat, US SRW",($/mt),277.2
2014-05,"Wheat, US HRW",($/mt),334.7
2014-05,"Banana, Europe",($/kg),1.1200000000000001
2014-05,"Banana, US",($/kg),0.91
2014-05,Orange,($/kg),0.84
2014-05,Beef **,($/kg),4.38
2014-05,Chicken **,($/kg),2.56
2014-05,Lamb **,($/kg),8.24
2014-05,"Shrimps, Mexican",($/kg),17.97
2014-05,"Sugar, EU",($/kg),0.45
2014-05,"Sugar, US",($/kg),0.54
2014-05,"Sugar, world",($/kg),0.4
2014-05,"Tobacco, US import u.v.",($/mt),5118
2014-05,"Logs, Cameroon",($/cubic meter),480.9
2014-05,"Logs, Malaysian",($/cubic meter),292.5
2014-05,"Sawnwood, Cameroon",($/cubic meter),807.1
2014-05,"Sawnwood, Malaysian",($/cubic meter),918.1
2014-05,Plywood,(cents/sheet),536.5
2014-05,"Cotton, A Index",($/kg),2.04
2014-05,"Rubber, TSR20 **",($/kg),1.69
2014-05,"Rubber, RSS3",($/kg),2.02
2014-05,Phosphate rock,($/mt),112.6
2014-05,DAP,($/mt),413.6
2014-05,TSP,($/mt),385
2014-05,Urea,($/mt),265
2014-05,Potassium chloride **,($/mt),300.89999999999998
2014-05,Aluminum,($/mt),1751
2014-05,"Iron ore, cfr spot",($/dmtu),100.6
2014-05,Copper,($/mt),6891
2014-05,Lead,($/mt),2097
2014-05,Tin,($/mt),23271
2014-05,Nickel,($/mt),19401
2014-05,Zinc,($/mt),2059
2014-05,Gold,($/troy oz),1289
2014-05,Platinum,($/troy oz),1456
2014-05,Silver,($/troy oz),19.3
2014-06,"Crude oil, average",($/bbl),108.4
2014-06,"Crude oil, Brent",($/bbl),111.9
2014-06,"Crude oil, Dubai",($/bbl),108
2014-06,"Crude oil, WTI",($/bbl),105.2
2014-06,"Coal, Australian",($/mt),71.5
2014-06,"Coal, South African **",($/mt),74.099999999999994
2014-06,"Natural gas, US",($/mmbtu),4.57
2014-06,"Natural gas, Europe",($/mmbtu),9.77
2014-06,"Liquefied natural gas, Japan",($/mmbtu),16.13
2014-06,Natural gas index,(2010=100),112.9
2014-06,Cocoa,($/kg),3.17
2014-06,"Coffee, Arabica",($/kg),4.3600000000000003
2014-06,"Coffee, Robusta",($/kg),2.1800000000000002
2014-06,"Tea, avg 3 auctions",($/kg),2.85
2014-06,"Tea, Colombo",($/kg),3.58
2014-06,"Tea, Kolkata",($/kg),3.06
2014-06,"Tea, Mombasa",($/kg),1.91
2014-06,Coconut oil,($/mt),1393
2014-06,Groundnuts,($/mt),1180
2014-06,Fish meal,($/mt),1721
2014-06,Groundnut oil **,($/mt),1367
2014-06,Palm oil,($/mt),862
2014-06,Palm kernel oil,($/mt),1234
2014-06,Soybeans,($/mt),511
2014-06,Soybean oil,($/mt),926
2014-06,Soybean meal,($/mt),544
2014-06,Rapeseed oil,($/mt),948
2014-06,Sunflower oil,($/mt),942
2014-06,Barley,($/mt),160.30000000000001
2014-06,Maize,($/mt),202.4
2014-06,Sorghum,($/mt),204.7
2014-06,"Rice, Thai 5%",($/mt),397
2014-06,"Rice, Thai 25%",($/mt),356
2014-06,"Rice, Thai A.1",($/mt),402.6
2014-06,"Rice, Viet Namese 5%",($/mt),404.5
2014-06,"Wheat, US SRW",($/mt),236.6
2014-06,"Wheat, US HRW",($/mt),306.39999999999998
2014-06,"Banana, Europe",($/kg),1.07
2014-06,"Banana, US",($/kg),0.93
2014-06,Orange,($/kg),0.83
2014-06,Beef **,($/kg),4.54
2014-06,Chicken **,($/kg),2.5499999999999998
2014-06,Lamb **,($/kg),7.9
2014-06,"Shrimps, Mexican",($/kg),18.149999999999999
2014-06,"Sugar, EU",($/kg),0.44
2014-06,"Sugar, US",($/kg),0.56999999999999995
2014-06,"Sugar, world",($/kg),0.4
2014-06,"Tobacco, US import u.v.",($/mt),4996
2014-06,"Logs, Cameroon",($/cubic meter),475.7
2014-06,"Logs, Malaysian",($/cubic meter),291.7
2014-06,"Sawnwood, Cameroon",($/cubic meter),810
2014-06,"Sawnwood, Malaysian",($/cubic meter),921.3
2014-06,Plywood,(cents/sheet),535.1
2014-06,"Cotton, A Index",($/kg),2
2014-06,"Rubber, TSR20 **",($/kg),1.71
2014-06,"Rubber, RSS3",($/kg),2.04
2014-06,Phosphate rock,($/mt),111.4
2014-06,DAP,($/mt),421.4
2014-06,TSP,($/mt),389
2014-06,Urea,($/mt),288.8
2014-06,Potassium chloride **,($/mt),301.5
2014-06,Aluminum,($/mt),1839
2014-06,"Iron ore, cfr spot",($/dmtu),92.7
2014-06,Copper,($/mt),6821
2014-06,Lead,($/mt),2107
2014-06,Tin,($/mt),22762
2014-06,Nickel,($/mt),18629
2014-06,Zinc,($/mt),2128
2014-06,Gold,($/troy oz),1279
2014-06,Platinum,($/troy oz),1453
2014-06,Silver,($/troy oz),19.899999999999999
2014-07,"Crude oil, average",($/bbl),105.2
2014-07,"Crude oil, Brent",($/bbl),107
2014-07,"Crude oil, Dubai",($/bbl),105.8
2014-07,"Crude oil, WTI",($/bbl),102.9
2014-07,"Coal, Australian",($/mt),68.8
2014-07,"Coal, South African **",($/mt),71.400000000000006
2014-07,"Natural gas, US",($/mmbtu),4.01
2014-07,"Natural gas, Europe",($/mmbtu),9.27
2014-07,"Liquefied natural gas, Japan",($/mmbtu),15.21
2014-07,Natural gas index,(2010=100),103.1
2014-07,Cocoa,($/kg),3.2
2014-07,"Coffee, Arabica",($/kg),4.34
2014-07,"Coffee, Robusta",($/kg),2.2400000000000002
2014-07,"Tea, avg 3 auctions",($/kg),2.96
2014-07,"Tea, Colombo",($/kg),3.51
2014-07,"Tea, Kolkata",($/kg),3.29
2014-07,"Tea, Mombasa",($/kg),2.1
2014-07,Coconut oil,($/mt),1255
2014-07,Groundnuts,($/mt),1182
2014-07,Fish meal,($/mt),1734
2014-07,Groundnut oil **,($/mt),1373
2014-07,Palm oil,($/mt),854
2014-07,Palm kernel oil,($/mt),1106
2014-07,Soybeans,($/mt),472
2014-07,Soybean oil,($/mt),897
2014-07,Soybean meal,($/mt),503
2014-07,Rapeseed oil,($/mt),892
2014-07,Sunflower oil,($/mt),908
2014-07,Barley,($/mt),138.69999999999999
2014-07,Maize,($/mt),182.7
2014-07,Sorghum,($/mt),193
2014-07,"Rice, Thai 5%",($/mt),422
2014-07,"Rice, Thai 25%",($/mt),375
2014-07,"Rice, Thai A.1",($/mt),435.4
2014-07,"Rice, Viet Namese 5%",($/mt),420.9
2014-07,"Wheat, US SRW",($/mt),218.3
2014-07,"Wheat, US HRW",($/mt),280.39999999999998
2014-07,"Banana, Europe",($/kg),1.02
2014-07,"Banana, US",($/kg),0.93
2014-07,Orange,($/kg),0.79
2014-07,Beef **,($/kg),5.17
2014-07,Chicken **,($/kg),2.4500000000000002
2014-07,Lamb **,($/kg),7.75
2014-07,"Shrimps, Mexican",($/kg),18.98
2014-07,"Sugar, EU",($/kg),0.44
2014-07,"Sugar, US",($/kg),0.55000000000000004
2014-07,"Sugar, world",($/kg),0.4
2014-07,"Tobacco, US import u.v.",($/mt),4991
2014-07,"Logs, Cameroon",($/cubic meter),474
2014-07,"Logs, Malaysian",($/cubic meter),292.7
2014-07,"Sawnwood, Cameroon",($/cubic meter),818.2
2014-07,"Sawnwood, Malaysian",($/cubic meter),930.6
2014-07,Plywood,(cents/sheet),536.9
2014-07,"Cotton, A Index",($/kg),1.85
2014-07,"Rubber, TSR20 **",($/kg),1.7
2014-07,"Rubber, RSS3",($/kg),2
2014-07,Phosphate rock,($/mt),111
2014-07,DAP,($/mt),440.6
2014-07,TSP,($/mt),390
2014-07,Urea,($/mt),305
2014-07,Potassium chloride **,($/mt),279.5
2014-07,Aluminum,($/mt),1948
2014-07,"Iron ore, cfr spot",($/dmtu),96.1
2014-07,Copper,($/mt),7113
2014-07,Lead,($/mt),2193
2014-07,Tin,($/mt),22424
2014-07,Nickel,($/mt),19118
2014-07,Zinc,($/mt),2311
2014-07,Gold,($/troy oz),1311
2014-07,Platinum,($/troy oz),1492
2014-07,Silver,($/troy oz),20.9
2014-08,"Crude oil, average",($/bbl),100.1
2014-08,"Crude oil, Brent",($/bbl),101.9
2014-08,"Crude oil, Dubai",($/bbl),101.9
2014-08,"Crude oil, WTI",($/bbl),96.4
2014-08,"Coal, Australian",($/mt),68.900000000000006
2014-08,"Coal, South African **",($/mt),71.2
2014-08,"Natural gas, US",($/mmbtu),3.88
2014-08,"Natural gas, Europe",($/mmbtu),9.14
2014-08,"Liquefied natural gas, Japan",($/mmbtu),15.74
2014-08,Natural gas index,(2010=100),101.3
2014-08,Cocoa,($/kg),3.27
2014-08,"Coffee, Arabica",($/kg),4.7
2014-08,"Coffee, Robusta",($/kg),2.21
2014-08,"Tea, avg 3 auctions",($/kg),2.79
2014-08,"Tea, Colombo",($/kg),3.49
2014-08,"Tea, Kolkata",($/kg),2.86
2014-08,"Tea, Mombasa",($/kg),2.0299999999999998
2014-08,Coconut oil,($/mt),1188
2014-08,Groundnuts,($/mt),1200
2014-08,Fish meal,($/mt),1729
2014-08,Groundnut oil **,($/mt),1389
2014-08,Palm oil,($/mt),779
2014-08,Palm kernel oil,($/mt),939
2014-08,Soybeans,($/mt),459
2014-08,Soybean oil,($/mt),862
2014-08,Soybean meal,($/mt),502
2014-08,Rapeseed oil,($/mt),852
2014-08,Sunflower oil,($/mt),854
2014-08,Barley,($/mt),118.5
2014-08,Maize,($/mt),176.4
2014-08,Sorghum,($/mt),191.4
2014-08,"Rice, Thai 5%",($/mt),445
2014-08,"Rice, Thai 25%",($/mt),414
2014-08,"Rice, Thai A.1",($/mt),460.6
2014-08,"Rice, Viet Namese 5%",($/mt),442.6
2014-08,"Wheat, US SRW",($/mt),220.4
2014-08,"Wheat, US HRW",($/mt),263.5
2014-08,"Banana, Europe",($/kg),0.99
2014-08,"Banana, US",($/kg),0.96
2014-08,Orange,($/kg),0.77
2014-08,Beef **,($/kg),5.79
2014-08,Chicken **,($/kg),2.27
2014-08,Lamb **,($/kg),7.72
2014-08,"Shrimps, Mexican",($/kg),19.25
2014-08,"Sugar, EU",($/kg),0.43
2014-08,"Sugar, US",($/kg),0.56999999999999995
2014-08,"Sugar, world",($/kg),0.38
2014-08,"Tobacco, US import u.v.",($/mt),4920
2014-08,"Logs, Cameroon",($/cubic meter),466.1
2014-08,"Logs, Malaysian",($/cubic meter),289.2
2014-08,"Sawnwood, Cameroon",($/cubic meter),800.3
2014-08,"Sawnwood, Malaysian",($/cubic meter),910.3
2014-08,Plywood,(cents/sheet),530.4
2014-08,"Cotton, A Index",($/kg),1.63
2014-08,"Rubber, TSR20 **",($/kg),1.67
2014-08,"Rubber, RSS3",($/kg),1.86
2014-08,Phosphate rock,($/mt),111
2014-08,DAP,($/mt),446.5
2014-08,TSP,($/mt),391
2014-08,Urea,($/mt),311.3
2014-08,Potassium chloride **,($/mt),279.5
2014-08,Aluminum,($/mt),2030
2014-08,"Iron ore, cfr spot",($/dmtu),92.6
2014-08,Copper,($/mt),7002
2014-08,Lead,($/mt),2237
2014-08,Tin,($/mt),22231
2014-08,Nickel,($/mt),18600
2014-08,Zinc,($/mt),2327
2014-08,Gold,($/troy oz),1295
2014-08,Platinum,($/troy oz),1446
2014-08,Silver,($/troy oz),19.7
2014-09,"Crude oil, average",($/bbl),95.9
2014-09,"Crude oil, Brent",($/bbl),97.3
2014-09,"Crude oil, Dubai",($/bbl),97
2014-09,"Crude oil, WTI",($/bbl),93.2
2014-09,"Coal, Australian",($/mt),65.900000000000006
2014-09,"Coal, South African **",($/mt),67.900000000000006
2014-09,"Natural gas, US",($/mmbtu),3.92
2014-09,"Natural gas, Europe",($/mmbtu),9.24
2014-09,"Liquefied natural gas, Japan",($/mmbtu),15.16
2014-09,Natural gas index,(2010=100),101.8
2014-09,Cocoa,($/kg),3.21
2014-09,"Coffee, Arabica",($/kg),4.6399999999999997
2014-09,"Coffee, Robusta",($/kg),2.2200000000000002
2014-09,"Tea, avg 3 auctions",($/kg),2.64
2014-09,"Tea, Colombo",($/kg),3.37
2014-09,"Tea, Kolkata",($/kg),2.65
2014-09,"Tea, Mombasa",($/kg),1.89
2014-09,Coconut oil,($/mt),1193
2014-09,Groundnuts,($/mt),1214
2014-09,Fish meal,($/mt),1679
2014-09,Groundnut oil **,($/mt),1389
2014-09,Palm oil,($/mt),761
2014-09,Palm kernel oil,($/mt),905
2014-09,Soybeans,($/mt),430
2014-09,Soybean oil,($/mt),840
2014-09,Soybean meal,($/mt),460
2014-09,Rapeseed oil,($/mt),836
2014-09,Sunflower oil,($/mt),834
2014-09,Barley,($/mt),105.6
2014-09,Maize,($/mt),163.1
2014-09,Sorghum,($/mt),180.6
2014-09,"Rice, Thai 5%",($/mt),432
2014-09,"Rice, Thai 25%",($/mt),411
2014-09,"Rice, Thai A.1",($/mt),449.9
2014-09,"Rice, Viet Namese 5%",($/mt),442.1
2014-09,"Wheat, US SRW",($/mt),202.8
2014-09,"Wheat, US HRW",($/mt),243.6
2014-09,"Banana, Europe",($/kg),0.97
2014-09,"Banana, US",($/kg),0.92
2014-09,Orange,($/kg),0.77
2014-09,Beef **,($/kg),6.17
2014-09,Chicken **,($/kg),2.36
2014-09,Lamb **,($/kg),7.72
2014-09,"Shrimps, Mexican",($/kg),18.350000000000001
2014-09,"Sugar, EU",($/kg),0.42
2014-09,"Sugar, US",($/kg),0.56000000000000005
2014-09,"Sugar, world",($/kg),0.35
2014-09,"Tobacco, US import u.v.",($/mt),4924
2014-09,"Logs, Cameroon",($/cubic meter),451.8
2014-09,"Logs, Malaysian",($/cubic meter),277.60000000000002
2014-09,"Sawnwood, Cameroon",($/cubic meter),781.6
2014-09,"Sawnwood, Malaysian",($/cubic meter),889
2014-09,Plywood,(cents/sheet),509.1
2014-09,"Cotton, A Index",($/kg),1.62
2014-09,"Rubber, TSR20 **",($/kg),1.53
2014-09,"Rubber, RSS3",($/kg),1.67
2014-09,Phosphate rock,($/mt),111.4
2014-09,DAP,($/mt),438.1
2014-09,TSP,($/mt),398
2014-09,Urea,($/mt),317.5
2014-09,Potassium chloride **,($/mt),279.5
2014-09,Aluminum,($/mt),1990
2014-09,"Iron ore, cfr spot",($/dmtu),82.4
2014-09,Copper,($/mt),6872
2014-09,Lead,($/mt),2117
2014-09,Tin,($/mt),21091
2014-09,Nickel,($/mt),18035
2014-09,Zinc,($/mt),2295
2014-09,Gold,($/troy oz),1237
2014-09,Platinum,($/troy oz),1359
2014-09,Silver,($/troy oz),18.399999999999999
2014-10,"Crude oil, average",($/bbl),86.1
2014-10,"Crude oil, Brent",($/bbl),87.3
2014-10,"Crude oil, Dubai",($/bbl),86.6
2014-10,"Crude oil, WTI",($/bbl),84.4
2014-10,"Coal, Australian",($/mt),63.7
2014-10,"Coal, South African **",($/mt),65.7
2014-10,"Natural gas, US",($/mmbtu),3.77
2014-10,"Natural gas, Europe",($/mmbtu),9.77
2014-10,"Liquefied natural gas, Japan",($/mmbtu),15.89
2014-10,Natural gas index,(2010=100),103
2014-10,Cocoa,($/kg),3.1
2014-10,"Coffee, Arabica",($/kg),4.97
2014-10,"Coffee, Robusta",($/kg),2.31
2014-10,"Tea, avg 3 auctions",($/kg),2.65
2014-10,"Tea, Colombo",($/kg),3.42
2014-10,"Tea, Kolkata",($/kg),2.61
2014-10,"Tea, Mombasa",($/kg),1.91
2014-10,Coconut oil,($/mt),1149
2014-10,Groundnuts,($/mt),1339
2014-10,Fish meal,($/mt),1696
2014-10,Groundnut oil **,($/mt),1389
2014-10,Palm oil,($/mt),764
2014-10,Palm kernel oil,($/mt),936
2014-10,Soybeans,($/mt),426
2014-10,Soybean oil,($/mt),833
2014-10,Soybean meal,($/mt),453
2014-10,Rapeseed oil,($/mt),859
2014-10,Sunflower oil,($/mt),888
2014-10,Barley,($/mt),112.1
2014-10,Maize,($/mt),163.1
2014-10,Sorghum,($/mt),195.2
2014-10,"Rice, Thai 5%",($/mt),428
2014-10,"Rice, Thai 25%",($/mt),409
2014-10,"Rice, Thai A.1",($/mt),437.6
2014-10,"Rice, Viet Namese 5%",($/mt),437
2014-10,"Wheat, US SRW",($/mt),220.1
2014-10,"Wheat, US HRW",($/mt),245.4
2014-10,"Banana, Europe",($/kg),1.01
2014-10,"Banana, US",($/kg),0.9
2014-10,Orange,($/kg),0.73
2014-10,Beef **,($/kg),5.95
2014-10,Chicken **,($/kg),2.36
2014-10,Lamb **,($/kg),7.74
2014-10,"Shrimps, Mexican",($/kg),17.5
2014-10,"Sugar, EU",($/kg),0.41
2014-10,"Sugar, US",($/kg),0.57999999999999996
2014-10,"Sugar, world",($/kg),0.37
2014-10,"Tobacco, US import u.v.",($/mt),4943
2014-10,"Logs, Cameroon",($/cubic meter),443.5
2014-10,"Logs, Malaysian",($/cubic meter),275.60000000000002
2014-10,"Sawnwood, Cameroon",($/cubic meter),770
2014-10,"Sawnwood, Malaysian",($/cubic meter),875.8
2014-10,Plywood,(cents/sheet),505.6
2014-10,"Cotton, A Index",($/kg),1.55
2014-10,"Rubber, TSR20 **",($/kg),1.51
2014-10,"Rubber, RSS3",($/kg),1.63
2014-10,Phosphate rock,($/mt),116
2014-10,DAP,($/mt),418.8
2014-10,TSP,($/mt),398
2014-10,Urea,($/mt),317.5
2014-10,Potassium chloride **,($/mt),279.5
2014-10,Aluminum,($/mt),1946
2014-10,"Iron ore, cfr spot",($/dmtu),81.099999999999994
2014-10,Copper,($/mt),6737
2014-10,Lead,($/mt),2034
2014-10,Tin,($/mt),19830
2014-10,Nickel,($/mt),15812
2014-10,Zinc,($/mt),2277
2014-10,Gold,($/troy oz),1222
2014-10,Platinum,($/troy oz),1260
2014-10,Silver,($/troy oz),17.2
2014-11,"Crude oil, average",($/bbl),77
2014-11,"Crude oil, Brent",($/bbl),78.400000000000006
2014-11,"Crude oil, Dubai",($/bbl),76.7
2014-11,"Crude oil, WTI",($/bbl),75.8
2014-11,"Coal, Australian",($/mt),62.6
2014-11,"Coal, South African **",($/mt),65.7
2014-11,"Natural gas, US",($/mmbtu),4.0999999999999996
2014-11,"Natural gas, Europe",($/mmbtu),8.9
2014-11,"Liquefied natural gas, Japan",($/mmbtu),15.59
2014-11,Natural gas index,(2010=100),102.7
2014-11,Cocoa,($/kg),2.91
2014-11,"Coffee, Arabica",($/kg),4.62
2014-11,"Coffee, Robusta",($/kg),2.27
2014-11,"Tea, avg 3 auctions",($/kg),2.65
2014-11,"Tea, Colombo",($/kg),3.33
2014-11,"Tea, Kolkata",($/kg),2.71
2014-11,"Tea, Mombasa",($/kg),1.9
2014-11,Coconut oil,($/mt),1192
2014-11,Groundnuts,($/mt),1397
2014-11,Fish meal,($/mt),1806
2014-11,Groundnut oil **,($/mt),1389
2014-11,Palm oil,($/mt),765
2014-11,Palm kernel oil,($/mt),970
2014-11,Soybeans,($/mt),450
2014-11,Soybean oil,($/mt),826
2014-11,Soybean meal,($/mt),474
2014-11,Rapeseed oil,($/mt),841
2014-11,Sunflower oil,($/mt),923
2014-11,Barley,($/mt),113.9
2014-11,Maize,($/mt),178.7
2014-11,Sorghum,($/mt),213.8
2014-11,"Rice, Thai 5%",($/mt),418
2014-11,"Rice, Thai 25%",($/mt),400
2014-11,"Rice, Thai A.1",($/mt),423.8
2014-11,"Rice, Viet Namese 5%",($/mt),422
2014-11,"Wheat, US SRW",($/mt),236
2014-11,"Wheat, US HRW",($/mt),258.7
2014-11,"Banana, Europe",($/kg),1
2014-11,"Banana, US",($/kg),0.9
2014-11,Orange,($/kg),0.72
2014-11,Beef **,($/kg),5.84
2014-11,Chicken **,($/kg),2.31
2014-11,Lamb **,($/kg),7.87
2014-11,"Shrimps, Mexican",($/kg),17.309999999999999
2014-11,"Sugar, EU",($/kg),0.41
2014-11,"Sugar, US",($/kg),0.53
2014-11,"Sugar, world",($/kg),0.36
2014-11,"Tobacco, US import u.v.",($/mt),4922
2014-11,"Logs, Cameroon",($/cubic meter),436.6
2014-11,"Logs, Malaysian",($/cubic meter),256.10000000000002
2014-11,"Sawnwood, Cameroon",($/cubic meter),756
2014-11,"Sawnwood, Malaysian",($/cubic meter),859.9
2014-11,Plywood,(cents/sheet),469.8
2014-11,"Cotton, A Index",($/kg),1.49
2014-11,"Rubber, TSR20 **",($/kg),1.54
2014-11,"Rubber, RSS3",($/kg),1.64
2014-11,Phosphate rock,($/mt),119.5
2014-11,DAP,($/mt),408.8
2014-11,TSP,($/mt),385
2014-11,Urea,($/mt),317.5
2014-11,Potassium chloride **,($/mt),279.5
2014-11,Aluminum,($/mt),2056
2014-11,"Iron ore, cfr spot",($/dmtu),73.7
2014-11,Copper,($/mt),6713
2014-11,Lead,($/mt),2030
2014-11,Tin,($/mt),20033
2014-11,Nickel,($/mt),15807
2014-11,Zinc,($/mt),2253
2014-11,Gold,($/troy oz),1175
2014-11,Platinum,($/troy oz),1208
2014-11,Silver,($/troy oz),16
2014-12,"Crude oil, average",($/bbl),60.7
2014-12,"Crude oil, Brent",($/bbl),62.3
2014-12,"Crude oil, Dubai",($/bbl),60.5
2014-12,"Crude oil, WTI",($/bbl),59.3
2014-12,"Coal, Australian",($/mt),62.4
2014-12,"Coal, South African **",($/mt),66.099999999999994
2014-12,"Natural gas, US",($/mmbtu),3.43
2014-12,"Natural gas, Europe",($/mmbtu),9.83
2014-12,"Liquefied natural gas, Japan",($/mmbtu),15.62
2014-12,Natural gas index,(2010=100),99
2014-12,Cocoa,($/kg),2.95
2014-12,"Coffee, Arabica",($/kg),4.34
2014-12,"Coffee, Robusta",($/kg),2.2000000000000002
2014-12,"Tea, avg 3 auctions",($/kg),2.62
2014-12,"Tea, Colombo",($/kg),3.37
2014-12,"Tea, Kolkata",($/kg),2.62
2014-12,"Tea, Mombasa",($/kg),1.88
2014-12,Coconut oil,($/mt),1212
2014-12,Groundnuts,($/mt),1427
2014-12,Fish meal,($/mt),1795
2014-12,Groundnut oil **,($/mt),1373
2014-12,Palm oil,($/mt),720
2014-12,Palm kernel oil,($/mt),972
2014-12,Soybeans,($/mt),448
2014-12,Soybean oil,($/mt),815
2014-12,Soybean meal,($/mt),470
2014-12,Rapeseed oil,($/mt),815
2014-12,Sunflower oil,($/mt),901
2014-12,Barley,($/mt),123.1
2014-12,Maize,($/mt),178.7
2014-12,Sorghum,($/mt),227.3
2014-12,"Rice, Thai 5%",($/mt),418
2014-12,"Rice, Thai 25%",($/mt),398
2014-12,"Rice, Thai A.1",($/mt),421.2
2014-12,"Rice, Viet Namese 5%",($/mt),382.4
2014-12,"Wheat, US SRW",($/mt),261.8
2014-12,"Wheat, US HRW",($/mt),269.7
2014-12,"Banana, Europe",($/kg),0.95
2014-12,"Banana, US",($/kg),0.91
2014-12,Orange,($/kg),0.77
2014-12,Beef **,($/kg),5.46
2014-12,Chicken **,($/kg),2.2200000000000002
2014-12,Lamb **,($/kg),8.2100000000000009
2014-12,"Shrimps, Mexican",($/kg),17.38
2014-12,"Sugar, EU",($/kg),0.4
2014-12,"Sugar, US",($/kg),0.55000000000000004
2014-12,"Sugar, world",($/kg),0.34
2014-12,"Tobacco, US import u.v.",($/mt),4926
2014-12,"Logs, Cameroon",($/cubic meter),431.2
2014-12,"Logs, Malaysian",($/cubic meter),249.4
2014-12,"Sawnwood, Cameroon",($/cubic meter),749.2
2014-12,"Sawnwood, Malaysian",($/cubic meter),852.2
2014-12,Plywood,(cents/sheet),457.4
2014-12,"Cotton, A Index",($/kg),1.51
2014-12,"Rubber, TSR20 **",($/kg),1.47
2014-12,"Rubber, RSS3",($/kg),1.61
2014-12,Phosphate rock,($/mt),119.5
2014-12,DAP,($/mt),418.4
2014-12,TSP,($/mt),381
2014-12,Urea,($/mt),308.10000000000002
2014-12,Potassium chloride **,($/mt),279.5
2014-12,Aluminum,($/mt),1909
2014-12,"Iron ore, cfr spot",($/dmtu),68.400000000000006
2014-12,Copper,($/mt),6446
2014-12,Lead,($/mt),1938
2014-12,Tin,($/mt),19830
2014-12,Nickel,($/mt),15962
2014-12,Zinc,($/mt),2176
2014-12,Gold,($/troy oz),1201
2014-12,Platinum,($/troy oz),1215
2014-12,Silver,($/troy oz),16.3
2015-01,"Crude oil, average",($/bbl),47.1
2015-01,"Crude oil, Brent",($/bbl),48.1
2015-01,"Crude oil, Dubai",($/bbl),46
2015-01,"Crude oil, WTI",($/bbl),47.3
2015-01,"Coal, Australian",($/mt),61.4
2015-01,"Coal, South African **",($/mt),59.3
2015-01,"Natural gas, US",($/mmbtu),2.97
2015-01,"Natural gas, Europe",($/mmbtu),9.25
2015-01,"Liquefied natural gas, Japan",($/mmbtu),16.190000000000001
2015-01,Natural gas index,(2010=100),91.1
2015-01,Cocoa,($/kg),2.92
2015-01,"Coffee, Arabica",($/kg),4.1900000000000004
2015-01,"Coffee, Robusta",($/kg),2.16
2015-01,"Tea, avg 3 auctions",($/kg),2.61
2015-01,"Tea, Colombo",($/kg),3.24
2015-01,"Tea, Kolkata",($/kg),2.2799999999999998
2015-01,"Tea, Mombasa",($/kg),2.3199999999999998
2015-01,Coconut oil,($/mt),1146
2015-01,Groundnuts,($/mt),1393
2015-01,Fish meal,($/mt),1713
2015-01,Groundnut oil **,($/mt),1350
2015-01,Palm oil,($/mt),720
2015-01,Palm kernel oil,($/mt),1010
2015-01,Soybeans,($/mt),433
2015-01,Soybean oil,($/mt),797
2015-01,Soybean meal,($/mt),443
2015-01,Rapeseed oil,($/mt),778
2015-01,Sunflower oil,($/mt),871
2015-01,Barley,($/mt),128.1
2015-01,Maize,($/mt),174.7
2015-01,Sorghum,($/mt),215.1
2015-01,"Rice, Thai 5%",($/mt),420
2015-01,"Rice, Thai 25%",($/mt),400
2015-01,"Rice, Thai A.1",($/mt),418.6
2015-01,"Rice, Viet Namese 5%",($/mt),374.4
2015-01,"Wheat, US SRW",($/mt),231.5
2015-01,"Wheat, US HRW",($/mt),248.4
2015-01,"Banana, Europe",($/kg),0.89
2015-01,"Banana, US",($/kg),0.91
2015-01,Orange,($/kg),0.76
2015-01,Beef **,($/kg),5.3
2015-01,Chicken **,($/kg),2.2200000000000002
2015-01,Lamb **,($/kg),7.93
2015-01,"Shrimps, Mexican",($/kg),17.420000000000002
2015-01,"Sugar, EU",($/kg),0.38
2015-01,"Sugar, US",($/kg),0.56000000000000005
2015-01,"Sugar, world",($/kg),0.34
2015-01,"Tobacco, US import u.v.",($/mt),4923
2015-01,"Logs, Cameroon",($/cubic meter),407.6
2015-01,"Logs, Malaysian",($/cubic meter),251.5
2015-01,"Sawnwood, Cameroon",($/cubic meter),726.8
2015-01,"Sawnwood, Malaysian",($/cubic meter),826.7
2015-01,Plywood,(cents/sheet),461.3
2015-01,"Cotton, A Index",($/kg),1.48
2015-01,"Rubber, TSR20 **",($/kg),1.42
2015-01,"Rubber, RSS3",($/kg),1.66
2015-01,Phosphate rock,($/mt),119.5
2015-01,DAP,($/mt),440.3
2015-01,TSP,($/mt),381.5
2015-01,Urea,($/mt),305
2015-01,Potassium chloride **,($/mt),279.5
2015-01,Aluminum,($/mt),1815
2015-01,"Iron ore, cfr spot",($/dmtu),68.2
2015-01,Copper,($/mt),5831
2015-01,Lead,($/mt),1843
2015-01,Tin,($/mt),19454
2015-01,Nickel,($/mt),14849
2015-01,Zinc,($/mt),2113
2015-01,Gold,($/troy oz),1251
2015-01,Platinum,($/troy oz),1242
2015-01,Silver,($/troy oz),17.2
2015-02,"Crude oil, average",($/bbl),54.8
2015-02,"Crude oil, Brent",($/bbl),57.9
2015-02,"Crude oil, Dubai",($/bbl),55.8
2015-02,"Crude oil, WTI",($/bbl),50.6
2015-02,"Coal, Australian",($/mt),69.099999999999994
2015-02,"Coal, South African **",($/mt),63.5
2015-02,"Natural gas, US",($/mmbtu),2.85
2015-02,"Natural gas, Europe",($/mmbtu),8.27
2015-02,"Liquefied natural gas, Japan",($/mmbtu),14.2
2015-02,Natural gas index,(2010=100),83.5
2015-02,Cocoa,($/kg),2.96
2015-02,"Coffee, Arabica",($/kg),3.94
2015-02,"Coffee, Robusta",($/kg),2.17
2015-02,"Tea, avg 3 auctions",($/kg),2.4500000000000002
2015-02,"Tea, Colombo",($/kg),3.11
2015-02,"Tea, Kolkata",($/kg),1.84
2015-02,"Tea, Mombasa",($/kg),2.42
2015-02,Coconut oil,($/mt),1161
2015-02,Groundnuts,($/mt),1350
2015-02,Fish meal,($/mt),1677
2015-02,Groundnut oil **,($/mt),1345
2015-02,Palm oil,($/mt),723
2015-02,Palm kernel oil,($/mt),1052
2015-02,Soybeans,($/mt),424
2015-02,Soybean oil,($/mt),763
2015-02,Soybean meal,($/mt),418
2015-02,Rapeseed oil,($/mt),763
2015-02,Sunflower oil,($/mt),825
2015-02,Barley,($/mt),125.4
2015-02,Maize,($/mt),173.7
2015-02,Sorghum,($/mt),217.7
2015-02,"Rice, Thai 5%",($/mt),420
2015-02,"Rice, Thai 25%",($/mt),400
2015-02,"Rice, Thai A.1",($/mt),417
2015-02,"Rice, Viet Namese 5%",($/mt),353.5
2015-02,"Wheat, US SRW",($/mt),219.8
2015-02,"Wheat, US HRW",($/mt),237
2015-02,"Banana, Europe",($/kg),0.94
2015-02,"Banana, US",($/kg),1
2015-02,Orange,($/kg),0.7
2015-02,Beef **,($/kg),4.88
2015-02,Chicken **,($/kg),2.0299999999999998
2015-02,Lamb **,($/kg),7.71
2015-02,"Shrimps, Mexican",($/kg),17.48
2015-02,"Sugar, EU",($/kg),0.37
2015-02,"Sugar, US",($/kg),0.54
2015-02,"Sugar, world",($/kg),0.32
2015-02,"Tobacco, US import u.v.",($/mt),4911
2015-02,"Logs, Cameroon",($/cubic meter),397.5
2015-02,"Logs, Malaysian",($/cubic meter),250.9
2015-02,"Sawnwood, Cameroon",($/cubic meter),734.3
2015-02,"Sawnwood, Malaysian",($/cubic meter),835.2
2015-02,Plywood,(cents/sheet),460.2
2015-02,"Cotton, A Index",($/kg),1.54
2015-02,"Rubber, TSR20 **",($/kg),1.43
2015-02,"Rubber, RSS3",($/kg),1.82
2015-02,Phosphate rock,($/mt),121.3
2015-02,DAP,($/mt),444.1
2015-02,TSP,($/mt),382.5
2015-02,Urea,($/mt),305
2015-02,Potassium chloride **,($/mt),279.5
2015-02,Aluminum,($/mt),1818
2015-02,"Iron ore, cfr spot",($/dmtu),62.8
2015-02,Copper,($/mt),5729
2015-02,Lead,($/mt),1796
2015-02,Tin,($/mt),18234
2015-02,Nickel,($/mt),14574
2015-02,Zinc,($/mt),2098
2015-02,Gold,($/troy oz),1227
2015-02,Platinum,($/troy oz),1197
2015-02,Silver,($/troy oz),16.8
2015-03,"Crude oil, average",($/bbl),52.8
2015-03,"Crude oil, Brent",($/bbl),55.8
2015-03,"Crude oil, Dubai",($/bbl),54.9
2015-03,"Crude oil, WTI",($/bbl),47.8
2015-03,"Coal, Australian",($/mt),64.8
2015-03,"Coal, South African **",($/mt),59.9
2015-03,"Natural gas, US",($/mmbtu),2.8
2015-03,"Natural gas, Europe",($/mmbtu),8.27
2015-03,"Liquefied natural gas, Japan",($/mmbtu),13.04
2015-03,Natural gas index,(2010=100),82.2
2015-03,Cocoa,($/kg),2.88
2015-03,"Coffee, Arabica",($/kg),3.54
2015-03,"Coffee, Robusta",($/kg),2.0299999999999998
2015-03,"Tea, avg 3 auctions",($/kg),2.41
2015-03,"Tea, Colombo",($/kg),3.08
2015-03,"Tea, Kolkata",($/kg),1.42
2015-03,"Tea, Mombasa",($/kg),2.72
2015-03,Coconut oil,($/mt),1091
2015-03,Groundnuts,($/mt),1350
2015-03,Fish meal,($/mt),1571
2015-03,Groundnut oil **,($/mt),1345
2015-03,Palm oil,($/mt),699
2015-03,Palm kernel oil,($/mt),1021
2015-03,Soybeans,($/mt),410
2015-03,Soybean oil,($/mt),750
2015-03,Soybean meal,($/mt),412
2015-03,Rapeseed oil,($/mt),751
2015-03,Sunflower oil,($/mt),805
2015-03,Barley,($/mt),126.3
2015-03,Maize,($/mt),174.2
2015-03,Sorghum,($/mt),227.7
2015-03,"Rice, Thai 5%",($/mt),410
2015-03,"Rice, Thai 25%",($/mt),392
2015-03,"Rice, Thai A.1",($/mt),411
2015-03,"Rice, Viet Namese 5%",($/mt),360.7
2015-03,"Wheat, US SRW",($/mt),218.8
2015-03,"Wheat, US HRW",($/mt),230.8
2015-03,"Banana, Europe",($/kg),0.93
2015-03,"Banana, US",($/kg),1.04
2015-03,Orange,($/kg),0.63
2015-03,Beef **,($/kg),4.72
2015-03,Chicken **,($/kg),2.15
2015-03,Lamb **,($/kg),7.58
2015-03,"Shrimps, Mexican",($/kg),17.45
2015-03,"Sugar, EU",($/kg),0.35
2015-03,"Sugar, US",($/kg),0.53
2015-03,"Sugar, world",($/kg),0.28999999999999998
2015-03,"Tobacco, US import u.v.",($/mt),4962
2015-03,"Logs, Cameroon",($/cubic meter),379.2
2015-03,"Logs, Malaysian",($/cubic meter),247.3
2015-03,"Sawnwood, Cameroon",($/cubic meter),717.9
2015-03,"Sawnwood, Malaysian",($/cubic meter),816.6
2015-03,Plywood,(cents/sheet),453.6
2015-03,"Cotton, A Index",($/kg),1.53
2015-03,"Rubber, TSR20 **",($/kg),1.43
2015-03,"Rubber, RSS3",($/kg),1.74
2015-03,Phosphate rock,($/mt),123
2015-03,DAP,($/mt),428.8
2015-03,TSP,($/mt),383
2015-03,Urea,($/mt),295.5
2015-03,Potassium chloride **,($/mt),283.39999999999998
2015-03,Aluminum,($/mt),1774
2015-03,"Iron ore, cfr spot",($/dmtu),58.1
2015-03,Copper,($/mt),5940
2015-03,Lead,($/mt),1792
2015-03,Tin,($/mt),17422
2015-03,Nickel,($/mt),13756
2015-03,Zinc,($/mt),2029
2015-03,Gold,($/troy oz),1179
2015-03,Platinum,($/troy oz),1139
2015-03,Silver,($/troy oz),16.2
2015-04,"Crude oil, average",($/bbl),57.5
2015-04,"Crude oil, Brent",($/bbl),59.4
2015-04,"Crude oil, Dubai",($/bbl),58.8
2015-04,"Crude oil, WTI",($/bbl),54.4
2015-04,"Coal, Australian",($/mt),56.2
2015-04,"Coal, South African **",($/mt),59
2015-04,"Natural gas, US",($/mmbtu),2.58
2015-04,"Natural gas, Europe",($/mmbtu),6.77
2015-04,"Liquefied natural gas, Japan",($/mmbtu),10.94
2015-04,Natural gas index,(2010=100),70.900000000000006
2015-04,Cocoa,($/kg),2.87
2015-04,"Coffee, Arabica",($/kg),3.62
2015-04,"Coffee, Robusta",($/kg),2.0299999999999998
2015-04,"Tea, avg 3 auctions",($/kg),2.63
2015-04,"Tea, Colombo",($/kg),3.01
2015-04,"Tea, Kolkata",($/kg),2.13
2015-04,"Tea, Mombasa",($/kg),2.77
2015-04,Coconut oil,($/mt),1078
2015-04,Groundnuts,($/mt),1340
2015-04,Fish meal,($/mt),1570
2015-04,Groundnut oil **,($/mt),1345
2015-04,Palm oil,($/mt),683
2015-04,Palm kernel oil,($/mt),980
2015-04,Soybeans,($/mt),395
2015-04,Soybean oil,($/mt),748
2015-04,Soybean meal,($/mt),398
2015-04,Rapeseed oil,($/mt),748
2015-04,Sunflower oil,($/mt),834
2015-04,Barley,($/mt),129.1
2015-04,Maize,($/mt),172.1
2015-04,Sorghum,($/mt),224.2
2015-04,"Rice, Thai 5%",($/mt),399
2015-04,"Rice, Thai 25%",($/mt),384
2015-04,"Rice, Thai A.1",($/mt),400.3
2015-04,"Rice, Viet Namese 5%",($/mt),354
2015-04,"Wheat, US SRW",($/mt),209.7
2015-04,"Wheat, US HRW",($/mt),223.4
2015-04,"Banana, Europe",($/kg),0.91
2015-04,"Banana, US",($/kg),1.03
2015-04,Orange,($/kg),0.61
2015-04,Beef **,($/kg),4.82
2015-04,Chicken **,($/kg),2.31
2015-04,Lamb **,($/kg),7.77
2015-04,"Shrimps, Mexican",($/kg),16.93
2015-04,"Sugar, EU",($/kg),0.35
2015-04,"Sugar, US",($/kg),0.54
2015-04,"Sugar, world",($/kg),0.28999999999999998
2015-04,"Tobacco, US import u.v.",($/mt),4987
2015-04,"Logs, Cameroon",($/cubic meter),377.8
2015-04,"Logs, Malaysian",($/cubic meter),249.1
2015-04,"Sawnwood, Cameroon",($/cubic meter),715.9
2015-04,"Sawnwood, Malaysian",($/cubic meter),814.2
2015-04,Plywood,(cents/sheet),456.8
2015-04,"Cotton, A Index",($/kg),1.58
2015-04,"Rubber, TSR20 **",($/kg),1.41
2015-04,"Rubber, RSS3",($/kg),1.7
2015-04,Phosphate rock,($/mt),114.1
2015-04,DAP,($/mt),409
2015-04,TSP,($/mt),380
2015-04,Urea,($/mt),260
2015-04,Potassium chloride **,($/mt),299
2015-04,Aluminum,($/mt),1819
2015-04,"Iron ore, cfr spot",($/dmtu),52.3
2015-04,Copper,($/mt),6042
2015-04,Lead,($/mt),2005
2015-04,Tin,($/mt),15901
2015-04,Nickel,($/mt),12831
2015-04,Zinc,($/mt),2213
2015-04,Gold,($/troy oz),1199
2015-04,Platinum,($/troy oz),1151
2015-04,Silver,($/troy oz),16.3
2015-05,"Crude oil, average",($/bbl),62.5
2015-05,"Crude oil, Brent",($/bbl),64.599999999999994
2015-05,"Crude oil, Dubai",($/bbl),63.7
2015-05,"Crude oil, WTI",($/bbl),59.3
2015-05,"Coal, Australian",($/mt),61.2
2015-05,"Coal, South African **",($/mt),61.6
2015-05,"Natural gas, US",($/mmbtu),2.84
2015-05,"Natural gas, Europe",($/mmbtu),6.68
2015-05,"Liquefied natural gas, Japan",($/mmbtu),9.34
2015-05,Natural gas index,(2010=100),72.599999999999994
2015-05,Cocoa,($/kg),3.1
2015-05,"Coffee, Arabica",($/kg),3.49
2015-05,"Coffee, Robusta",($/kg),1.93
2015-05,"Tea, avg 3 auctions",($/kg),2.89
2015-05,"Tea, Colombo",($/kg),2.97
2015-05,"Tea, Kolkata",($/kg),2.6
2015-05,"Tea, Mombasa",($/kg),3.09
2015-05,Coconut oil,($/mt),1132
2015-05,Groundnuts,($/mt),1270
2015-05,Fish meal,($/mt),1620
2015-05,Groundnut oil **,($/mt),1345
2015-05,Palm oil,($/mt),697
2015-05,Palm kernel oil,($/mt),962
2015-05,Soybeans,($/mt),388
2015-05,Soybean oil,($/mt),785
2015-05,Soybean meal,($/mt),386
2015-05,Rapeseed oil,($/mt),770
2015-05,Sunflower oil,($/mt),916
2015-05,Barley,($/mt),126.8
2015-05,Maize,($/mt),166.3
2015-05,Sorghum,($/mt),217.4
2015-05,"Rice, Thai 5%",($/mt),381
2015-05,"Rice, Thai 25%",($/mt),368
2015-05,"Rice, Thai A.1",($/mt),386.5
2015-05,"Rice, Viet Namese 5%",($/mt),351
2015-05,"Wheat, US SRW",($/mt),200.8
2015-05,"Wheat, US HRW",($/mt),215.3
2015-05,"Banana, Europe",($/kg),0.94
2015-05,"Banana, US",($/kg),0.94
2015-05,Orange,($/kg),0.61
2015-05,Beef **,($/kg),4.5
2015-05,Chicken **,($/kg),2.35
2015-05,Lamb **,($/kg),7.48
2015-05,"Shrimps, Mexican",($/kg),15.86
2015-05,"Sugar, EU",($/kg),0.36
2015-05,"Sugar, US",($/kg),0.54
2015-05,"Sugar, world",($/kg),0.28999999999999998
2015-05,"Tobacco, US import u.v.",($/mt),5018
2015-05,"Logs, Cameroon",($/cubic meter),390.8
2015-05,"Logs, Malaysian",($/cubic meter),246.5
2015-05,"Sawnwood, Cameroon",($/cubic meter),740.7
2015-05,"Sawnwood, Malaysian",($/cubic meter),842.5
2015-05,Plywood,(cents/sheet),452.1
2015-05,"Cotton, A Index",($/kg),1.61
2015-05,"Rubber, TSR20 **",($/kg),1.55
2015-05,"Rubber, RSS3",($/kg),1.84
2015-05,Phosphate rock,($/mt),110.5
2015-05,DAP,($/mt),413.6
2015-05,TSP,($/mt),380
2015-05,Urea,($/mt),265
2015-05,Potassium chloride **,($/mt),300.89999999999998
2015-05,Aluminum,($/mt),1804
2015-05,"Iron ore, cfr spot",($/dmtu),60.3
2015-05,Copper,($/mt),6295
2015-05,Lead,($/mt),1992
2015-05,Tin,($/mt),15804
2015-05,Nickel,($/mt),13511
2015-05,Zinc,($/mt),2282
2015-05,Gold,($/troy oz),1199
2015-05,Platinum,($/troy oz),1140
2015-05,Silver,($/troy oz),16.8
2015-06,"Crude oil, average",($/bbl),61.3
2015-06,"Crude oil, Brent",($/bbl),62.3
2015-06,"Crude oil, Dubai",($/bbl),61.8
2015-06,"Crude oil, WTI",($/bbl),59.8
2015-06,"Coal, Australian",($/mt),59
2015-06,"Coal, South African **",($/mt),60.7
2015-06,"Natural gas, US",($/mmbtu),2.77
2015-06,"Natural gas, Europe",($/mmbtu),6.67
2015-06,"Liquefied natural gas, Japan",($/mmbtu),9.19
2015-06,Natural gas index,(2010=100),71.5
2015-06,Cocoa,($/kg),3.24
2015-06,"Coffee, Arabica",($/kg),3.52
2015-06,"Coffee, Robusta",($/kg),1.99
2015-06,"Tea, avg 3 auctions",($/kg),3
2015-06,"Tea, Colombo",($/kg),3.01
2015-06,"Tea, Kolkata",($/kg),2.71
2015-06,"Tea, Mombasa",($/kg),3.27
2015-06,Coconut oil,($/mt),1124
2015-06,Groundnuts,($/mt),1250
2015-06,Fish meal,($/mt),1547
2015-06,Groundnut oil **,($/mt),1366
2015-06,Palm oil,($/mt),706
2015-06,Palm kernel oil,($/mt),914
2015-06,Soybeans,($/mt),391
2015-06,Soybean oil,($/mt),788
2015-06,Soybean meal,($/mt),387
2015-06,Rapeseed oil,($/mt),842
2015-06,Sunflower oil,($/mt),928
2015-06,Barley,($/mt),119
2015-06,Maize,($/mt),166.7
2015-06,Sorghum,($/mt),221.1
2015-06,"Rice, Thai 5%",($/mt),376
2015-06,"Rice, Thai 25%",($/mt),365
2015-06,"Rice, Thai A.1",($/mt),376
2015-06,"Rice, Viet Namese 5%",($/mt),349
2015-06,"Wheat, US SRW",($/mt),205
2015-06,"Wheat, US HRW",($/mt),209.8
2015-06,"Banana, Europe",($/kg),0.9
2015-06,"Banana, US",($/kg),0.92
2015-06,Orange,($/kg),0.63
2015-06,Beef **,($/kg),4.4400000000000004
2015-06,Chicken **,($/kg),2.2799999999999998
2015-06,Lamb **,($/kg),7.28
2015-06,"Shrimps, Mexican",($/kg),13.79
2015-06,"Sugar, EU",($/kg),0.37
2015-06,"Sugar, US",($/kg),0.55000000000000004
2015-06,"Sugar, world",($/kg),0.27
2015-06,"Tobacco, US import u.v.",($/mt),4947
2015-06,"Logs, Cameroon",($/cubic meter),392.5
2015-06,"Logs, Malaysian",($/cubic meter),240.6
2015-06,"Sawnwood, Cameroon",($/cubic meter),745.3
2015-06,"Sawnwood, Malaysian",($/cubic meter),847.7
2015-06,Plywood,(cents/sheet),441.3
2015-06,"Cotton, A Index",($/kg),1.6
2015-06,"Rubber, TSR20 **",($/kg),1.58
2015-06,"Rubber, RSS3",($/kg),1.82
2015-06,Phosphate rock,($/mt),118.9
2015-06,DAP,($/mt),421.4
2015-06,TSP,($/mt),380
2015-06,Urea,($/mt),288.8
2015-06,Potassium chloride **,($/mt),301.5
2015-06,Aluminum,($/mt),1688
2015-06,"Iron ore, cfr spot",($/dmtu),62.6
2015-06,Copper,($/mt),5833
2015-06,Lead,($/mt),1830
2015-06,Tin,($/mt),15065
2015-06,Nickel,($/mt),12825
2015-06,Zinc,($/mt),2082
2015-06,Gold,($/troy oz),1182
2015-06,Platinum,($/troy oz),1089
2015-06,Silver,($/troy oz),16.100000000000001
2015-07,"Crude oil, average",($/bbl),54.3
2015-07,"Crude oil, Brent",($/bbl),55.9
2015-07,"Crude oil, Dubai",($/bbl),56.3
2015-07,"Crude oil, WTI",($/bbl),50.9
2015-07,"Coal, Australian",($/mt),59.9
2015-07,"Coal, South African **",($/mt),57.9
2015-07,"Natural gas, US",($/mmbtu),2.83
2015-07,"Natural gas, Europe",($/mmbtu),6.69
2015-07,"Liquefied natural gas, Japan",($/mmbtu),9.5
2015-07,Natural gas index,(2010=100),72.599999999999994
2015-07,Cocoa,($/kg),3.33
2015-07,"Coffee, Arabica",($/kg),3.41
2015-07,"Coffee, Robusta",($/kg),1.92
2015-07,"Tea, avg 3 auctions",($/kg),3.1
2015-07,"Tea, Colombo",($/kg),3.04
2015-07,"Tea, Kolkata",($/kg),2.86
2015-07,"Tea, Mombasa",($/kg),3.39
2015-07,Coconut oil,($/mt),1103
2015-07,Groundnuts,($/mt),1269
2015-07,Fish meal,($/mt),1440
2015-07,Groundnut oil **,($/mt),1389
2015-07,Palm oil,($/mt),680
2015-07,Palm kernel oil,($/mt),869
2015-07,Soybeans,($/mt),406
2015-07,Soybean oil,($/mt),752
2015-07,Soybean meal,($/mt),407
2015-07,Rapeseed oil,($/mt),810
2015-07,Sunflower oil,($/mt),917
2015-07,Barley,($/mt),124
2015-07,Maize,($/mt),179.6
2015-07,Sorghum,($/mt),222.9
2015-07,"Rice, Thai 5%",($/mt),392
2015-07,"Rice, Thai 25%",($/mt),376
2015-07,"Rice, Thai A.1",($/mt),389.9
2015-07,"Rice, Viet Namese 5%",($/mt),345.8
2015-07,"Wheat, US SRW",($/mt),207.4
2015-07,"Wheat, US HRW",($/mt),197.3
2015-07,"Banana, Europe",($/kg),0.89
2015-07,"Banana, US",($/kg),0.94
2015-07,Orange,($/kg),0.64
2015-07,Beef **,($/kg),4.6500000000000004
2015-07,Chicken **,($/kg),2.0699999999999998
2015-07,Lamb **,($/kg),7.28
2015-07,"Shrimps, Mexican",($/kg),12.26
2015-07,"Sugar, EU",($/kg),0.36
2015-07,"Sugar, US",($/kg),0.54
2015-07,"Sugar, world",($/kg),0.28000000000000003
2015-07,"Tobacco, US import u.v.",($/mt),4878
2015-07,"Logs, Cameroon",($/cubic meter),385.1
2015-07,"Logs, Malaysian",($/cubic meter),241.3
2015-07,"Sawnwood, Cameroon",($/cubic meter),745.6
2015-07,"Sawnwood, Malaysian",($/cubic meter),848.1
2015-07,Plywood,(cents/sheet),442.5
2015-07,"Cotton, A Index",($/kg),1.6
2015-07,"Rubber, TSR20 **",($/kg),1.45
2015-07,"Rubber, RSS3",($/kg),1.64
2015-07,Phosphate rock,($/mt),121
2015-07,DAP,($/mt),431.5
2015-07,TSP,($/mt),380
2015-07,Urea,($/mt),283.8
2015-07,Potassium chloride **,($/mt),301.5
2015-07,Aluminum,($/mt),1640
2015-07,"Iron ore, cfr spot",($/dmtu),52.4
2015-07,Copper,($/mt),5457
2015-07,Lead,($/mt),1763
2015-07,Tin,($/mt),15072
2015-07,Nickel,($/mt),11413
2015-07,Zinc,($/mt),2001
2015-07,Gold,($/troy oz),1128
2015-07,Platinum,($/troy oz),1009
2015-07,Silver,($/troy oz),15.1
2015-08,"Crude oil, average",($/bbl),45.7
2015-08,"Crude oil, Brent",($/bbl),47
2015-08,"Crude oil, Dubai",($/bbl),47.2
2015-08,"Crude oil, WTI",($/bbl),42.9
2015-08,"Coal, Australian",($/mt),59.1
2015-08,"Coal, South African **",($/mt),55
2015-08,"Natural gas, US",($/mmbtu),2.76
2015-08,"Natural gas, Europe",($/mmbtu),6.35
2015-08,"Liquefied natural gas, Japan",($/mmbtu),9.82
2015-08,Natural gas index,(2010=100),70.400000000000006
2015-08,Cocoa,($/kg),3.15
2015-08,"Coffee, Arabica",($/kg),3.46
2015-08,"Coffee, Robusta",($/kg),1.89
2015-08,"Tea, avg 3 auctions",($/kg),2.96
2015-08,"Tea, Colombo",($/kg),2.91
2015-08,"Tea, Kolkata",($/kg),2.8
2015-08,"Tea, Mombasa",($/kg),3.17
2015-08,Coconut oil,($/mt),1032
2015-08,Groundnuts,($/mt),1234
2015-08,Fish meal,($/mt),1466
2015-08,Groundnut oil **,($/mt),1392
2015-08,Palm oil,($/mt),601
2015-08,Palm kernel oil,($/mt),735
2015-08,Soybeans,($/mt),379
2015-08,Soybean oil,($/mt),728
2015-08,Soybean meal,($/mt),386
2015-08,Rapeseed oil,($/mt),754
2015-08,Sunflower oil,($/mt),895
2015-08,Barley,($/mt),110.7
2015-08,Maize,($/mt),162.6
2015-08,Sorghum,($/mt),183.5
2015-08,"Rice, Thai 5%",($/mt),373
2015-08,"Rice, Thai 25%",($/mt),362
2015-08,"Rice, Thai A.1",($/mt),377.5
2015-08,"Rice, Viet Namese 5%",($/mt),340.1
2015-08,"Wheat, US SRW",($/mt),187.9
2015-08,"Wheat, US HRW",($/mt),179.7
2015-08,"Banana, Europe",($/kg),0.9
2015-08,"Banana, US",($/kg),0.96
2015-08,Orange,($/kg),0.68
2015-08,Beef **,($/kg),4.7699999999999996
2015-08,Chicken **,($/kg),1.82
2015-08,Lamb **,($/kg),7.28
2015-08,"Shrimps, Mexican",($/kg),10.39
2015-08,"Sugar, EU",($/kg),0.36
2015-08,"Sugar, US",($/kg),0.54
2015-08,"Sugar, world",($/kg),0.25
2015-08,"Tobacco, US import u.v.",($/mt),4926
2015-08,"Logs, Cameroon",($/cubic meter),389.8
2015-08,"Logs, Malaysian",($/cubic meter),241.7
2015-08,"Sawnwood, Cameroon",($/cubic meter),747.3
2015-08,"Sawnwood, Malaysian",($/cubic meter),850
2015-08,Plywood,(cents/sheet),443.3
2015-08,"Cotton, A Index",($/kg),1.58
2015-08,"Rubber, TSR20 **",($/kg),1.31
2015-08,"Rubber, RSS3",($/kg),1.45
2015-08,Phosphate rock,($/mt),121
2015-08,DAP,($/mt),434.6
2015-08,TSP,($/mt),378.8
2015-08,Urea,($/mt),274.60000000000002
2015-08,Potassium chloride **,($/mt),301.5
2015-08,Aluminum,($/mt),1548
2015-08,"Iron ore, cfr spot",($/dmtu),56.2
2015-08,Copper,($/mt),5127
2015-08,Lead,($/mt),1704
2015-08,Tin,($/mt),15164
2015-08,Nickel,($/mt),10386
2015-08,Zinc,($/mt),1808
2015-08,Gold,($/troy oz),1118
2015-08,Platinum,($/troy oz),984
2015-08,Silver,($/troy oz),14.9
2015-09,"Crude oil, average",($/bbl),46.3
2015-09,"Crude oil, Brent",($/bbl),47.2
2015-09,"Crude oil, Dubai",($/bbl),46.2
2015-09,"Crude oil, WTI",($/bbl),45.5
2015-09,"Coal, Australian",($/mt),57.7
2015-09,"Coal, South African **",($/mt),51.4
2015-09,"Natural gas, US",($/mmbtu),2.65
2015-09,"Natural gas, Europe",($/mmbtu),6.28
2015-09,"Liquefied natural gas, Japan",($/mmbtu),10.31
2015-09,Natural gas index,(2010=100),69
2015-09,Cocoa,($/kg),3.28
2015-09,"Coffee, Arabica",($/kg),3.22
2015-09,"Coffee, Robusta",($/kg),1.8
2015-09,"Tea, avg 3 auctions",($/kg),2.78
2015-09,"Tea, Colombo",($/kg),2.65
2015-09,"Tea, Kolkata",($/kg),2.59
2015-09,"Tea, Mombasa",($/kg),3.1
2015-09,Coconut oil,($/mt),1052
2015-09,Groundnuts,($/mt),1280
2015-09,Fish meal,($/mt),1472
2015-09,Groundnut oil **,($/mt),1400
2015-09,Palm oil,($/mt),600
2015-09,Palm kernel oil,($/mt),800
2015-09,Soybeans,($/mt),367
2015-09,Soybean oil,($/mt),720
2015-09,Soybean meal,($/mt),374
2015-09,Rapeseed oil,($/mt),772
2015-09,Sunflower oil,($/mt),897
2015-09,Barley,($/mt),109.8
2015-09,Maize,($/mt),165.6
2015-09,Sorghum,($/mt),173.6
2015-09,"Rice, Thai 5%",($/mt),357
2015-09,"Rice, Thai 25%",($/mt),347
2015-09,"Rice, Thai A.1",($/mt),360
2015-09,"Rice, Viet Namese 5%",($/mt),326.39999999999998
2015-09,"Wheat, US SRW",($/mt),194
2015-09,"Wheat, US HRW",($/mt),172.7
2015-09,"Banana, Europe",($/kg),0.91
2015-09,"Banana, US",($/kg),0.95
2015-09,Orange,($/kg),0.63
2015-09,Beef **,($/kg),4.58
2015-09,Chicken **,($/kg),1.69
2015-09,Lamb **,($/kg),7.28
2015-09,"Shrimps, Mexican",($/kg),8.77
2015-09,"Sugar, EU",($/kg),0.37
2015-09,"Sugar, US",($/kg),0.53
2015-09,"Sugar, world",($/kg),0.26
2015-09,"Tobacco, US import u.v.",($/mt),4887
2015-09,"Logs, Cameroon",($/cubic meter),393
2015-09,"Logs, Malaysian",($/cubic meter),247.8
2015-09,"Sawnwood, Cameroon",($/cubic meter),735.6
2015-09,"Sawnwood, Malaysian",($/cubic meter),836.7
2015-09,Plywood,(cents/sheet),454.5
2015-09,"Cotton, A Index",($/kg),1.52
2015-09,"Rubber, TSR20 **",($/kg),1.24
2015-09,"Rubber, RSS3",($/kg),1.35
2015-09,Phosphate rock,($/mt),124
2015-09,DAP,($/mt),428
2015-09,TSP,($/mt),379
2015-09,Urea,($/mt),279.39999999999998
2015-09,Potassium chloride **,($/mt),301.5
2015-09,Aluminum,($/mt),1590
2015-09,"Iron ore, cfr spot",($/dmtu),57
2015-09,Copper,($/mt),5217
2015-09,Lead,($/mt),1684
2015-09,Tin,($/mt),15453
2015-09,Nickel,($/mt),9938
2015-09,Zinc,($/mt),1720
2015-09,Gold,($/troy oz),1125
2015-09,Platinum,($/troy oz),964
2015-09,Silver,($/troy oz),14.8
2015-10,"Crude oil, average",($/bbl),47
2015-10,"Crude oil, Brent",($/bbl),48.1
2015-10,"Crude oil, Dubai",($/bbl),46.6
2015-10,"Crude oil, WTI",($/bbl),46.2
2015-10,"Coal, Australian",($/mt),54.3
2015-10,"Coal, South African **",($/mt),50.1
2015-10,"Natural gas, US",($/mmbtu),2.3199999999999998
2015-10,"Natural gas, Europe",($/mmbtu),6.03
2015-10,"Liquefied natural gas, Japan",($/mmbtu),10.11
2015-10,Natural gas index,(2010=100),63.6
2015-10,Cocoa,($/kg),3.2
2015-10,"Coffee, Arabica",($/kg),3.38
2015-10,"Coffee, Robusta",($/kg),1.82
2015-10,"Tea, avg 3 auctions",($/kg),2.86
2015-10,"Tea, Colombo",($/kg),2.81
2015-10,"Tea, Kolkata",($/kg),2.54
2015-10,"Tea, Mombasa",($/kg),3.24
2015-10,Coconut oil,($/mt),1104
2015-10,Groundnuts,($/mt),1280
2015-10,Fish meal,($/mt),1520
2015-10,Groundnut oil **,($/mt),1400
2015-10,Palm oil,($/mt),637
2015-10,Palm kernel oil,($/mt),858
2015-10,Soybeans,($/mt),376
2015-10,Soybean oil,($/mt),743
2015-10,Soybean meal,($/mt),373
2015-10,Rapeseed oil,($/mt),809
2015-10,Sunflower oil,($/mt),962
2015-10,Barley,($/mt),118
2015-10,Maize,($/mt),171.4
2015-10,Sorghum,($/mt),177.5
2015-10,"Rice, Thai 5%",($/mt),373
2015-10,"Rice, Thai 25%",($/mt),362
2015-10,"Rice, Thai A.1",($/mt),369.3
2015-10,"Rice, Viet Namese 5%",($/mt),342.4
2015-10,"Wheat, US SRW",($/mt),206.3
2015-10,"Wheat, US HRW",($/mt),172.7
2015-10,"Banana, Europe",($/kg),0.93
2015-10,"Banana, US",($/kg),0.93
2015-10,Orange,($/kg),0.66
2015-10,Beef **,($/kg),4.24
2015-10,Chicken **,($/kg),1.61
2015-10,Lamb **,($/kg),7.28
2015-10,"Shrimps, Mexican",($/kg),8.7100000000000009
2015-10,"Sugar, EU",($/kg),0.37
2015-10,"Sugar, US",($/kg),0.55000000000000004
2015-10,"Sugar, world",($/kg),0.31
2015-10,"Tobacco, US import u.v.",($/mt),4858
2015-10,"Logs, Cameroon",($/cubic meter),393.3
2015-10,"Logs, Malaysian",($/cubic meter),248.1
2015-10,"Sawnwood, Cameroon",($/cubic meter),734.8
2015-10,"Sawnwood, Malaysian",($/cubic meter),835.8
2015-10,Plywood,(cents/sheet),455
2015-10,"Cotton, A Index",($/kg),1.52
2015-10,"Rubber, TSR20 **",($/kg),1.24
2015-10,"Rubber, RSS3",($/kg),1.33
2015-10,Phosphate rock,($/mt),123.5
2015-10,DAP,($/mt),423.8
2015-10,TSP,($/mt),380
2015-10,Urea,($/mt),250.6
2015-10,Potassium chloride **,($/mt),301.5
2015-10,Aluminum,($/mt),1516
2015-10,"Iron ore, cfr spot",($/dmtu),53.1
2015-10,Copper,($/mt),5216
2015-10,Lead,($/mt),1720
2015-10,Tin,($/mt),15795
2015-10,Nickel,($/mt),10317
2015-10,Zinc,($/mt),1724
2015-10,Gold,($/troy oz),1159
2015-10,Platinum,($/troy oz),977
2015-10,Silver,($/troy oz),15.8
2015-11,"Crude oil, average",($/bbl),43.1
2015-11,"Crude oil, Brent",($/bbl),44.4
2015-11,"Crude oil, Dubai",($/bbl),42.2
2015-11,"Crude oil, WTI",($/bbl),42.7
2015-11,"Coal, Australian",($/mt),52.5
2015-11,"Coal, South African **",($/mt),53.3
2015-11,"Natural gas, US",($/mmbtu),2.08
2015-11,"Natural gas, Europe",($/mmbtu),5.5
2015-11,"Liquefied natural gas, Japan",($/mmbtu),9.52
2015-11,Natural gas index,(2010=100),57.8
2015-11,Cocoa,($/kg),3.36
2015-11,"Coffee, Arabica",($/kg),3.26
2015-11,"Coffee, Robusta",($/kg),1.8
2015-11,"Tea, avg 3 auctions",($/kg),2.82
2015-11,"Tea, Colombo",($/kg),2.92
2015-11,"Tea, Kolkata",($/kg),2.4900000000000002
2015-11,"Tea, Mombasa",($/kg),3.06
2015-11,Coconut oil,($/mt),1071
2015-11,Groundnuts,($/mt),1308
2015-11,Fish meal,($/mt),1518
2015-11,Groundnut oil **,($/mt),1413
2015-11,Palm oil,($/mt),608
2015-11,Palm kernel oil,($/mt),789
2015-11,Soybeans,($/mt),368
2015-11,Soybean oil,($/mt),727
2015-11,Soybean meal,($/mt),351
2015-11,Rapeseed oil,($/mt),800
2015-11,Sunflower oil,($/mt),915
2015-11,Barley,($/mt),119.4
2015-11,Maize,($/mt),166.2
2015-11,Sorghum,($/mt),169.1
2015-11,"Rice, Thai 5%",($/mt),368
2015-11,"Rice, Thai 25%",($/mt),359
2015-11,"Rice, Thai A.1",($/mt),366.2
2015-11,"Rice, Viet Namese 5%",($/mt),353.6
2015-11,"Wheat, US SRW",($/mt),203.4
2015-11,"Wheat, US HRW",($/mt),177.1
2015-11,"Banana, Europe",($/kg),0.85
2015-11,"Banana, US",($/kg),0.93
2015-11,Orange,($/kg),0.77
2015-11,Beef **,($/kg),4.03
2015-11,Chicken **,($/kg),1.62
2015-11,Lamb **,($/kg),7.52
2015-11,"Shrimps, Mexican",($/kg),9.6300000000000008
2015-11,"Sugar, EU",($/kg),0.35
2015-11,"Sugar, US",($/kg),0.56999999999999995
2015-11,"Sugar, world",($/kg),0.32
2015-11,"Tobacco, US import u.v.",($/mt),4813
2015-11,"Logs, Cameroon",($/cubic meter),375.9
2015-11,"Logs, Malaysian",($/cubic meter),242.9
2015-11,"Sawnwood, Cameroon",($/cubic meter),728.5
2015-11,"Sawnwood, Malaysian",($/cubic meter),828.6
2015-11,Plywood,(cents/sheet),445.5
2015-11,"Cotton, A Index",($/kg),1.53
2015-11,"Rubber, TSR20 **",($/kg),1.1599999999999999
2015-11,"Rubber, RSS3",($/kg),1.24
2015-11,Phosphate rock,($/mt),123.5
2015-11,DAP,($/mt),383.9
2015-11,TSP,($/mt),366.4
2015-11,Urea,($/mt),263.60000000000002
2015-11,Potassium chloride **,($/mt),301.5
2015-11,Aluminum,($/mt),1468
2015-11,"Iron ore, cfr spot",($/dmtu),46.9
2015-11,Copper,($/mt),4800
2015-11,Lead,($/mt),1618
2015-11,Tin,($/mt),14745
2015-11,Nickel,($/mt),9244
2015-11,Zinc,($/mt),1583
2015-11,Gold,($/troy oz),1086
2015-11,Platinum,($/troy oz),885
2015-11,Silver,($/troy oz),14.5
2015-12,"Crude oil, average",($/bbl),36.6
2015-12,"Crude oil, Brent",($/bbl),37.700000000000003
2015-12,"Crude oil, Dubai",($/bbl),34.799999999999997
2015-12,"Crude oil, WTI",($/bbl),37.200000000000003
2015-12,"Coal, Australian",($/mt),52.2
2015-12,"Coal, South African **",($/mt),48.8
2015-12,"Natural gas, US",($/mmbtu),1.92
2015-12,"Natural gas, Europe",($/mmbtu),5.09
2015-12,"Liquefied natural gas, Japan",($/mmbtu),9.08
2015-12,Natural gas index,(2010=100),53.7
2015-12,Cocoa,($/kg),3.35
2015-12,"Coffee, Arabica",($/kg),3.28
2015-12,"Coffee, Robusta",($/kg),1.75
2015-12,"Tea, avg 3 auctions",($/kg),2.81
2015-12,"Tea, Colombo",($/kg),2.95
2015-12,"Tea, Kolkata",($/kg),2.4500000000000002
2015-12,"Tea, Mombasa",($/kg),3.03
2015-12,Coconut oil,($/mt),1150
2015-12,Groundnuts,($/mt),1336
2015-12,Fish meal,($/mt),1537
2015-12,Groundnut oil **,($/mt),1446
2015-12,Palm oil,($/mt),607
2015-12,Palm kernel oil,($/mt),850
2015-12,Soybeans,($/mt),368
2015-12,Soybean oil,($/mt),766
2015-12,Soybean meal,($/mt),338
2015-12,Rapeseed oil,($/mt),821
2015-12,Sunflower oil,($/mt),898
2015-12,Barley,($/mt),119.4
2015-12,Maize,($/mt),163.9
2015-12,Sorghum,($/mt),169.8
2015-12,"Rice, Thai 5%",($/mt),363
2015-12,"Rice, Thai 25%",($/mt),356
2015-12,"Rice, Thai A.1",($/mt),360.2
2015-12,"Rice, Viet Namese 5%",($/mt),371
2015-12,"Wheat, US SRW",($/mt),192
2015-12,"Wheat, US HRW",($/mt),189.2
2015-12,"Banana, Europe",($/kg),0.86
2015-12,"Banana, US",($/kg),0.93
2015-12,Orange,($/kg),0.77
2015-12,Beef **,($/kg),3.8
2015-12,Chicken **,($/kg),1.74
2015-12,Lamb **,($/kg),7.61
2015-12,"Shrimps, Mexican",($/kg),9.89
2015-12,"Sugar, EU",($/kg),0.36
2015-12,"Sugar, US",($/kg),0.56999999999999995
2015-12,"Sugar, world",($/kg),0.32
2015-12,"Tobacco, US import u.v.",($/mt),4790
2015-12,"Logs, Cameroon",($/cubic meter),380.6
2015-12,"Logs, Malaysian",($/cubic meter),244.6
2015-12,"Sawnwood, Cameroon",($/cubic meter),718.2
2015-12,"Sawnwood, Malaysian",($/cubic meter),816.8
2015-12,Plywood,(cents/sheet),448.7
2015-12,"Cotton, A Index",($/kg),1.55
2015-12,"Rubber, TSR20 **",($/kg),1.1599999999999999
2015-12,"Rubber, RSS3",($/kg),1.27
2015-12,Phosphate rock,($/mt),123.5
2015-12,DAP,($/mt),340.6
2015-12,TSP,($/mt),360
2015-12,Urea,($/mt),264
2015-12,Potassium chloride **,($/mt),301.5
2015-12,Aluminum,($/mt),1497
2015-12,"Iron ore, cfr spot",($/dmtu),40.5
2015-12,Copper,($/mt),4639
2015-12,Lead,($/mt),1707
2015-12,Tin,($/mt),14692
2015-12,Nickel,($/mt),8708
2015-12,Zinc,($/mt),1528
2015-12,Gold,($/troy oz),1076
2015-12,Platinum,($/troy oz),860
2015-12,Silver,($/troy oz),14.1
2016-01,"Crude oil, average",($/bbl),29.8
2016-01,"Crude oil, Brent",($/bbl),30.8
2016-01,"Crude oil, Dubai",($/bbl),27
2016-01,"Crude oil, WTI",($/bbl),31.5
2016-01,"Coal, Australian",($/mt),49
2016-01,"Coal, South African **",($/mt),49.1
2016-01,"Natural gas, US",($/mmbtu),2.27
2016-01,"Natural gas, Europe",($/mmbtu),4.4000000000000004
2016-01,"Liquefied natural gas, Japan",($/mmbtu),8.4
2016-01,Natural gas index,(2010=100),54.2
2016-01,Cocoa,($/kg),2.95
2016-01,"Coffee, Arabica",($/kg),3.2
2016-01,"Coffee, Robusta",($/kg),1.65
2016-01,"Tea, avg 3 auctions",($/kg),2.5499999999999998
2016-01,"Tea, Colombo",($/kg),2.85
2016-01,"Tea, Kolkata",($/kg),2.08
2016-01,"Tea, Mombasa",($/kg),2.72
2016-01,Coconut oil,($/mt),1152
2016-01,Groundnuts,($/mt),1308
2016-01,Fish meal,($/mt),1499
2016-01,Groundnut oil **,($/mt),1360
2016-01,Palm oil,($/mt),612
2016-01,Palm kernel oil,($/mt),896
2016-01,Soybeans,($/mt),373
2016-01,Soybean oil,($/mt),736
2016-01,Soybean meal,($/mt),336
2016-01,Rapeseed oil,($/mt),781
2016-01,Sunflower oil,($/mt),885
2016-01,Barley,($/mt),118.5
2016-01,Maize,($/mt),161
2016-01,Sorghum,($/mt),164.9
2016-01,"Rice, Thai 5%",($/mt),369
2016-01,"Rice, Thai 25%",($/mt),361
2016-01,"Rice, Thai A.1",($/mt),366.2
2016-01,"Rice, Viet Namese 5%",($/mt),364.9
2016-01,"Wheat, US SRW",($/mt),191.7
2016-01,"Wheat, US HRW",($/mt),193.3
2016-01,"Banana, Europe",($/kg),0.86
2016-01,"Banana, US",($/kg),1.04
2016-01,Orange,($/kg),0.69
2016-01,Beef **,($/kg),3.63
2016-01,Chicken **,($/kg),1.85
2016-01,Lamb **,($/kg),7.61
2016-01,"Shrimps, Mexican",($/kg),10.47
2016-01,"Sugar, EU",($/kg),0.35
2016-01,"Sugar, US",($/kg),0.56999999999999995
2016-01,"Sugar, world",($/kg),0.31
2016-01,"Tobacco, US import u.v.",($/mt),4731
2016-01,"Logs, Cameroon",($/cubic meter),380.2
2016-01,"Logs, Malaysian",($/cubic meter),251.8
2016-01,"Sawnwood, Cameroon",($/cubic meter),690.7
2016-01,"Sawnwood, Malaysian",($/cubic meter),785.6
2016-01,Plywood,(cents/sheet),461.8
2016-01,"Cotton, A Index",($/kg),1.52
2016-01,"Rubber, TSR20 **",($/kg),1.08
2016-01,"Rubber, RSS3",($/kg),1.23
2016-01,Phosphate rock,($/mt),122.6
2016-01,DAP,($/mt),327.10000000000002
2016-01,TSP,($/mt),334
2016-01,Urea,($/mt),233.9
2016-01,Potassium chloride **,($/mt),301.5
2016-01,Aluminum,($/mt),1481
2016-01,"Iron ore, cfr spot",($/dmtu),41.9
2016-01,Copper,($/mt),4472
2016-01,Lead,($/mt),1646
2016-01,Tin,($/mt),13808
2016-01,Nickel,($/mt),8507
2016-01,Zinc,($/mt),1520
2016-01,Gold,($/troy oz),1098
2016-01,Platinum,($/troy oz),855
2016-01,Silver,($/troy oz),14.1
2016-02,"Crude oil, average",($/bbl),31
2016-02,"Crude oil, Brent",($/bbl),33.200000000000003
2016-02,"Crude oil, Dubai",($/bbl),29.5
2016-02,"Crude oil, WTI",($/bbl),30.4
2016-02,"Coal, Australian",($/mt),50.3
2016-02,"Coal, South African **",($/mt),50.3
2016-02,"Natural gas, US",($/mmbtu),1.96
2016-02,"Natural gas, Europe",($/mmbtu),3.97
2016-02,"Liquefied natural gas, Japan",($/mmbtu),8.56
2016-02,Natural gas index,(2010=100),48.4
2016-02,Cocoa,($/kg),2.92
2016-02,"Coffee, Arabica",($/kg),3.26
2016-02,"Coffee, Robusta",($/kg),1.63
2016-02,"Tea, avg 3 auctions",($/kg),2.35
2016-02,"Tea, Colombo",($/kg),2.83
2016-02,"Tea, Kolkata",($/kg),1.75
2016-02,"Tea, Mombasa",($/kg),2.48
2016-02,Coconut oil,($/mt),1219
2016-02,Groundnuts,($/mt),1280
2016-02,Fish meal,($/mt),1512
2016-02,Groundnut oil **,($/mt),1317
2016-02,Palm oil,($/mt),679
2016-02,Palm kernel oil,($/mt),987
2016-02,Soybeans,($/mt),374
2016-02,Soybean oil,($/mt),767
2016-02,Soybean meal,($/mt),323
2016-02,Rapeseed oil,($/mt),780
2016-02,Sunflower oil,($/mt),898
2016-02,Barley,($/mt),114.8
2016-02,Maize,($/mt),159.69999999999999
2016-02,Sorghum,($/mt),164.9
2016-02,"Rice, Thai 5%",($/mt),384
2016-02,"Rice, Thai 25%",($/mt),374
2016-02,"Rice, Thai A.1",($/mt),377.4
2016-02,"Rice, Viet Namese 5%",($/mt),360.1
2016-02,"Wheat, US SRW",($/mt),188.4
2016-02,"Wheat, US HRW",($/mt),187
2016-02,"Banana, Europe",($/kg),0.93
2016-02,"Banana, US",($/kg),1.05
2016-02,Orange,($/kg),0.69
2016-02,Beef **,($/kg),3.86
2016-02,Chicken **,($/kg),1.77
2016-02,Lamb **,($/kg),7.59
2016-02,"Shrimps, Mexican",($/kg),10.8
2016-02,"Sugar, EU",($/kg),0.36
2016-02,"Sugar, US",($/kg),0.56000000000000005
2016-02,"Sugar, world",($/kg),0.28999999999999998
2016-02,"Tobacco, US import u.v.",($/mt),4670
2016-02,"Logs, Cameroon",($/cubic meter),388.4
2016-02,"Logs, Malaysian",($/cubic meter),259.3
2016-02,"Sawnwood, Cameroon",($/cubic meter),685.9
2016-02,"Sawnwood, Malaysian",($/cubic meter),780.1
2016-02,Plywood,(cents/sheet),475.7
2016-02,"Cotton, A Index",($/kg),1.47
2016-02,"Rubber, TSR20 **",($/kg),1.1000000000000001
2016-02,"Rubber, RSS3",($/kg),1.27
2016-02,Phosphate rock,($/mt),114.5
2016-02,DAP,($/mt),326
2016-02,TSP,($/mt),286.3
2016-02,Urea,($/mt),191.9
2016-02,Potassium chloride **,($/mt),301.5
2016-02,Aluminum,($/mt),1531
2016-02,"Iron ore, cfr spot",($/dmtu),46.8
2016-02,Copper,($/mt),4599
2016-02,Lead,($/mt),1766
2016-02,Tin,($/mt),15610
2016-02,Nickel,($/mt),8299
2016-02,Zinc,($/mt),1710
2016-02,Gold,($/troy oz),1200
2016-02,Platinum,($/troy oz),919
2016-02,Silver,($/troy oz),15.2
2016-03,"Crude oil, average",($/bbl),37.299999999999997
2016-03,"Crude oil, Brent",($/bbl),39.1
2016-03,"Crude oil, Dubai",($/bbl),35.200000000000003
2016-03,"Crude oil, WTI",($/bbl),37.799999999999997
2016-03,"Coal, Australian",($/mt),52.2
2016-03,"Coal, South African **",($/mt),52.6
2016-03,"Natural gas, US",($/mmbtu),1.7
2016-03,"Natural gas, Europe",($/mmbtu),3.91
2016-03,"Liquefied natural gas, Japan",($/mmbtu),7.74
2016-03,Natural gas index,(2010=100),44.5
2016-03,Cocoa,($/kg),3.07
2016-03,"Coffee, Arabica",($/kg),3.47
2016-03,"Coffee, Robusta",($/kg),1.67
2016-03,"Tea, avg 3 auctions",($/kg),2.31
2016-03,"Tea, Colombo",($/kg),2.87
2016-03,"Tea, Kolkata",($/kg),1.77
2016-03,"Tea, Mombasa",($/kg),2.2999999999999998
2016-03,Coconut oil,($/mt),1440
2016-03,Groundnuts,($/mt),1280
2016-03,Fish meal,($/mt),1444
2016-03,Groundnut oil **,($/mt),1301
2016-03,Palm oil,($/mt),716
2016-03,Palm kernel oil,($/mt),1211
2016-03,Soybeans,($/mt),381
2016-03,Soybean oil,($/mt),766
2016-03,Soybean meal,($/mt),319
2016-03,Rapeseed oil,($/mt),766
2016-03,Sunflower oil,($/mt),859
2016-03,Barley,($/mt),113
2016-03,Maize,($/mt),159.1
2016-03,Sorghum,($/mt),160.5
2016-03,"Rice, Thai 5%",($/mt),384
2016-03,"Rice, Thai 25%",($/mt),375
2016-03,"Rice, Thai A.1",($/mt),374.9
2016-03,"Rice, Viet Namese 5%",($/mt),360.2
2016-03,"Wheat, US SRW",($/mt),189.7
2016-03,"Wheat, US HRW",($/mt),191.1
2016-03,"Banana, Europe",($/kg),0.94
2016-03,"Banana, US",($/kg),1.01
2016-03,Orange,($/kg),0.68
2016-03,Beef **,($/kg),4.03
2016-03,Chicken **,($/kg),1.85
2016-03,Lamb **,($/kg),7.39
2016-03,"Shrimps, Mexican",($/kg),10.67
2016-03,"Sugar, EU",($/kg),0.36
2016-03,"Sugar, US",($/kg),0.57999999999999996
2016-03,"Sugar, world",($/kg),0.34
2016-03,"Tobacco, US import u.v.",($/mt),4570
2016-03,"Logs, Cameroon",($/cubic meter),388.9
2016-03,"Logs, Malaysian",($/cubic meter),263.60000000000002
2016-03,"Sawnwood, Cameroon",($/cubic meter),681.4
2016-03,"Sawnwood, Malaysian",($/cubic meter),775
2016-03,Plywood,(cents/sheet),483.5
2016-03,"Cotton, A Index",($/kg),1.44
2016-03,"Rubber, TSR20 **",($/kg),1.28
2016-03,"Rubber, RSS3",($/kg),1.46
2016-03,Phosphate rock,($/mt),114.5
2016-03,DAP,($/mt),338.1
2016-03,TSP,($/mt),291.3
2016-03,Urea,($/mt),201.8
2016-03,Potassium chloride **,($/mt),301.5
2016-03,Aluminum,($/mt),1531
2016-03,"Iron ore, cfr spot",($/dmtu),56.2
2016-03,Copper,($/mt),4954
2016-03,Lead,($/mt),1802
2016-03,Tin,($/mt),16898
2016-03,Nickel,($/mt),8717
2016-03,Zinc,($/mt),1802
2016-03,Gold,($/troy oz),1245
2016-03,Platinum,($/troy oz),968
2016-03,Silver,($/troy oz),15.5
2016-04,"Crude oil, average",($/bbl),40.799999999999997
2016-04,"Crude oil, Brent",($/bbl),42.3
2016-04,"Crude oil, Dubai",($/bbl),39
2016-04,"Crude oil, WTI",($/bbl),41
2016-04,"Coal, Australian",($/mt),50.7
2016-04,"Coal, South African **",($/mt),52.4
2016-04,"Natural gas, US",($/mmbtu),1.9
2016-04,"Natural gas, Europe",($/mmbtu),3.97
2016-04,"Liquefied natural gas, Japan",($/mmbtu),6.82
2016-04,Natural gas index,(2010=100),46.6
2016-04,Cocoa,($/kg),3.08
2016-04,"Coffee, Arabica",($/kg),3.4
2016-04,"Coffee, Robusta",($/kg),1.77
2016-04,"Tea, avg 3 auctions",($/kg),2.54
2016-04,"Tea, Colombo",($/kg),2.99
2016-04,"Tea, Kolkata",($/kg),2.5099999999999998
2016-04,"Tea, Mombasa",($/kg),2.11
2016-04,Coconut oil,($/mt),1581
2016-04,Groundnuts,($/mt),1294
2016-04,Fish meal,($/mt),1474
2016-04,Groundnut oil **,($/mt),1314
2016-04,Palm oil,($/mt),775
2016-04,Palm kernel oil,($/mt),1299
2016-04,Soybeans,($/mt),395
2016-04,Soybean oil,($/mt),794
2016-04,Soybean meal,($/mt),346
2016-04,Rapeseed oil,($/mt),809
2016-04,Sunflower oil,($/mt),876
2016-04,Barley,($/mt),112.5
2016-04,Maize,($/mt),164.4
2016-04,Sorghum,($/mt),162.30000000000001
2016-04,"Rice, Thai 5%",($/mt),395
2016-04,"Rice, Thai 25%",($/mt),386
2016-04,"Rice, Thai A.1",($/mt),383.5
2016-04,"Rice, Viet Namese 5%",($/mt),371
2016-04,"Wheat, US SRW",($/mt),192.8
2016-04,"Wheat, US HRW",($/mt),187.4
2016-04,"Banana, Europe",($/kg),0.94
2016-04,"Banana, US",($/kg),0.99
2016-04,Orange,($/kg),0.71
2016-04,Beef **,($/kg),3.96
2016-04,Chicken **,($/kg),1.93
2016-04,Lamb **,($/kg),7.39
2016-04,"Shrimps, Mexican",($/kg),10.53
2016-04,"Sugar, EU",($/kg),0.37
2016-04,"Sugar, US",($/kg),0.62
2016-04,"Sugar, world",($/kg),0.34
2016-04,"Tobacco, US import u.v.",($/mt),4625
2016-04,"Logs, Cameroon",($/cubic meter),396.7
2016-04,"Logs, Malaysian",($/cubic meter),271.7
2016-04,"Sawnwood, Cameroon",($/cubic meter),685.8
2016-04,"Sawnwood, Malaysian",($/cubic meter),780
2016-04,Plywood,(cents/sheet),498.4
2016-04,"Cotton, A Index",($/kg),1.53
2016-04,"Rubber, TSR20 **",($/kg),1.49
2016-04,"Rubber, RSS3",($/kg),1.71
2016-04,Phosphate rock,($/mt),114.1
2016-04,DAP,($/mt),330.5
2016-04,TSP,($/mt),295
2016-04,Urea,($/mt),196.3
2016-04,Potassium chloride **,($/mt),301.5
2016-04,Aluminum,($/mt),1571
2016-04,"Iron ore, cfr spot",($/dmtu),60.9
2016-04,Copper,($/mt),4873
2016-04,Lead,($/mt),1732
2016-04,Tin,($/mt),17033
2016-04,Nickel,($/mt),8879
2016-04,Zinc,($/mt),1855
2016-04,Gold,($/troy oz),1242
2016-04,Platinum,($/troy oz),994
2016-04,Silver,($/troy oz),16.399999999999999
2016-05,"Crude oil, average",($/bbl),45.9
2016-05,"Crude oil, Brent",($/bbl),47.1
2016-05,"Crude oil, Dubai",($/bbl),44
2016-05,"Crude oil, WTI",($/bbl),46.7
2016-05,"Coal, Australian",($/mt),51.3
2016-05,"Coal, South African **",($/mt),54.2
2016-05,"Natural gas, US",($/mmbtu),1.92
2016-05,"Natural gas, Europe",($/mmbtu),4.33
2016-05,"Liquefied natural gas, Japan",($/mmbtu),6.27
2016-05,Natural gas index,(2010=100),48.2
2016-05,Cocoa,($/kg),3.1
2016-05,"Coffee, Arabica",($/kg),3.42
2016-05,"Coffee, Robusta",($/kg),1.85
2016-05,"Tea, avg 3 auctions",($/kg),2.57
2016-05,"Tea, Colombo",($/kg),3.08
2016-05,"Tea, Kolkata",($/kg),2.4300000000000002
2016-05,"Tea, Mombasa",($/kg),2.21
2016-05,Coconut oil,($/mt),1440
2016-05,Groundnuts,($/mt),1200
2016-05,Fish meal,($/mt),1501
2016-05,Groundnut oil **,($/mt),1323
2016-05,Palm oil,($/mt),753
2016-05,Palm kernel oil,($/mt),1218
2016-05,Soybeans,($/mt),423
2016-05,Soybean oil,($/mt),796
2016-05,Soybean meal,($/mt),422
2016-05,Rapeseed oil,($/mt),806
2016-05,Sunflower oil,($/mt),881
2016-05,Barley,($/mt),112.1
2016-05,Maize,($/mt),169
2016-05,Sorghum,($/mt),158.5
2016-05,"Rice, Thai 5%",($/mt),433
2016-05,"Rice, Thai 25%",($/mt),415
2016-05,"Rice, Thai A.1",($/mt),414.4
2016-05,"Rice, Viet Namese 5%",($/mt),377.3
2016-05,"Wheat, US SRW",($/mt),189.9
2016-05,"Wheat, US HRW",($/mt),172
2016-05,"Banana, Europe",($/kg),0.93
2016-05,"Banana, US",($/kg),0.99
2016-05,Orange,($/kg),0.76
2016-05,Beef **,($/kg),4.04
2016-05,Chicken **,($/kg),2.06
2016-05,Lamb **,($/kg),7.39
2016-05,"Shrimps, Mexican",($/kg),10.47
2016-05,"Sugar, EU",($/kg),0.37
2016-05,"Sugar, US",($/kg),0.6
2016-05,"Sugar, world",($/kg),0.38
2016-05,"Tobacco, US import u.v.",($/mt),4680
2016-05,"Logs, Cameroon",($/cubic meter),395.8
2016-05,"Logs, Malaysian",($/cubic meter),273.3
2016-05,"Sawnwood, Cameroon",($/cubic meter),696.4
2016-05,"Sawnwood, Malaysian",($/cubic meter),792
2016-05,Plywood,(cents/sheet),501.2
2016-05,"Cotton, A Index",($/kg),1.55
2016-05,"Rubber, TSR20 **",($/kg),1.36
2016-05,"Rubber, RSS3",($/kg),1.63
2016-05,Phosphate rock,($/mt),110.5
2016-05,DAP,($/mt),313.5
2016-05,TSP,($/mt),295
2016-05,Urea,($/mt),198.4
2016-05,Potassium chloride **,($/mt),301.5
2016-05,Aluminum,($/mt),1551
2016-05,"Iron ore, cfr spot",($/dmtu),55.1
2016-05,Copper,($/mt),4695
2016-05,Lead,($/mt),1708
2016-05,Tin,($/mt),16707
2016-05,Nickel,($/mt),8660
2016-05,Zinc,($/mt),1869
2016-05,Gold,($/troy oz),1261
2016-05,Platinum,($/troy oz),1036
2016-05,Silver,($/troy oz),16.899999999999999
2016-06,"Crude oil, average",($/bbl),47.7
2016-06,"Crude oil, Brent",($/bbl),48.5
2016-06,"Crude oil, Dubai",($/bbl),45.8
2016-06,"Crude oil, WTI",($/bbl),48.8
2016-06,"Coal, Australian",($/mt),52.9
2016-06,"Coal, South African **",($/mt),58.6
2016-06,"Natural gas, US",($/mmbtu),2.57
2016-06,"Natural gas, Europe",($/mmbtu),4.76
2016-06,"Liquefied natural gas, Japan",($/mmbtu),6.4
2016-06,Natural gas index,(2010=100),58.1
2016-06,Cocoa,($/kg),3.12
2016-06,"Coffee, Arabica",($/kg),3.65
2016-06,"Coffee, Robusta",($/kg),1.89
2016-06,"Tea, avg 3 auctions",($/kg),2.65
2016-06,"Tea, Colombo",($/kg),2.96
2016-06,"Tea, Kolkata",($/kg),2.58
2016-06,"Tea, Mombasa",($/kg),2.41
2016-06,Coconut oil,($/mt),1548
2016-06,Groundnuts,($/mt),1195
2016-06,Fish meal,($/mt),1517
2016-06,Groundnut oil **,($/mt),1366
2016-06,Palm oil,($/mt),718
2016-06,Palm kernel oil,($/mt),1337
2016-06,Soybeans,($/mt),457
2016-06,Soybean oil,($/mt),800
2016-06,Soybean meal,($/mt),468
2016-06,Rapeseed oil,($/mt),793
2016-06,Sunflower oil,($/mt),860
2016-06,Barley,($/mt),108.4
2016-06,Maize,($/mt),179.9
2016-06,Sorghum,($/mt),166.7
2016-06,"Rice, Thai 5%",($/mt),441
2016-06,"Rice, Thai 25%",($/mt),422
2016-06,"Rice, Thai A.1",($/mt),426.8
2016-06,"Rice, Viet Namese 5%",($/mt),372.5
2016-06,"Wheat, US SRW",($/mt),187
2016-06,"Wheat, US HRW",($/mt),173.1
2016-06,"Banana, Europe",($/kg),0.94
2016-06,"Banana, US",($/kg),0.99
2016-06,Orange,($/kg),0.88
2016-06,Beef **,($/kg),4.1100000000000003
2016-06,Chicken **,($/kg),2.15
2016-06,Lamb **,($/kg),7.34
2016-06,"Shrimps, Mexican",($/kg),10.47
2016-06,"Sugar, EU",($/kg),0.37
2016-06,"Sugar, US",($/kg),0.61
2016-06,"Sugar, world",($/kg),0.43
2016-06,"Tobacco, US import u.v.",($/mt),4810
2016-06,"Logs, Cameroon",($/cubic meter),393.2
2016-06,"Logs, Malaysian",($/cubic meter),282.3
2016-06,"Sawnwood, Cameroon",($/cubic meter),681.1
2016-06,"Sawnwood, Malaysian",($/cubic meter),774.7
2016-06,Plywood,(cents/sheet),517.70000000000005
2016-06,"Cotton, A Index",($/kg),1.63
2016-06,"Rubber, TSR20 **",($/kg),1.26
2016-06,"Rubber, RSS3",($/kg),1.49
2016-06,Phosphate rock,($/mt),110.5
2016-06,DAP,($/mt),306.60000000000002
2016-06,TSP,($/mt),285
2016-06,Urea,($/mt),142.6
2016-06,Potassium chloride **,($/mt),301.5
2016-06,Aluminum,($/mt),1594
2016-06,"Iron ore, cfr spot",($/dmtu),52
2016-06,Copper,($/mt),4642
2016-06,Lead,($/mt),1713
2016-06,Tin,($/mt),16967
2016-06,Nickel,($/mt),8928
2016-06,Zinc,($/mt),2026
2016-06,Gold,($/troy oz),1276
2016-06,Platinum,($/troy oz),984
2016-06,Silver,($/troy oz),17.3
2016-07,"Crude oil, average",($/bbl),44.1
2016-07,"Crude oil, Brent",($/bbl),45.1
2016-07,"Crude oil, Dubai",($/bbl),42.6
2016-07,"Crude oil, WTI",($/bbl),44.7
2016-07,"Coal, Australian",($/mt),61.2
2016-07,"Coal, South African **",($/mt),62.4
2016-07,"Natural gas, US",($/mmbtu),2.79
2016-07,"Natural gas, Europe",($/mmbtu),4.67
2016-07,"Liquefied natural gas, Japan",($/mmbtu),6.76
2016-07,Natural gas index,(2010=100),60.7
2016-07,Cocoa,($/kg),3.05
2016-07,"Coffee, Arabica",($/kg),3.79
2016-07,"Coffee, Robusta",($/kg),2
2016-07,"Tea, avg 3 auctions",($/kg),2.77
2016-07,"Tea, Colombo",($/kg),3.18
2016-07,"Tea, Kolkata",($/kg),2.7
2016-07,"Tea, Mombasa",($/kg),2.4300000000000002
2016-07,Coconut oil,($/mt),1515
2016-07,Groundnuts,($/mt),1328
2016-07,Fish meal,($/mt),1493
2016-07,Groundnut oil **,($/mt),1415
2016-07,Palm oil,($/mt),678
2016-07,Palm kernel oil,($/mt),1290
2016-07,Soybeans,($/mt),431
2016-07,Soybean oil,($/mt),797
2016-07,Soybean meal,($/mt),440
2016-07,Rapeseed oil,($/mt),768
2016-07,Sunflower oil,($/mt),833
2016-07,Barley,($/mt),107
2016-07,Maize,($/mt),161.80000000000001
2016-07,Sorghum,($/mt),145.19999999999999
2016-07,"Rice, Thai 5%",($/mt),442
2016-07,"Rice, Thai 25%",($/mt),424
2016-07,"Rice, Thai A.1",($/mt),417.9
2016-07,"Rice, Viet Namese 5%",($/mt),361.6
2016-07,"Wheat, US SRW",($/mt),166.5
2016-07,"Wheat, US HRW",($/mt),151.80000000000001
2016-07,"Banana, Europe",($/kg),0.93
2016-07,"Banana, US",($/kg),1.01
2016-07,Orange,($/kg),0.97
2016-07,Beef **,($/kg),4.26
2016-07,Chicken **,($/kg),1.96
2016-07,Lamb **,($/kg),7.15
2016-07,"Shrimps, Mexican",($/kg),10.47
2016-07,"Sugar, EU",($/kg),0.36
2016-07,"Sugar, US",($/kg),0.62
2016-07,"Sugar, world",($/kg),0.43
2016-07,"Tobacco, US import u.v.",($/mt),4857
2016-07,"Logs, Cameroon",($/cubic meter),387.3
2016-07,"Logs, Malaysian",($/cubic meter),286
2016-07,"Sawnwood, Cameroon",($/cubic meter),630.4
2016-07,"Sawnwood, Malaysian",($/cubic meter),717.1
2016-07,Plywood,(cents/sheet),524.5
2016-07,"Cotton, A Index",($/kg),1.79
2016-07,"Rubber, TSR20 **",($/kg),1.28
2016-07,"Rubber, RSS3",($/kg),1.59
2016-07,Phosphate rock,($/mt),110.5
2016-07,DAP,($/mt),305.2
2016-07,TSP,($/mt),281
2016-07,Urea,($/mt),181
2016-07,Potassium chloride **,($/mt),282.5
2016-07,Aluminum,($/mt),1629
2016-07,"Iron ore, cfr spot",($/dmtu),57.3
2016-07,Copper,($/mt),4865
2016-07,Lead,($/mt),1835
2016-07,Tin,($/mt),17826
2016-07,Nickel,($/mt),10263
2016-07,Zinc,($/mt),2183
2016-07,Gold,($/troy oz),1337
2016-07,Platinum,($/troy oz),1088
2016-07,Silver,($/troy oz),20
2016-08,"Crude oil, average",($/bbl),44.9
2016-08,"Crude oil, Brent",($/bbl),46.1
2016-08,"Crude oil, Dubai",($/bbl),43.7
2016-08,"Crude oil, WTI",($/bbl),44.8
2016-08,"Coal, Australian",($/mt),67.400000000000006
2016-08,"Coal, South African **",($/mt),66.3
2016-08,"Natural gas, US",($/mmbtu),2.79
2016-08,"Natural gas, Europe",($/mmbtu),4.05
2016-08,"Liquefied natural gas, Japan",($/mmbtu),7.14
2016-08,Natural gas index,(2010=100),58
2016-08,Cocoa,($/kg),3.03
2016-08,"Coffee, Arabica",($/kg),3.69
2016-08,"Coffee, Robusta",($/kg),2.02
2016-08,"Tea, avg 3 auctions",($/kg),2.78
2016-08,"Tea, Colombo",($/kg),3.46
2016-08,"Tea, Kolkata",($/kg),2.56
2016-08,"Tea, Mombasa",($/kg),2.31
2016-08,Coconut oil,($/mt),1575
2016-08,Groundnuts,($/mt),1566
2016-08,Fish meal,($/mt),1540
2016-08,Groundnut oil **,($/mt),1433
2016-08,Palm oil,($/mt),771
2016-08,Palm kernel oil,($/mt),1424
2016-08,Soybeans,($/mt),412
2016-08,Soybean oil,($/mt),824
2016-08,Soybean meal,($/mt),399
2016-08,Rapeseed oil,($/mt),818
2016-08,Sunflower oil,($/mt),830
2016-08,Barley,($/mt),95.5
2016-08,Maize,($/mt),150.19999999999999
2016-08,Sorghum,($/mt),152.69999999999999
2016-08,"Rice, Thai 5%",($/mt),415
2016-08,"Rice, Thai 25%",($/mt),403
2016-08,"Rice, Thai A.1",($/mt),393.8
2016-08,"Rice, Viet Namese 5%",($/mt),347.5
2016-08,"Wheat, US SRW",($/mt),159.30000000000001
2016-08,"Wheat, US HRW",($/mt),149.19999999999999
2016-08,"Banana, Europe",($/kg),0.9
2016-08,"Banana, US",($/kg),1.04
2016-08,Orange,($/kg),0.96
2016-08,Beef **,($/kg),4.24
2016-08,Chicken **,($/kg),1.74
2016-08,Lamb **,($/kg),6.83
2016-08,"Shrimps, Mexican",($/kg),10.84
2016-08,"Sugar, EU",($/kg),0.37
2016-08,"Sugar, US",($/kg),0.63
2016-08,"Sugar, world",($/kg),0.44
2016-08,"Tobacco, US import u.v.",($/mt),4890
2016-08,"Logs, Cameroon",($/cubic meter),392.3
2016-08,"Logs, Malaysian",($/cubic meter),294
2016-08,"Sawnwood, Cameroon",($/cubic meter),628.5
2016-08,"Sawnwood, Malaysian",($/cubic meter),714.8
2016-08,Plywood,(cents/sheet),539.29999999999995
2016-08,"Cotton, A Index",($/kg),1.77
2016-08,"Rubber, TSR20 **",($/kg),1.3
2016-08,"Rubber, RSS3",($/kg),1.55
2016-08,Phosphate rock,($/mt),109.8
2016-08,DAP,($/mt),318.10000000000002
2016-08,TSP,($/mt),281.3
2016-08,Urea,($/mt),186.3
2016-08,Potassium chloride **,($/mt),206.5
2016-08,Aluminum,($/mt),1639
2016-08,"Iron ore, cfr spot",($/dmtu),60.9
2016-08,Copper,($/mt),4752
2016-08,Lead,($/mt),1836
2016-08,Tin,($/mt),18427
2016-08,Nickel,($/mt),10336
2016-08,Zinc,($/mt),2279
2016-08,Gold,($/troy oz),1340
2016-08,Platinum,($/troy oz),1122
2016-08,Silver,($/troy oz),19.600000000000001
2016-09,"Crude oil, average",($/bbl),45
2016-09,"Crude oil, Brent",($/bbl),46.2
2016-09,"Crude oil, Dubai",($/bbl),43.7
2016-09,"Crude oil, WTI",($/bbl),45.2
2016-09,"Coal, Australian",($/mt),72.7
2016-09,"Coal, South African **",($/mt),68.3
2016-09,"Natural gas, US",($/mmbtu),2.97
2016-09,"Natural gas, Europe",($/mmbtu),4.25
2016-09,"Liquefied natural gas, Japan",($/mmbtu),7.54
2016-09,Natural gas index,(2010=100),61.4
2016-09,Cocoa,($/kg),2.88
2016-09,"Coffee, Arabica",($/kg),3.89
2016-09,"Coffee, Robusta",($/kg),2.14
2016-09,"Tea, avg 3 auctions",($/kg),2.79
2016-09,"Tea, Colombo",($/kg),3.6
2016-09,"Tea, Kolkata",($/kg),2.44
2016-09,"Tea, Mombasa",($/kg),2.33
2016-09,Coconut oil,($/mt),1557
2016-09,Groundnuts,($/mt),1550
2016-09,Fish meal,($/mt),1537
2016-09,Groundnut oil **,($/mt),1433
2016-09,Palm oil,($/mt),798
2016-09,Palm kernel oil,($/mt),1444
2016-09,Soybeans,($/mt),404
2016-09,Soybean oil,($/mt),837
2016-09,Soybean meal,($/mt),368
2016-09,Rapeseed oil,($/mt),850
2016-09,Sunflower oil,($/mt),866
2016-09,Barley,($/mt),89.6
2016-09,Maize,($/mt),148.4
2016-09,Sorghum,($/mt),145.4
2016-09,"Rice, Thai 5%",($/mt),384
2016-09,"Rice, Thai 25%",($/mt),378
2016-09,"Rice, Thai A.1",($/mt),365.3
2016-09,"Rice, Viet Namese 5%",($/mt),342.7
2016-09,"Wheat, US SRW",($/mt),157.6
2016-09,"Wheat, US HRW",($/mt),150.6
2016-09,"Banana, Europe",($/kg),0.91
2016-09,"Banana, US",($/kg),1
2016-09,Orange,($/kg),1.05
2016-09,Beef **,($/kg),4.12
2016-09,Chicken **,($/kg),1.7
2016-09,Lamb **,($/kg),6.91
2016-09,"Shrimps, Mexican",($/kg),11.88
2016-09,"Sugar, EU",($/kg),0.37
2016-09,"Sugar, US",($/kg),0.62
2016-09,"Sugar, world",($/kg),0.47
2016-09,"Tobacco, US import u.v.",($/mt),4957
2016-09,"Logs, Cameroon",($/cubic meter),392.4
2016-09,"Logs, Malaysian",($/cubic meter),292.2
2016-09,"Sawnwood, Cameroon",($/cubic meter),630
2016-09,"Sawnwood, Malaysian",($/cubic meter),716.6
2016-09,Plywood,(cents/sheet),535.9
2016-09,"Cotton, A Index",($/kg),1.72
2016-09,"Rubber, TSR20 **",($/kg),1.36
2016-09,"Rubber, RSS3",($/kg),1.57
2016-09,Phosphate rock,($/mt),109
2016-09,DAP,($/mt),320
2016-09,TSP,($/mt),287
2016-09,Urea,($/mt),187.3
2016-09,Potassium chloride **,($/mt),206.5
2016-09,Aluminum,($/mt),1592
2016-09,"Iron ore, cfr spot",($/dmtu),57.8
2016-09,Copper,($/mt),4722
2016-09,Lead,($/mt),1948
2016-09,Tin,($/mt),19500
2016-09,Nickel,($/mt),10192
2016-09,Zinc,($/mt),2292
2016-09,Gold,($/troy oz),1327
2016-09,Platinum,($/troy oz),1047
2016-09,Silver,($/troy oz),19.399999999999999
2016-10,"Crude oil, average",($/bbl),49.3
2016-10,"Crude oil, Brent",($/bbl),49.7
2016-10,"Crude oil, Dubai",($/bbl),48.3
2016-10,"Crude oil, WTI",($/bbl),49.9
2016-10,"Coal, Australian",($/mt),94.2
2016-10,"Coal, South African **",($/mt),83.8
2016-10,"Natural gas, US",($/mmbtu),2.95
2016-10,"Natural gas, Europe",($/mmbtu),5.34
2016-10,"Liquefied natural gas, Japan",($/mmbtu),7.65
2016-10,Natural gas index,(2010=100),66.400000000000006
2016-10,Cocoa,($/kg),2.71
2016-10,"Coffee, Arabica",($/kg),3.95
2016-10,"Coffee, Robusta",($/kg),2.29
2016-10,"Tea, avg 3 auctions",($/kg),2.89
2016-10,"Tea, Colombo",($/kg),3.88
2016-10,"Tea, Kolkata",($/kg),2.39
2016-10,"Tea, Mombasa",($/kg),2.39
2016-10,Coconut oil,($/mt),1474
2016-10,Groundnuts,($/mt),1550
2016-10,Fish meal,($/mt),1488
2016-10,Groundnut oil **,($/mt),1433
2016-10,Palm oil,($/mt),750
2016-10,Palm kernel oil,($/mt),1331
2016-10,Soybeans,($/mt),402
2016-10,Soybean oil,($/mt),861
2016-10,Soybean meal,($/mt),362
2016-10,Rapeseed oil,($/mt),914
2016-10,Sunflower oil,($/mt),873
2016-10,Barley,($/mt),91.9
2016-10,Maize,($/mt),152.30000000000001
2016-10,Sorghum,($/mt),148.69999999999999
2016-10,"Rice, Thai 5%",($/mt),369
2016-10,"Rice, Thai 25%",($/mt),365
2016-10,"Rice, Thai A.1",($/mt),349.9
2016-10,"Rice, Viet Namese 5%",($/mt),336.4
2016-10,"Wheat, US SRW",($/mt),164.4
2016-10,"Wheat, US HRW",($/mt),151.80000000000001
2016-10,"Banana, Europe",($/kg),0.9
2016-10,"Banana, US",($/kg),0.97
2016-10,Orange,($/kg),1.06
2016-10,Beef **,($/kg),4.04
2016-10,Chicken **,($/kg),1.59
2016-10,Lamb **,($/kg),7.28
2016-10,"Shrimps, Mexican",($/kg),12.29
2016-10,"Sugar, EU",($/kg),0.36
2016-10,"Sugar, US",($/kg),0.63
2016-10,"Sugar, world",($/kg),0.49
2016-10,"Tobacco, US import u.v.",($/mt),4906
2016-10,"Logs, Cameroon",($/cubic meter),386
2016-10,"Logs, Malaysian",($/cubic meter),286.89999999999998
2016-10,"Sawnwood, Cameroon",($/cubic meter),591.6
2016-10,"Sawnwood, Malaysian",($/cubic meter),672.9
2016-10,Plywood,(cents/sheet),526.20000000000005
2016-10,"Cotton, A Index",($/kg),1.73
2016-10,"Rubber, TSR20 **",($/kg),1.48
2016-10,"Rubber, RSS3",($/kg),1.66
2016-10,Phosphate rock,($/mt),109
2016-10,DAP,($/mt),310
2016-10,TSP,($/mt),285
2016-10,Urea,($/mt),187.5
2016-10,Potassium chloride **,($/mt),206.5
2016-10,Aluminum,($/mt),1666
2016-10,"Iron ore, cfr spot",($/dmtu),59.1
2016-10,Copper,($/mt),4731
2016-10,Lead,($/mt),2024
2016-10,Tin,($/mt),20100
2016-10,Nickel,($/mt),10260
2016-10,Zinc,($/mt),2312
2016-10,Gold,($/troy oz),1267
2016-10,Platinum,($/troy oz),959
2016-10,Silver,($/troy oz),17.7
2016-11,"Crude oil, average",($/bbl),45.3
2016-11,"Crude oil, Brent",($/bbl),46.4
2016-11,"Crude oil, Dubai",($/bbl),43.8
2016-11,"Crude oil, WTI",($/bbl),45.6
2016-11,"Coal, Australian",($/mt),103.4
2016-11,"Coal, South African **",($/mt),89.2
2016-11,"Natural gas, US",($/mmbtu),2.5
2016-11,"Natural gas, Europe",($/mmbtu),5.69
2016-11,"Liquefied natural gas, Japan",($/mmbtu),7.59
2016-11,Natural gas index,(2010=100),62.6
2016-11,Cocoa,($/kg),2.48
2016-11,"Coffee, Arabica",($/kg),4.0599999999999996
2016-11,"Coffee, Robusta",($/kg),2.29
2016-11,"Tea, avg 3 auctions",($/kg),3.03
2016-11,"Tea, Colombo",($/kg),4.01
2016-11,"Tea, Kolkata",($/kg),2.41
2016-11,"Tea, Mombasa",($/kg),2.68
2016-11,Coconut oil,($/mt),1553
2016-11,Groundnuts,($/mt),1564
2016-11,Fish meal,($/mt),1460
2016-11,Groundnut oil **,($/mt),1433
2016-11,Palm oil,($/mt),767
2016-11,Palm kernel oil,($/mt),1513
2016-11,Soybeans,($/mt),398
2016-11,Soybean oil,($/mt),885
2016-11,Soybean meal,($/mt),357
2016-11,Rapeseed oil,($/mt),918
2016-11,Sunflower oil,($/mt),873
2016-11,Barley,($/mt),91.9
2016-11,Maize,($/mt),151.80000000000001
2016-11,Sorghum,($/mt),144.30000000000001
2016-11,"Rice, Thai 5%",($/mt),365
2016-11,"Rice, Thai 25%",($/mt),357
2016-11,"Rice, Thai A.1",($/mt),339.6
2016-11,"Rice, Viet Namese 5%",($/mt),338
2016-11,"Wheat, US SRW",($/mt),167.3
2016-11,"Wheat, US HRW",($/mt),150.6
2016-11,"Banana, Europe",($/kg),0.86
2016-11,"Banana, US",($/kg),0.96
2016-11,Orange,($/kg),1.1399999999999999
2016-11,Beef **,($/kg),4.3
2016-11,Chicken **,($/kg),1.76
2016-11,Lamb **,($/kg),7.36
2016-11,"Shrimps, Mexican",($/kg),12.49
2016-11,"Sugar, EU",($/kg),0.35
2016-11,"Sugar, US",($/kg),0.63
2016-11,"Sugar, world",($/kg),0.45
2016-11,"Tobacco, US import u.v.",($/mt),4878
2016-11,"Logs, Cameroon",($/cubic meter),378.3
2016-11,"Logs, Malaysian",($/cubic meter),275.10000000000002
2016-11,"Sawnwood, Cameroon",($/cubic meter),595.5
2016-11,"Sawnwood, Malaysian",($/cubic meter),677.3
2016-11,Plywood,(cents/sheet),504.7
2016-11,"Cotton, A Index",($/kg),1.74
2016-11,"Rubber, TSR20 **",($/kg),1.66
2016-11,"Rubber, RSS3",($/kg),1.87
2016-11,Phosphate rock,($/mt),103
2016-11,DAP,($/mt),298
2016-11,TSP,($/mt),285
2016-11,Urea,($/mt),205
2016-11,Potassium chloride **,($/mt),206.5
2016-11,Aluminum,($/mt),1737
2016-11,"Iron ore, cfr spot",($/dmtu),73.099999999999994
2016-11,Copper,($/mt),5451
2016-11,Lead,($/mt),2181
2016-11,Tin,($/mt),21126
2016-11,Nickel,($/mt),11129
2016-11,Zinc,($/mt),2566
2016-11,Gold,($/troy oz),1238
2016-11,Platinum,($/troy oz),955
2016-11,Silver,($/troy oz),17.399999999999999
2016-12,"Crude oil, average",($/bbl),52.6
2016-12,"Crude oil, Brent",($/bbl),54.1
2016-12,"Crude oil, Dubai",($/bbl),51.8
2016-12,"Crude oil, WTI",($/bbl),52
2016-12,"Coal, Australian",($/mt),88.2
2016-12,"Coal, South African **",($/mt),80.2
2016-12,"Natural gas, US",($/mmbtu),3.58
2016-12,"Natural gas, Europe",($/mmbtu),5.42
2016-12,"Liquefied natural gas, Japan",($/mmbtu),7.59
2016-12,Natural gas index,(2010=100),74.400000000000006
2016-12,Cocoa,($/kg),2.2999999999999998
2016-12,"Coffee, Arabica",($/kg),3.57
2016-12,"Coffee, Robusta",($/kg),2.25
2016-12,"Tea, avg 3 auctions",($/kg),2.98
2016-12,"Tea, Colombo",($/kg),3.91
2016-12,"Tea, Kolkata",($/kg),2.36
2016-12,"Tea, Mombasa",($/kg),2.67
2016-12,Coconut oil,($/mt),1727
2016-12,Groundnuts,($/mt),1600
2016-12,Fish meal,($/mt),1423
2016-12,Groundnut oil **,($/mt),1439
2016-12,Palm oil,($/mt),811
2016-12,Palm kernel oil,($/mt),1666
2016-12,Soybeans,($/mt),416
2016-12,Soybean oil,($/mt),917
2016-12,Soybean meal,($/mt),356
2016-12,Rapeseed oil,($/mt),930
2016-12,Sunflower oil,($/mt),873
2016-12,Barley,($/mt),91.9
2016-12,Maize,($/mt),152.4
2016-12,Sorghum,($/mt),153.1
2016-12,"Rice, Thai 5%",($/mt),373
2016-12,"Rice, Thai 25%",($/mt),364
2016-12,"Rice, Thai A.1",($/mt),354.4
2016-12,"Rice, Viet Namese 5%",($/mt),341
2016-12,"Wheat, US SRW",($/mt),161.19999999999999
2016-12,"Wheat, US HRW",($/mt),141.80000000000001
2016-12,"Banana, Europe",($/kg),0.83
2016-12,"Banana, US",($/kg),0.96
2016-12,Orange,($/kg),1.08
2016-12,Beef **,($/kg),4.1399999999999997
2016-12,Chicken **,($/kg),1.86
2016-12,Lamb **,($/kg),7.5
2016-12,"Shrimps, Mexican",($/kg),13.2
2016-12,"Sugar, EU",($/kg),0.34
2016-12,"Sugar, US",($/kg),0.64
2016-12,"Sugar, world",($/kg),0.41
2016-12,"Tobacco, US import u.v.",($/mt),4912
2016-12,"Logs, Cameroon",($/cubic meter),369.3
2016-12,"Logs, Malaysian",($/cubic meter),256.39999999999998
2016-12,"Sawnwood, Cameroon",($/cubic meter),598.1
2016-12,"Sawnwood, Malaysian",($/cubic meter),680.3
2016-12,Plywood,(cents/sheet),470.3
2016-12,"Cotton, A Index",($/kg),1.75
2016-12,"Rubber, TSR20 **",($/kg),1.93
2016-12,"Rubber, RSS3",($/kg),2.23
2016-12,Phosphate rock,($/mt),97.5
2016-12,DAP,($/mt),296.60000000000002
2016-12,TSP,($/mt),277.5
2016-12,Urea,($/mt),217.8
2016-12,Potassium chloride **,($/mt),206.5
2016-12,Aluminum,($/mt),1728
2016-12,"Iron ore, cfr spot",($/dmtu),80
2016-12,Copper,($/mt),5660
2016-12,Lead,($/mt),2210
2016-12,Tin,($/mt),21204
2016-12,Nickel,($/mt),10972
2016-12,Zinc,($/mt),2665
2016-12,Gold,($/troy oz),1157
2016-12,Platinum,($/troy oz),918
2016-12,Silver,($/troy oz),16.399999999999999
2017-01,"Crude oil, average",($/bbl),53.6
2017-01,"Crude oil, Brent",($/bbl),54.9
2017-01,"Crude oil, Dubai",($/bbl),53.4
2017-01,"Crude oil, WTI",($/bbl),52.5
2017-01,"Coal, Australian",($/mt),83.7
2017-01,"Coal, South African **",($/mt),86.5
2017-01,"Natural gas, US",($/mmbtu),3.26
2017-01,"Natural gas, Europe",($/mmbtu),6.14
2017-01,"Liquefied natural gas, Japan",($/mmbtu),8.0399999999999991
2017-01,Natural gas index,(2010=100),74.3
2017-01,Cocoa,($/kg),2.19
2017-01,"Coffee, Arabica",($/kg),3.72
2017-01,"Coffee, Robusta",($/kg),2.39
2017-01,"Tea, avg 3 auctions",($/kg),3.04
2017-01,"Tea, Colombo",($/kg),3.95
2017-01,"Tea, Kolkata",($/kg),2.14
2017-01,"Tea, Mombasa",($/kg),3.05
2017-01,Coconut oil,($/mt),1819
2017-01,Groundnuts,($/mt),1644
2017-01,Fish meal,($/mt),1398
2017-01,Groundnut oil **,($/mt),1428
2017-01,Palm oil,($/mt),825
2017-01,Palm kernel oil,($/mt),1737
2017-01,Soybeans,($/mt),412
2017-01,Soybean oil,($/mt),877
2017-01,Soybean meal,($/mt),371
2017-01,Rapeseed oil,($/mt),891
2017-01,Sunflower oil,($/mt),873
2017-01,Barley,($/mt),91.9
2017-01,Maize,($/mt),160
2017-01,Sorghum,($/mt),156.19999999999999
2017-01,"Rice, Thai 5%",($/mt),377
2017-01,"Rice, Thai 25%",($/mt),369
2017-01,"Rice, Thai A.1",($/mt),355.9
2017-01,"Rice, Viet Namese 5%",($/mt),336.6
2017-01,"Wheat, US SRW",($/mt),173.6
2017-01,"Wheat, US HRW",($/mt),153.19999999999999
2017-01,"Banana, Europe",($/kg),0.83
2017-01,"Banana, US",($/kg),1
2017-01,Orange,($/kg),0.94
2017-01,Beef **,($/kg),4.07
2017-01,Chicken **,($/kg),1.94
2017-01,Lamb **,($/kg),7.52
2017-01,"Shrimps, Mexican",($/kg),13.41
2017-01,"Sugar, EU",($/kg),0.35
2017-01,"Sugar, US",($/kg),0.65
2017-01,"Sugar, world",($/kg),0.45
2017-01,"Tobacco, US import u.v.",($/mt),4905
2017-01,"Logs, Cameroon",($/cubic meter),371.6
2017-01,"Logs, Malaysian",($/cubic meter),258.60000000000002
2017-01,"Sawnwood, Cameroon",($/cubic meter),590.70000000000005
2017-01,"Sawnwood, Malaysian",($/cubic meter),671.8
2017-01,Plywood,(cents/sheet),474.3
2017-01,"Cotton, A Index",($/kg),1.82
2017-01,"Rubber, TSR20 **",($/kg),2.16
2017-01,"Rubber, RSS3",($/kg),2.56
2017-01,Phosphate rock,($/mt),96.9
2017-01,DAP,($/mt),308
2017-01,TSP,($/mt),270
2017-01,Urea,($/mt),233.8
2017-01,Potassium chloride **,($/mt),206.5
2017-01,Aluminum,($/mt),1791
2017-01,"Iron ore, cfr spot",($/dmtu),80.400000000000006
2017-01,Copper,($/mt),5755
2017-01,Lead,($/mt),2243
2017-01,Tin,($/mt),20692
2017-01,Nickel,($/mt),9971
2017-01,Zinc,($/mt),2715
2017-01,Gold,($/troy oz),1192
2017-01,Platinum,($/troy oz),971
2017-01,Silver,($/troy oz),16.899999999999999
2017-02,"Crude oil, average",($/bbl),54.4
2017-02,"Crude oil, Brent",($/bbl),55.5
2017-02,"Crude oil, Dubai",($/bbl),54.2
2017-02,"Crude oil, WTI",($/bbl),53.4
2017-02,"Coal, Australian",($/mt),80
2017-02,"Coal, South African **",($/mt),83.6
2017-02,"Natural gas, US",($/mmbtu),2.82
2017-02,"Natural gas, Europe",($/mmbtu),6.05
2017-02,"Liquefied natural gas, Japan",($/mmbtu),8.41
2017-02,Natural gas index,(2010=100),68.8
2017-02,Cocoa,($/kg),2.0299999999999998
2017-02,"Coffee, Arabica",($/kg),3.67
2017-02,"Coffee, Robusta",($/kg),2.35
2017-02,"Tea, avg 3 auctions",($/kg),2.96
2017-02,"Tea, Colombo",($/kg),3.97
2017-02,"Tea, Kolkata",($/kg),1.85
2017-02,"Tea, Mombasa",($/kg),3.06
2017-02,Coconut oil,($/mt),1688
2017-02,Groundnuts,($/mt),1654
2017-02,Fish meal,($/mt),1351
2017-02,Groundnut oil **,($/mt),1360
2017-02,Palm oil,($/mt),809
2017-02,Palm kernel oil,($/mt),1567
2017-02,Soybeans,($/mt),395
2017-02,Soybean oil,($/mt),840
2017-02,Soybean meal,($/mt),374
2017-02,Rapeseed oil,($/mt),874
2017-02,Sunflower oil,($/mt),873
2017-02,Barley,($/mt),91.9
2017-02,Maize,($/mt),162.9
2017-02,Sorghum,($/mt),157.1
2017-02,"Rice, Thai 5%",($/mt),367
2017-02,"Rice, Thai 25%",($/mt),361
2017-02,"Rice, Thai A.1",($/mt),348.8
2017-02,"Rice, Viet Namese 5%",($/mt),335.3
2017-02,"Wheat, US SRW",($/mt),181
2017-02,"Wheat, US HRW",($/mt),155.1
2017-02,"Banana, Europe",($/kg),0.83
2017-02,"Banana, US",($/kg),1.05
2017-02,Orange,($/kg),0.9
2017-02,Beef **,($/kg),4.2300000000000004
2017-02,Chicken **,($/kg),1.94
2017-02,Lamb **,($/kg),7.37
2017-02,"Shrimps, Mexican",($/kg),13.64
2017-02,"Sugar, EU",($/kg),0.35
2017-02,"Sugar, US",($/kg),0.67
2017-02,"Sugar, world",($/kg),0.45
2017-02,"Tobacco, US import u.v.",($/mt),4870
2017-02,"Logs, Cameroon",($/cubic meter),372.4
2017-02,"Logs, Malaysian",($/cubic meter),263.5
2017-02,"Sawnwood, Cameroon",($/cubic meter),598.29999999999995
2017-02,"Sawnwood, Malaysian",($/cubic meter),680.5
2017-02,Plywood,(cents/sheet),483.2
2017-02,"Cotton, A Index",($/kg),1.88
2017-02,"Rubber, TSR20 **",($/kg),2.23
2017-02,"Rubber, RSS3",($/kg),2.71
2017-02,Phosphate rock,($/mt),95
2017-02,DAP,($/mt),326
2017-02,TSP,($/mt),278.8
2017-02,Urea,($/mt),191.9
2017-02,Potassium chloride **,($/mt),301.5
2017-02,Aluminum,($/mt),1861
2017-02,"Iron ore, cfr spot",($/dmtu),89.4
2017-02,Copper,($/mt),5941
2017-02,Lead,($/mt),2312
2017-02,Tin,($/mt),19446
2017-02,Nickel,($/mt),10643
2017-02,Zinc,($/mt),2846
2017-02,Gold,($/troy oz),1234
2017-02,Platinum,($/troy oz),1008
2017-02,Silver,($/troy oz),17.899999999999999
2017-03,"Crude oil, average",($/bbl),50.9
2017-03,"Crude oil, Brent",($/bbl),52
2017-03,"Crude oil, Dubai",($/bbl),51.2
2017-03,"Crude oil, WTI",($/bbl),49.6
2017-03,"Coal, Australian",($/mt),80.900000000000006
2017-03,"Coal, South African **",($/mt),79.099999999999994
2017-03,"Natural gas, US",($/mmbtu),2.89
2017-03,"Natural gas, Europe",($/mmbtu),5
2017-03,"Liquefied natural gas, Japan",($/mmbtu),8.25
2017-03,Natural gas index,(2010=100),64.400000000000006
2017-03,Cocoa,($/kg),2.06
2017-03,"Coffee, Arabica",($/kg),3.53
2017-03,"Coffee, Robusta",($/kg),2.35
2017-03,"Tea, avg 3 auctions",($/kg),2.87
2017-03,"Tea, Colombo",($/kg),4.01
2017-03,"Tea, Kolkata",($/kg),1.69
2017-03,"Tea, Mombasa",($/kg),2.92
2017-03,Coconut oil,($/mt),1542
2017-03,Groundnuts,($/mt),1641
2017-03,Fish meal,($/mt),1306
2017-03,Groundnut oil **,($/mt),1399
2017-03,Palm oil,($/mt),779
2017-03,Palm kernel oil,($/mt),1230
2017-03,Soybeans,($/mt),384
2017-03,Soybean oil,($/mt),815
2017-03,Soybean meal,($/mt),361
2017-03,Rapeseed oil,($/mt),847
2017-03,Sunflower oil,($/mt),835
2017-03,Barley,($/mt),93.7
2017-03,Maize,($/mt),159
2017-03,Sorghum,($/mt),151.1
2017-03,"Rice, Thai 5%",($/mt),370
2017-03,"Rice, Thai 25%",($/mt),364
2017-03,"Rice, Thai A.1",($/mt),358.4
2017-03,"Rice, Viet Namese 5%",($/mt),343.6
2017-03,"Wheat, US SRW",($/mt),176.5
2017-03,"Wheat, US HRW",($/mt),154.30000000000001
2017-03,"Banana, Europe",($/kg),0.85
2017-03,"Banana, US",($/kg),1.07
2017-03,Orange,($/kg),0.92
2017-03,Beef **,($/kg),4.3499999999999996
2017-03,Chicken **,($/kg),2.13
2017-03,Lamb **,($/kg),7.4
2017-03,"Shrimps, Mexican",($/kg),13.78
2017-03,"Sugar, EU",($/kg),0.35
2017-03,"Sugar, US",($/kg),0.66
2017-03,"Sugar, world",($/kg),0.4
2017-03,"Tobacco, US import u.v.",($/mt),4865
2017-03,"Logs, Cameroon",($/cubic meter),374
2017-03,"Logs, Malaysian",($/cubic meter),263.5
2017-03,"Sawnwood, Cameroon",($/cubic meter),591.20000000000005
2017-03,"Sawnwood, Malaysian",($/cubic meter),672.5
2017-03,Plywood,(cents/sheet),483.3
2017-03,"Cotton, A Index",($/kg),1.91
2017-03,"Rubber, TSR20 **",($/kg),1.97
2017-03,"Rubber, RSS3",($/kg),2.35
2017-03,Phosphate rock,($/mt),97.5
2017-03,DAP,($/mt),325.60000000000002
2017-03,TSP,($/mt),288
2017-03,Urea,($/mt),223.5
2017-03,Potassium chloride **,($/mt),206.5
2017-03,Aluminum,($/mt),1901
2017-03,"Iron ore, cfr spot",($/dmtu),87.7
2017-03,Copper,($/mt),5825
2017-03,Lead,($/mt),2281
2017-03,Tin,($/mt),19875
2017-03,Nickel,($/mt),10205
2017-03,Zinc,($/mt),2777
2017-03,Gold,($/troy oz),1231
2017-03,Platinum,($/troy oz),963
2017-03,Silver,($/troy oz),17.600000000000001
2017-04,"Crude oil, average",($/bbl),52.2
2017-04,"Crude oil, Brent",($/bbl),53
2017-04,"Crude oil, Dubai",($/bbl),52.5
2017-04,"Crude oil, WTI",($/bbl),51.1
2017-04,"Coal, Australian",($/mt),83.7
2017-04,"Coal, South African **",($/mt),78.900000000000006
2017-04,"Natural gas, US",($/mmbtu),3.08
2017-04,"Natural gas, Europe",($/mmbtu),5.01
2017-04,"Liquefied natural gas, Japan",($/mmbtu),8.76
2017-04,Natural gas index,(2010=100),67.2
2017-04,Cocoa,($/kg),1.96
2017-04,"Coffee, Arabica",($/kg),3.43
2017-04,"Coffee, Robusta",($/kg),2.2799999999999998
2017-04,"Tea, avg 3 auctions",($/kg),3.03
2017-04,"Tea, Colombo",($/kg),4.05
2017-04,"Tea, Kolkata",($/kg),2.1800000000000002
2017-04,"Tea, Mombasa",($/kg),2.87
2017-04,Coconut oil,($/mt),1590
2017-04,Groundnuts,($/mt),1600
2017-04,Fish meal,($/mt),1298
2017-04,Groundnut oil **,($/mt),1421
2017-04,Palm oil,($/mt),752
2017-04,Palm kernel oil,($/mt),1086
2017-04,Soybeans,($/mt),387
2017-04,Soybean oil,($/mt),794
2017-04,Soybean meal,($/mt),346
2017-04,Rapeseed oil,($/mt),839
2017-04,Sunflower oil,($/mt),798
2017-04,Barley,($/mt),94.2
2017-04,Maize,($/mt),156.4
2017-04,Sorghum,($/mt),149.80000000000001
2017-04,"Rice, Thai 5%",($/mt),380
2017-04,"Rice, Thai 25%",($/mt),369
2017-04,"Rice, Thai A.1",($/mt),358.5
2017-04,"Rice, Viet Namese 5%",($/mt),344.7
2017-04,"Wheat, US SRW",($/mt),172.2
2017-04,"Wheat, US HRW",($/mt),166.1
2017-04,"Banana, Europe",($/kg),0.87
2017-04,"Banana, US",($/kg),1.06
2017-04,Orange,($/kg),0.85
2017-04,Beef **,($/kg),4.41
2017-04,Chicken **,($/kg),2.16
2017-04,Lamb **,($/kg),8.44
2017-04,"Shrimps, Mexican",($/kg),13.78
2017-04,"Sugar, EU",($/kg),0.35
2017-04,"Sugar, US",($/kg),0.63
2017-04,"Sugar, world",($/kg),0.36
2017-04,"Tobacco, US import u.v.",($/mt),4709
2017-04,"Logs, Cameroon",($/cubic meter),375
2017-04,"Logs, Malaysian",($/cubic meter),270.3
2017-04,"Sawnwood, Cameroon",($/cubic meter),605.29999999999995
2017-04,"Sawnwood, Malaysian",($/cubic meter),688.4
2017-04,Plywood,(cents/sheet),495.9
2017-04,"Cotton, A Index",($/kg),1.92
2017-04,"Rubber, TSR20 **",($/kg),1.65
2017-04,"Rubber, RSS3",($/kg),2.21
2017-04,Phosphate rock,($/mt),95.6
2017-04,DAP,($/mt),313.10000000000002
2017-04,TSP,($/mt),285
2017-04,Urea,($/mt),207.9
2017-04,Potassium chloride **,($/mt),206.5
2017-04,Aluminum,($/mt),1921
2017-04,"Iron ore, cfr spot",($/dmtu),70.2
2017-04,Copper,($/mt),5684
2017-04,Lead,($/mt),2221
2017-04,Tin,($/mt),19910
2017-04,Nickel,($/mt),9609
2017-04,Zinc,($/mt),2615
2017-04,Gold,($/troy oz),1267
2017-04,Platinum,($/troy oz),961
2017-04,Silver,($/troy oz),18
2017-05,"Crude oil, average",($/bbl),49.9
2017-05,"Crude oil, Brent",($/bbl),50.9
2017-05,"Crude oil, Dubai",($/bbl),50.3
2017-05,"Crude oil, WTI",($/bbl),48.5
2017-05,"Coal, Australian",($/mt),74.400000000000006
2017-05,"Coal, South African **",($/mt),74.400000000000006
2017-05,"Natural gas, US",($/mmbtu),3.12
2017-05,"Natural gas, Europe",($/mmbtu),5.0599999999999996
2017-05,"Liquefied natural gas, Japan",($/mmbtu),9.1
2017-05,Natural gas index,(2010=100),68.2
2017-05,Cocoa,($/kg),1.98
2017-05,"Coffee, Arabica",($/kg),3.31
2017-05,"Coffee, Robusta",($/kg),2.17
2017-05,"Tea, avg 3 auctions",($/kg),3.2
2017-05,"Tea, Colombo",($/kg),4.0199999999999996
2017-05,"Tea, Kolkata",($/kg),2.63
2017-05,"Tea, Mombasa",($/kg),2.94
2017-05,Coconut oil,($/mt),1719
2017-05,Groundnuts,($/mt),1593
2017-05,Fish meal,($/mt),1330
2017-05,Groundnut oil **,($/mt),1453
2017-05,Palm oil,($/mt),763
2017-05,Palm kernel oil,($/mt),1099
2017-05,Soybeans,($/mt),390
2017-05,Soybean oil,($/mt),825
2017-05,Soybean meal,($/mt),344
2017-05,Rapeseed oil,($/mt),842
2017-05,Sunflower oil,($/mt),795
2017-05,Barley,($/mt),94.2
2017-05,Maize,($/mt),158.6
2017-05,Sorghum,($/mt),159.9
2017-05,"Rice, Thai 5%",($/mt),421
2017-05,"Rice, Thai 25%",($/mt),399
2017-05,"Rice, Thai A.1",($/mt),395
2017-05,"Rice, Viet Namese 5%",($/mt),345
2017-05,"Wheat, US SRW",($/mt),175
2017-05,"Wheat, US HRW",($/mt),180.4
2017-05,"Banana, Europe",($/kg),0.91
2017-05,"Banana, US",($/kg),1.0900000000000001
2017-05,Orange,($/kg),0.76
2017-05,Beef **,($/kg),4.5999999999999996
2017-05,Chicken **,($/kg),2.33
2017-05,Lamb **,($/kg),8.57
2017-05,"Shrimps, Mexican",($/kg),14.29
2017-05,"Sugar, EU",($/kg),0.36
2017-05,"Sugar, US",($/kg),0.63
2017-05,"Sugar, world",($/kg),0.35
2017-05,"Tobacco, US import u.v.",($/mt),4582
2017-05,"Logs, Cameroon",($/cubic meter),386.8
2017-05,"Logs, Malaysian",($/cubic meter),265.3
2017-05,"Sawnwood, Cameroon",($/cubic meter),619.4
2017-05,"Sawnwood, Malaysian",($/cubic meter),704.5
2017-05,Plywood,(cents/sheet),486.6
2017-05,"Cotton, A Index",($/kg),1.95
2017-05,"Rubber, TSR20 **",($/kg),1.53
2017-05,"Rubber, RSS3",($/kg),2.1
2017-05,Phosphate rock,($/mt),92.5
2017-05,DAP,($/mt),309.3
2017-05,TSP,($/mt),275
2017-05,Urea,($/mt),178.8
2017-05,Potassium chloride **,($/mt),206.5
2017-05,Aluminum,($/mt),1913
2017-05,"Iron ore, cfr spot",($/dmtu),62.4
2017-05,Copper,($/mt),5600
2017-05,Lead,($/mt),2125
2017-05,Tin,($/mt),20200
2017-05,Nickel,($/mt),9155
2017-05,Zinc,($/mt),2590
2017-05,Gold,($/troy oz),1246
2017-05,Platinum,($/troy oz),930
2017-05,Silver,($/troy oz),16.7
2017-06,"Crude oil, average",($/bbl),46.2
2017-06,"Crude oil, Brent",($/bbl),46.9
2017-06,"Crude oil, Dubai",($/bbl),46.4
2017-06,"Crude oil, WTI",($/bbl),45.2
2017-06,"Coal, Australian",($/mt),81.099999999999994
2017-06,"Coal, South African **",($/mt),79.2
2017-06,"Natural gas, US",($/mmbtu),2.94
2017-06,"Natural gas, Europe",($/mmbtu),4.8899999999999997
2017-06,"Liquefied natural gas, Japan",($/mmbtu),8.8800000000000008
2017-06,Natural gas index,(2010=100),65
2017-06,Cocoa,($/kg),2
2017-06,"Coffee, Arabica",($/kg),3.16
2017-06,"Coffee, Robusta",($/kg),2.25
2017-06,"Tea, avg 3 auctions",($/kg),3.24
2017-06,"Tea, Colombo",($/kg),3.95
2017-06,"Tea, Kolkata",($/kg),2.63
2017-06,"Tea, Mombasa",($/kg),3.14
2017-06,Coconut oil,($/mt),1870
2017-06,Groundnuts,($/mt),1592
2017-06,Fish meal,($/mt),1333
2017-06,Groundnut oil **,($/mt),1463
2017-06,Palm oil,($/mt),735
2017-06,Palm kernel oil,($/mt),1031
2017-06,Soybeans,($/mt),379
2017-06,Soybean oil,($/mt),833
2017-06,Soybean meal,($/mt),330
2017-06,Rapeseed oil,($/mt),847
2017-06,Sunflower oil,($/mt),794
2017-06,Barley,($/mt),94.2
2017-06,Maize,($/mt),157.9
2017-06,Sorghum,($/mt),165
2017-06,"Rice, Thai 5%",($/mt),458
2017-06,"Rice, Thai 25%",($/mt),430
2017-06,"Rice, Thai A.1",($/mt),440.9
2017-06,"Rice, Viet Namese 5%",($/mt),357.2
2017-06,"Wheat, US SRW",($/mt),183.4
2017-06,"Wheat, US HRW",($/mt),189.6
2017-06,"Banana, Europe",($/kg),0.93
2017-06,"Banana, US",($/kg),1.1000000000000001
2017-06,Orange,($/kg),0.72
2017-06,Beef **,($/kg),4.68
2017-06,Chicken **,($/kg),2.4300000000000002
2017-06,Lamb **,($/kg),9.19
2017-06,"Shrimps, Mexican",($/kg),14.86
2017-06,"Sugar, EU",($/kg),0.37
2017-06,"Sugar, US",($/kg),0.61
2017-06,"Sugar, world",($/kg),0.31
2017-06,"Tobacco, US import u.v.",($/mt),4517
2017-06,"Logs, Cameroon",($/cubic meter),392.9
2017-06,"Logs, Malaysian",($/cubic meter),268.39999999999998
2017-06,"Sawnwood, Cameroon",($/cubic meter),613.20000000000005
2017-06,"Sawnwood, Malaysian",($/cubic meter),697.4
2017-06,Plywood,(cents/sheet),492.3
2017-06,"Cotton, A Index",($/kg),1.87
2017-06,"Rubber, TSR20 **",($/kg),1.44
2017-06,"Rubber, RSS3",($/kg),1.72
2017-06,Phosphate rock,($/mt),92.5
2017-06,DAP,($/mt),310.3
2017-06,TSP,($/mt),275
2017-06,Urea,($/mt),191
2017-06,Potassium chloride **,($/mt),206.5
2017-06,Aluminum,($/mt),1885
2017-06,"Iron ore, cfr spot",($/dmtu),57.5
2017-06,Copper,($/mt),5720
2017-06,Lead,($/mt),2133
2017-06,Tin,($/mt),19659
2017-06,Nickel,($/mt),8932
2017-06,Zinc,($/mt),2573
2017-06,Gold,($/troy oz),1260
2017-06,Platinum,($/troy oz),931
2017-06,Silver,($/troy oz),16.899999999999999
2017-07,"Crude oil, average",($/bbl),47.7
2017-07,"Crude oil, Brent",($/bbl),48.7
2017-07,"Crude oil, Dubai",($/bbl),47.6
2017-07,"Crude oil, WTI",($/bbl),46.7
2017-07,"Coal, Australian",($/mt),87.5
2017-07,"Coal, South African **",($/mt),81.7
2017-07,"Natural gas, US",($/mmbtu),2.96
2017-07,"Natural gas, Europe",($/mmbtu),5
2017-07,"Liquefied natural gas, Japan",($/mmbtu),8.86
2017-07,Natural gas index,(2010=100),65.8
2017-07,Cocoa,($/kg),1.99
2017-07,"Coffee, Arabica",($/kg),3.3
2017-07,"Coffee, Robusta",($/kg),2.31
2017-07,"Tea, avg 3 auctions",($/kg),3.23
2017-07,"Tea, Colombo",($/kg),3.86
2017-07,"Tea, Kolkata",($/kg),2.83
2017-07,"Tea, Mombasa",($/kg),2.99
2017-07,Coconut oil,($/mt),1644
2017-07,Groundnuts,($/mt),1486
2017-07,Fish meal,($/mt),1355
2017-07,Groundnut oil **,($/mt),1497
2017-07,Palm oil,($/mt),720
2017-07,Palm kernel oil,($/mt),1034
2017-07,Soybeans,($/mt),410
2017-07,Soybean oil,($/mt),836
2017-07,Soybean meal,($/mt),341
2017-07,Rapeseed oil,($/mt),906
2017-07,Sunflower oil,($/mt),793
2017-07,Barley,($/mt),94.2
2017-07,Maize,($/mt),157.5
2017-07,Sorghum,($/mt),163.69999999999999
2017-07,"Rice, Thai 5%",($/mt),417
2017-07,"Rice, Thai 25%",($/mt),399
2017-07,"Rice, Thai A.1",($/mt),397.4
2017-07,"Rice, Viet Namese 5%",($/mt),385.9
2017-07,"Wheat, US SRW",($/mt),201.8
2017-07,"Wheat, US HRW",($/mt),202.5
2017-07,"Banana, Europe",($/kg),0.94
2017-07,"Banana, US",($/kg),1.1000000000000001
2017-07,Orange,($/kg),0.7
2017-07,Beef **,($/kg),4.67
2017-07,Chicken **,($/kg),2.35
2017-07,Lamb **,($/kg),9.3699999999999992
2017-07,"Shrimps, Mexican",($/kg),14.73
2017-07,"Sugar, EU",($/kg),0.38
2017-07,"Sugar, US",($/kg),0.59
2017-07,"Sugar, world",($/kg),0.32
2017-07,"Tobacco, US import u.v.",($/mt),4515
2017-07,"Logs, Cameroon",($/cubic meter),402.7
2017-07,"Logs, Malaysian",($/cubic meter),264.60000000000002
2017-07,"Sawnwood, Cameroon",($/cubic meter),622.29999999999995
2017-07,"Sawnwood, Malaysian",($/cubic meter),707.8
2017-07,Plywood,(cents/sheet),485.4
2017-07,"Cotton, A Index",($/kg),1.85
2017-07,"Rubber, TSR20 **",($/kg),1.52
2017-07,"Rubber, RSS3",($/kg),1.75
2017-07,Phosphate rock,($/mt),92.5
2017-07,DAP,($/mt),313.8
2017-07,TSP,($/mt),275.8
2017-07,Urea,($/mt),181
2017-07,Potassium chloride **,($/mt),207.3
2017-07,Aluminum,($/mt),1903
2017-07,"Iron ore, cfr spot",($/dmtu),67.7
2017-07,Copper,($/mt),5985
2017-07,Lead,($/mt),2270
2017-07,Tin,($/mt),20223
2017-07,Nickel,($/mt),9491
2017-07,Zinc,($/mt),2787
2017-07,Gold,($/troy oz),1237
2017-07,Platinum,($/troy oz),919
2017-07,Silver,($/troy oz),16.2
2017-08,"Crude oil, average",($/bbl),49.9
2017-08,"Crude oil, Brent",($/bbl),51.4
2017-08,"Crude oil, Dubai",($/bbl),50.4
2017-08,"Crude oil, WTI",($/bbl),48
2017-08,"Coal, Australian",($/mt),98.6
2017-08,"Coal, South African **",($/mt),87.8
2017-08,"Natural gas, US",($/mmbtu),2.88
2017-08,"Natural gas, Europe",($/mmbtu),5.48
2017-08,"Liquefied natural gas, Japan",($/mmbtu),8.92
2017-08,Natural gas index,(2010=100),67
2017-08,Cocoa,($/kg),1.99
2017-08,"Coffee, Arabica",($/kg),3.3
2017-08,"Coffee, Robusta",($/kg),2.2999999999999998
2017-08,"Tea, avg 3 auctions",($/kg),3.26
2017-08,"Tea, Colombo",($/kg),4.13
2017-08,"Tea, Kolkata",($/kg),2.77
2017-08,"Tea, Mombasa",($/kg),2.9
2017-08,Coconut oil,($/mt),1845
2017-08,Groundnuts,($/mt),1433
2017-08,Fish meal,($/mt),1386
2017-08,Groundnut oil **,($/mt),1510
2017-08,Palm oil,($/mt),718
2017-08,Palm kernel oil,($/mt),1174
2017-08,Soybeans,($/mt),393
2017-08,Soybean oil,($/mt),862
2017-08,Soybean meal,($/mt),330
2017-08,Rapeseed oil,($/mt),875
2017-08,Sunflower oil,($/mt),816
2017-08,Barley,($/mt),96.5
2017-08,Maize,($/mt),148.5
2017-08,Sorghum,($/mt),169.9
2017-08,"Rice, Thai 5%",($/mt),393
2017-08,"Rice, Thai 25%",($/mt),381
2017-08,"Rice, Thai A.1",($/mt),376.1
2017-08,"Rice, Viet Namese 5%",($/mt),390.4
2017-08,"Wheat, US SRW",($/mt),172.7
2017-08,"Wheat, US HRW",($/mt),171.2
2017-08,"Banana, Europe",($/kg),0.94
2017-08,"Banana, US",($/kg),1.1000000000000001
2017-08,Orange,($/kg),0.72
2017-08,Beef **,($/kg),4.47
2017-08,Chicken **,($/kg),2.19
2017-08,Lamb **,($/kg),8.89
2017-08,"Shrimps, Mexican",($/kg),12.84
2017-08,"Sugar, EU",($/kg),0.39
2017-08,"Sugar, US",($/kg),0.55000000000000004
2017-08,"Sugar, world",($/kg),0.32
2017-08,"Tobacco, US import u.v.",($/mt),4432
2017-08,"Logs, Cameroon",($/cubic meter),413.2
2017-08,"Logs, Malaysian",($/cubic meter),271
2017-08,"Sawnwood, Cameroon",($/cubic meter),621.20000000000005
2017-08,"Sawnwood, Malaysian",($/cubic meter),706.6
2017-08,Plywood,(cents/sheet),497
2017-08,"Cotton, A Index",($/kg),1.75
2017-08,"Rubber, TSR20 **",($/kg),1.55
2017-08,"Rubber, RSS3",($/kg),1.84
2017-08,Phosphate rock,($/mt),88.8
2017-08,DAP,($/mt),320.8
2017-08,TSP,($/mt),280.5
2017-08,Urea,($/mt),192.6
2017-08,Potassium chloride **,($/mt),215.5
2017-08,Aluminum,($/mt),2030
2017-08,"Iron ore, cfr spot",($/dmtu),76.099999999999994
2017-08,Copper,($/mt),6486
2017-08,Lead,($/mt),2348
2017-08,Tin,($/mt),20521
2017-08,Nickel,($/mt),10890
2017-08,Zinc,($/mt),2981
2017-08,Gold,($/troy oz),1283
2017-08,Platinum,($/troy oz),973
2017-08,Silver,($/troy oz),17
2017-09,"Crude oil, average",($/bbl),53
2017-09,"Crude oil, Brent",($/bbl),55.2
2017-09,"Crude oil, Dubai",($/bbl),53.9
2017-09,"Crude oil, WTI",($/bbl),49.8
2017-09,"Coal, Australian",($/mt),97.8
2017-09,"Coal, South African **",($/mt),92.3
2017-09,"Natural gas, US",($/mmbtu),2.96
2017-09,"Natural gas, Europe",($/mmbtu),5.96
2017-09,"Liquefied natural gas, Japan",($/mmbtu),8.64
2017-09,Natural gas index,(2010=100),70.2
2017-09,Cocoa,($/kg),2
2017-09,"Coffee, Arabica",($/kg),3.23
2017-09,"Coffee, Robusta",($/kg),2.19
2017-09,"Tea, avg 3 auctions",($/kg),3.28
2017-09,"Tea, Colombo",($/kg),4.2699999999999996
2017-09,"Tea, Kolkata",($/kg),2.62
2017-09,"Tea, Mombasa",($/kg),2.96
2017-09,Coconut oil,($/mt),1601
2017-09,Groundnuts,($/mt),1382
2017-09,Fish meal,($/mt),1406
2017-09,Groundnut oil **,($/mt),1505
2017-09,Palm oil,($/mt),754
2017-09,Palm kernel oil,($/mt),1336
2017-09,Soybeans,($/mt),394
2017-09,Soybean oil,($/mt),889
2017-09,Soybean meal,($/mt),342
2017-09,Rapeseed oil,($/mt),873
2017-09,Sunflower oil,($/mt),822
2017-09,Barley,($/mt),96.5
2017-09,Maize,($/mt),147.30000000000001
2017-09,Sorghum,($/mt),169.8
2017-09,"Rice, Thai 5%",($/mt),402
2017-09,"Rice, Thai 25%",($/mt),388
2017-09,"Rice, Thai A.1",($/mt),384.8
2017-09,"Rice, Viet Namese 5%",($/mt),382
2017-09,"Wheat, US SRW",($/mt),176.9
2017-09,"Wheat, US HRW",($/mt),178.6
2017-09,"Banana, Europe",($/kg),0.93
2017-09,"Banana, US",($/kg),1.1000000000000001
2017-09,Orange,($/kg),0.79
2017-09,Beef **,($/kg),4.3
2017-09,Chicken **,($/kg),2.11
2017-09,Lamb **,($/kg),8.5500000000000007
2017-09,"Shrimps, Mexican",($/kg),12.13
2017-09,"Sugar, EU",($/kg),0.39
2017-09,"Sugar, US",($/kg),0.59
2017-09,"Sugar, world",($/kg),0.32
2017-09,"Tobacco, US import u.v.",($/mt),4395
2017-09,"Logs, Cameroon",($/cubic meter),417.2
2017-09,"Logs, Malaysian",($/cubic meter),268.89999999999998
2017-09,"Sawnwood, Cameroon",($/cubic meter),637.70000000000005
2017-09,"Sawnwood, Malaysian",($/cubic meter),725.3
2017-09,Plywood,(cents/sheet),493.3
2017-09,"Cotton, A Index",($/kg),1.78
2017-09,"Rubber, TSR20 **",($/kg),1.61
2017-09,"Rubber, RSS3",($/kg),1.86
2017-09,Phosphate rock,($/mt),85
2017-09,DAP,($/mt),325.89999999999998
2017-09,TSP,($/mt),283.2
2017-09,Urea,($/mt),219
2017-09,Potassium chloride **,($/mt),215.5
2017-09,Aluminum,($/mt),2096
2017-09,"Iron ore, cfr spot",($/dmtu),71.5
2017-09,Copper,($/mt),6577
2017-09,Lead,($/mt),2374
2017-09,Tin,($/mt),20797
2017-09,Nickel,($/mt),11216
2017-09,Zinc,($/mt),3117
2017-09,Gold,($/troy oz),1314
2017-09,Platinum,($/troy oz),964
2017-09,Silver,($/troy oz),17.399999999999999
2017-10,"Crude oil, average",($/bbl),54.9
2017-10,"Crude oil, Brent",($/bbl),57.6
2017-10,"Crude oil, Dubai",($/bbl),55.6
2017-10,"Crude oil, WTI",($/bbl),51.6
2017-10,"Coal, Australian",($/mt),97.1
2017-10,"Coal, South African **",($/mt),91.4
2017-10,"Natural gas, US",($/mmbtu),2.86
2017-10,"Natural gas, Europe",($/mmbtu),6.18
2017-10,"Liquefied natural gas, Japan",($/mmbtu),8.31
2017-10,Natural gas index,(2010=100),69.8
2017-10,Cocoa,($/kg),2.1
2017-10,"Coffee, Arabica",($/kg),3.1
2017-10,"Coffee, Robusta",($/kg),2.17
2017-10,"Tea, avg 3 auctions",($/kg),3.29
2017-10,"Tea, Colombo",($/kg),4.1900000000000004
2017-10,"Tea, Kolkata",($/kg),2.64
2017-10,"Tea, Mombasa",($/kg),3.06
2017-10,Coconut oil,($/mt),1485
2017-10,Groundnuts,($/mt),1325
2017-10,Fish meal,($/mt),1379
2017-10,Groundnut oil **,($/mt),1481
2017-10,Palm oil,($/mt),747
2017-10,Palm kernel oil,($/mt),1419
2017-10,Soybeans,($/mt),397
2017-10,Soybean oil,($/mt),881
2017-10,Soybean meal,($/mt),353
2017-10,Rapeseed oil,($/mt),897
2017-10,Sunflower oil,($/mt),805
2017-10,Barley,($/mt),96.5
2017-10,Maize,($/mt),148.6
2017-10,Sorghum,($/mt),171
2017-10,"Rice, Thai 5%",($/mt),394
2017-10,"Rice, Thai 25%",($/mt),379
2017-10,"Rice, Thai A.1",($/mt),375.7
2017-10,"Rice, Viet Namese 5%",($/mt),376.2
2017-10,"Wheat, US SRW",($/mt),177
2017-10,"Wheat, US HRW",($/mt),175.6
2017-10,"Banana, Europe",($/kg),0.92
2017-10,"Banana, US",($/kg),1.08
2017-10,Orange,($/kg),0.82
2017-10,Beef **,($/kg),4.25
2017-10,Chicken **,($/kg),1.98
2017-10,Lamb **,($/kg),8.24
2017-10,"Shrimps, Mexican",($/kg),11.95
2017-10,"Sugar, EU",($/kg),0.38
2017-10,"Sugar, US",($/kg),0.6
2017-10,"Sugar, world",($/kg),0.32
2017-10,"Tobacco, US import u.v.",($/mt),4513
2017-10,"Logs, Cameroon",($/cubic meter),411.6
2017-10,"Logs, Malaysian",($/cubic meter),263.60000000000002
2017-10,"Sawnwood, Cameroon",($/cubic meter),632.5
2017-10,"Sawnwood, Malaysian",($/cubic meter),719.5
2017-10,Plywood,(cents/sheet),483.5
2017-10,"Cotton, A Index",($/kg),1.73
2017-10,"Rubber, TSR20 **",($/kg),1.46
2017-10,"Rubber, RSS3",($/kg),1.64
2017-10,Phosphate rock,($/mt),80
2017-10,DAP,($/mt),322.39999999999998
2017-10,TSP,($/mt),283.5
2017-10,Urea,($/mt),252.5
2017-10,Potassium chloride **,($/mt),215.5
2017-10,Aluminum,($/mt),2131
2017-10,"Iron ore, cfr spot",($/dmtu),61.7
2017-10,Copper,($/mt),6808
2017-10,Lead,($/mt),2498
2017-10,Tin,($/mt),20376
2017-10,Nickel,($/mt),11336
2017-10,Zinc,($/mt),3265
2017-10,Gold,($/troy oz),1280
2017-10,Platinum,($/troy oz),921
2017-10,Silver,($/troy oz),16.899999999999999
2017-11,"Crude oil, average",($/bbl),59.9
2017-11,"Crude oil, Brent",($/bbl),62.6
2017-11,"Crude oil, Dubai",($/bbl),60.6
2017-11,"Crude oil, WTI",($/bbl),56.7
2017-11,"Coal, Australian",($/mt),96.6
2017-11,"Coal, South African **",($/mt),91.4
2017-11,"Natural gas, US",($/mmbtu),2.99
2017-11,"Natural gas, Europe",($/mmbtu),6.69
2017-11,"Liquefied natural gas, Japan",($/mmbtu),8.4499999999999993
2017-11,Natural gas index,(2010=100),73.900000000000006
2017-11,Cocoa,($/kg),2.13
2017-11,"Coffee, Arabica",($/kg),3.11
2017-11,"Coffee, Robusta",($/kg),2.0099999999999998
2017-11,"Tea, avg 3 auctions",($/kg),3.23
2017-11,"Tea, Colombo",($/kg),4.1100000000000003
2017-11,"Tea, Kolkata",($/kg),2.61
2017-11,"Tea, Mombasa",($/kg),2.98
2017-11,Coconut oil,($/mt),1554
2017-11,Groundnuts,($/mt),1260
2017-11,Fish meal,($/mt),1386
2017-11,Groundnut oil **,($/mt),1502
2017-11,Palm oil,($/mt),729
2017-11,Palm kernel oil,($/mt),1445
2017-11,Soybeans,($/mt),394
2017-11,Soybean oil,($/mt),887
2017-11,Soybean meal,($/mt),351
2017-11,Rapeseed oil,($/mt),963
2017-11,Sunflower oil,($/mt),810
2017-11,Barley,($/mt),108.4
2017-11,Maize,($/mt),148.69999999999999
2017-11,Sorghum,($/mt),167.7
2017-11,"Rice, Thai 5%",($/mt),402
2017-11,"Rice, Thai 25%",($/mt),386
2017-11,"Rice, Thai A.1",($/mt),378.8
2017-11,"Rice, Viet Namese 5%",($/mt),379
2017-11,"Wheat, US SRW",($/mt),175.7
2017-11,"Wheat, US HRW",($/mt),179.7
2017-11,"Banana, Europe",($/kg),0.93
2017-11,"Banana, US",($/kg),1.08
2017-11,Orange,($/kg),0.86
2017-11,Beef **,($/kg),4.33
2017-11,Chicken **,($/kg),1.96
2017-11,Lamb **,($/kg),7.55
2017-11,"Shrimps, Mexican",($/kg),12.17
2017-11,"Sugar, EU",($/kg),0.38
2017-11,"Sugar, US",($/kg),0.6
2017-11,"Sugar, world",($/kg),0.33
2017-11,"Tobacco, US import u.v.",($/mt),4594
2017-11,"Logs, Cameroon",($/cubic meter),410.9
2017-11,"Logs, Malaysian",($/cubic meter),263.8
2017-11,"Sawnwood, Cameroon",($/cubic meter),633.4
2017-11,"Sawnwood, Malaysian",($/cubic meter),720.5
2017-11,Plywood,(cents/sheet),484
2017-11,"Cotton, A Index",($/kg),1.77
2017-11,"Rubber, TSR20 **",($/kg),1.43
2017-11,"Rubber, RSS3",($/kg),1.57
2017-11,Phosphate rock,($/mt),80
2017-11,DAP,($/mt),344
2017-11,TSP,($/mt),295
2017-11,Urea,($/mt),280
2017-11,Potassium chloride **,($/mt),215.5
2017-11,Aluminum,($/mt),2097
2017-11,"Iron ore, cfr spot",($/dmtu),64.2
2017-11,Copper,($/mt),6827
2017-11,Lead,($/mt),2461
2017-11,Tin,($/mt),19558
2017-11,Nickel,($/mt),11972
2017-11,Zinc,($/mt),3229
2017-11,Gold,($/troy oz),1282
2017-11,Platinum,($/troy oz),934
2017-11,Silver,($/troy oz),17
2017-12,"Crude oil, average",($/bbl),61.2
2017-12,"Crude oil, Brent",($/bbl),64.2
2017-12,"Crude oil, Dubai",($/bbl),61.4
2017-12,"Crude oil, WTI",($/bbl),57.9
2017-12,"Coal, Australian",($/mt),100.8
2017-12,"Coal, South African **",($/mt),95.5
2017-12,"Natural gas, US",($/mmbtu),2.76
2017-12,"Natural gas, Europe",($/mmbtu),7.14
2017-12,"Liquefied natural gas, Japan",($/mmbtu),8.65
2017-12,Natural gas index,(2010=100),73.3
2017-12,Cocoa,($/kg),1.92
2017-12,"Coffee, Arabica",($/kg),3.03
2017-12,"Coffee, Robusta",($/kg),1.93
2017-12,"Tea, avg 3 auctions",($/kg),3.13
2017-12,"Tea, Colombo",($/kg),4.1100000000000003
2017-12,"Tea, Kolkata",($/kg),2.5
2017-12,"Tea, Mombasa",($/kg),2.79
2017-12,Coconut oil,($/mt),1451
2017-12,Groundnuts,($/mt),1231
2017-12,Fish meal,($/mt),1477
2017-12,Groundnut oil **,($/mt),1510
2017-12,Palm oil,($/mt),679
2017-12,Palm kernel oil,($/mt),1306
2017-12,Soybeans,($/mt),387
2017-12,Soybean oil,($/mt),867
2017-12,Soybean meal,($/mt),360
2017-12,Rapeseed oil,($/mt),902
2017-12,Sunflower oil,($/mt),801
2017-12,Barley,($/mt),119.9
2017-12,Maize,($/mt),149
2017-12,Sorghum,($/mt),175.2
2017-12,"Rice, Thai 5%",($/mt),406
2017-12,"Rice, Thai 25%",($/mt),391
2017-12,"Rice, Thai A.1",($/mt),388.5
2017-12,"Rice, Viet Namese 5%",($/mt),383.2
2017-12,"Wheat, US SRW",($/mt),172.5
2017-12,"Wheat, US HRW",($/mt),184.1
2017-12,"Banana, Europe",($/kg),0.91
2017-12,"Banana, US",($/kg),1.1000000000000001
2017-12,Orange,($/kg),0.77
2017-12,Beef **,($/kg),4.28
2017-12,Chicken **,($/kg),1.97
2017-12,Lamb **,($/kg),7.94
2017-12,"Shrimps, Mexican",($/kg),12.24
2017-12,"Sugar, EU",($/kg),0.39
2017-12,"Sugar, US",($/kg),0.59
2017-12,"Sugar, world",($/kg),0.32
2017-12,"Tobacco, US import u.v.",($/mt),4630
2017-12,"Logs, Cameroon",($/cubic meter),414.3
2017-12,"Logs, Malaysian",($/cubic meter),263.60000000000002
2017-12,"Sawnwood, Cameroon",($/cubic meter),642.20000000000005
2017-12,"Sawnwood, Malaysian",($/cubic meter),730.5
2017-12,Plywood,(cents/sheet),483.5
2017-12,"Cotton, A Index",($/kg),1.88
2017-12,"Rubber, TSR20 **",($/kg),1.46
2017-12,"Rubber, RSS3",($/kg),1.65
2017-12,Phosphate rock,($/mt),80
2017-12,DAP,($/mt),357.3
2017-12,TSP,($/mt),308.8
2017-12,Urea,($/mt),214.6
2017-12,Potassium chloride **,($/mt),215.5
2017-12,Aluminum,($/mt),2080
2017-12,"Iron ore, cfr spot",($/dmtu),72.3
2017-12,Copper,($/mt),6834
2017-12,Lead,($/mt),2510
2017-12,Tin,($/mt),19476
2017-12,Nickel,($/mt),11495
2017-12,Zinc,($/mt),3196
2017-12,Gold,($/troy oz),1264
2017-12,Platinum,($/troy oz),907
2017-12,Silver,($/troy oz),16.2
2018-01,"Crude oil, average",($/bbl),66.2
2018-01,"Crude oil, Brent",($/bbl),69
2018-01,"Crude oil, Dubai",($/bbl),66
2018-01,"Crude oil, WTI",($/bbl),63.7
2018-01,"Coal, Australian",($/mt),106.5
2018-01,"Coal, South African **",($/mt),97.5
2018-01,"Natural gas, US",($/mmbtu),3.86
2018-01,"Natural gas, Europe",($/mmbtu),6.66
2018-01,"Liquefied natural gas, Japan",($/mmbtu),9.34
2018-01,Natural gas index,(2010=100),84.8
2018-01,Cocoa,($/kg),1.95
2018-01,"Coffee, Arabica",($/kg),3.06
2018-01,"Coffee, Robusta",($/kg),1.95
2018-01,"Tea, avg 3 auctions",($/kg),3.1
2018-01,"Tea, Colombo",($/kg),4.16
2018-01,"Tea, Kolkata",($/kg),2.19
2018-01,"Tea, Mombasa",($/kg),2.96
2018-01,Coconut oil,($/mt),1394
2018-01,Groundnuts,($/mt),1180
2018-01,Fish meal,($/mt),1597
2018-01,Groundnut oil **,($/mt),1433
2018-01,Palm oil,($/mt),703
2018-01,Palm kernel oil,($/mt),1265
2018-01,Soybeans,($/mt),390
2018-01,Soybean oil,($/mt),871
2018-01,Soybean meal,($/mt),376
2018-01,Rapeseed oil,($/mt),848
2018-01,Sunflower oil,($/mt),799
2018-01,Barley,($/mt),121.7
2018-01,Maize,($/mt),155.80000000000001
2018-01,Sorghum,($/mt),178.5
2018-01,"Rice, Thai 5%",($/mt),442
2018-01,"Rice, Thai 25%",($/mt),422
2018-01,"Rice, Thai A.1",($/mt),410.8
2018-01,"Rice, Viet Namese 5%",($/mt),380.9
2018-01,"Wheat, US SRW",($/mt),178.3
2018-01,"Wheat, US HRW",($/mt),192.2
2018-01,"Banana, Europe",($/kg),0.98
2018-01,"Banana, US",($/kg),1.1299999999999999
2018-01,Orange,($/kg),0.76
2018-01,Beef **,($/kg),4.3
2018-01,Chicken **,($/kg),2.0699999999999998
2018-01,Lamb **,($/kg),7.72
2018-01,"Shrimps, Mexican",($/kg),12.36
2018-01,"Sugar, EU",($/kg),0.4
2018-01,"Sugar, US",($/kg),0.59
2018-01,"Sugar, world",($/kg),0.31
2018-01,"Tobacco, US import u.v.",($/mt),4649
2018-01,"Logs, Cameroon",($/cubic meter),426.7
2018-01,"Logs, Malaysian",($/cubic meter),268.3
2018-01,"Sawnwood, Cameroon",($/cubic meter),661.1
2018-01,"Sawnwood, Malaysian",($/cubic meter),751.9
2018-01,Plywood,(cents/sheet),492.1
2018-01,"Cotton, A Index",($/kg),2.0099999999999998
2018-01,"Rubber, TSR20 **",($/kg),1.5
2018-01,"Rubber, RSS3",($/kg),1.72
2018-01,Phosphate rock,($/mt),80
2018-01,DAP,($/mt),360.4
2018-01,TSP,($/mt),320
2018-01,Urea,($/mt),219.6
2018-01,Potassium chloride **,($/mt),215.5
2018-01,Aluminum,($/mt),2210
2018-01,"Iron ore, cfr spot",($/dmtu),76.3
2018-01,Copper,($/mt),7066
2018-01,Lead,($/mt),2584
2018-01,Tin,($/mt),20697
2018-01,Nickel,($/mt),12865
2018-01,Zinc,($/mt),3442
2018-01,Gold,($/troy oz),1331
2018-01,Platinum,($/troy oz),990
2018-01,Silver,($/troy oz),17.100000000000001
2018-02,"Crude oil, average",($/bbl),63.5
2018-02,"Crude oil, Brent",($/bbl),65.400000000000006
2018-02,"Crude oil, Dubai",($/bbl),62.8
2018-02,"Crude oil, WTI",($/bbl),62.2
2018-02,"Coal, Australian",($/mt),106
2018-02,"Coal, South African **",($/mt),92.7
2018-02,"Natural gas, US",($/mmbtu),2.67
2018-02,"Natural gas, Europe",($/mmbtu),6.72
2018-02,"Liquefied natural gas, Japan",($/mmbtu),9.83
2018-02,Natural gas index,(2010=100),71
2018-02,Cocoa,($/kg),2.12
2018-02,"Coffee, Arabica",($/kg),3
2018-02,"Coffee, Robusta",($/kg),1.97
2018-02,"Tea, avg 3 auctions",($/kg),3
2018-02,"Tea, Colombo",($/kg),4.0999999999999996
2018-02,"Tea, Kolkata",($/kg),1.91
2018-02,"Tea, Mombasa",($/kg),2.99
2018-02,Coconut oil,($/mt),1244
2018-02,Groundnuts,($/mt),1160
2018-02,Fish meal,($/mt),1606
2018-02,Groundnut oil **,($/mt),1433
2018-02,Palm oil,($/mt),709
2018-02,Palm kernel oil,($/mt),1145
2018-02,Soybeans,($/mt),416
2018-02,Soybean oil,($/mt),844
2018-02,Soybean meal,($/mt),421
2018-02,Rapeseed oil,($/mt),827
2018-02,Sunflower oil,($/mt),806
2018-02,Barley,($/mt),129.1
2018-02,Maize,($/mt),163.4
2018-02,Sorghum,($/mt),187.4
2018-02,"Rice, Thai 5%",($/mt),425
2018-02,"Rice, Thai 25%",($/mt),411
2018-02,"Rice, Thai A.1",($/mt),407.8
2018-02,"Rice, Viet Namese 5%",($/mt),395.4
2018-02,"Wheat, US SRW",($/mt),190.6
2018-02,"Wheat, US HRW",($/mt),192.2
2018-02,"Banana, Europe",($/kg),1.07
2018-02,"Banana, US",($/kg),1.27
2018-02,Orange,($/kg),0.78
2018-02,Beef **,($/kg),4.3499999999999996
2018-02,Chicken **,($/kg),1.98
2018-02,Lamb **,($/kg),7.87
2018-02,"Shrimps, Mexican",($/kg),12.73
2018-02,"Sugar, EU",($/kg),0.4
2018-02,"Sugar, US",($/kg),0.56999999999999995
2018-02,"Sugar, world",($/kg),0.3
2018-02,"Tobacco, US import u.v.",($/mt),4628
2018-02,"Logs, Cameroon",($/cubic meter),432.5
2018-02,"Logs, Malaysian",($/cubic meter),275.8
2018-02,"Sawnwood, Cameroon",($/cubic meter),670.1
2018-02,"Sawnwood, Malaysian",($/cubic meter),762.2
2018-02,Plywood,(cents/sheet),505.9
2018-02,"Cotton, A Index",($/kg),1.95
2018-02,"Rubber, TSR20 **",($/kg),1.46
2018-02,"Rubber, RSS3",($/kg),1.72
2018-02,Phosphate rock,($/mt),82.5
2018-02,DAP,($/mt),370
2018-02,TSP,($/mt),320
2018-02,Urea,($/mt),232.5
2018-02,Potassium chloride **,($/mt),215.5
2018-02,Aluminum,($/mt),2182
2018-02,"Iron ore, cfr spot",($/dmtu),77.5
2018-02,Copper,($/mt),7007
2018-02,Lead,($/mt),2581
2018-02,Tin,($/mt),21652
2018-02,Nickel,($/mt),13596
2018-02,Zinc,($/mt),3533
2018-02,Gold,($/troy oz),1331
2018-02,Platinum,($/troy oz),987
2018-02,Silver,($/troy oz),16.600000000000001
2018-03,"Crude oil, average",($/bbl),64.2
2018-03,"Crude oil, Brent",($/bbl),66.5
2018-03,"Crude oil, Dubai",($/bbl),63.3
2018-03,"Crude oil, WTI",($/bbl),62.8
2018-03,"Coal, Australian",($/mt),96.7
2018-03,"Coal, South African **",($/mt),89.5
2018-03,"Natural gas, US",($/mmbtu),2.7
2018-03,"Natural gas, Europe",($/mmbtu),6.7
2018-03,"Liquefied natural gas, Japan",($/mmbtu),10.11
2018-03,Natural gas index,(2010=100),71.5
2018-03,Cocoa,($/kg),2.5
2018-03,"Coffee, Arabica",($/kg),2.98
2018-03,"Coffee, Robusta",($/kg),1.94
2018-03,"Tea, avg 3 auctions",($/kg),2.84
2018-03,"Tea, Colombo",($/kg),3.95
2018-03,"Tea, Kolkata",($/kg),1.75
2018-03,"Tea, Mombasa",($/kg),2.81
2018-03,Coconut oil,($/mt),1119
2018-03,Groundnuts,($/mt),1227
2018-03,Fish meal,($/mt),1604
2018-03,Groundnut oil **,($/mt),1436
2018-03,Palm oil,($/mt),706
2018-03,Palm kernel oil,($/mt),1016
2018-03,Soybeans,($/mt),430
2018-03,Soybean oil,($/mt),837
2018-03,Soybean meal,($/mt),445
2018-03,Rapeseed oil,($/mt),800
2018-03,Sunflower oil,($/mt),801
2018-03,Barley,($/mt),130.9
2018-03,Maize,($/mt),172
2018-03,Sorghum,($/mt),181.2
2018-03,"Rice, Thai 5%",($/mt),430
2018-03,"Rice, Thai 25%",($/mt),418
2018-03,"Rice, Thai A.1",($/mt),403.5
2018-03,"Rice, Viet Namese 5%",($/mt),409.9
2018-03,"Wheat, US SRW",($/mt),198.9
2018-03,"Wheat, US HRW",($/mt),192.2
2018-03,"Banana, Europe",($/kg),1.1100000000000001
2018-03,"Banana, US",($/kg),1.1599999999999999
2018-03,Orange,($/kg),0.74
2018-03,Beef **,($/kg),4.4400000000000004
2018-03,Chicken **,($/kg),2.2000000000000002
2018-03,Lamb **,($/kg),8.0500000000000007
2018-03,"Shrimps, Mexican",($/kg),12.79
2018-03,"Sugar, EU",($/kg),0.4
2018-03,"Sugar, US",($/kg),0.55000000000000004
2018-03,"Sugar, world",($/kg),0.28000000000000003
2018-03,"Tobacco, US import u.v.",($/mt),4741
2018-03,"Logs, Cameroon",($/cubic meter),431.7
2018-03,"Logs, Malaysian",($/cubic meter),280.7
2018-03,"Sawnwood, Cameroon",($/cubic meter),669.4
2018-03,"Sawnwood, Malaysian",($/cubic meter),761.4
2018-03,Plywood,(cents/sheet),514.9
2018-03,"Cotton, A Index",($/kg),2.0299999999999998
2018-03,"Rubber, TSR20 **",($/kg),1.44
2018-03,"Rubber, RSS3",($/kg),1.76
2018-03,Phosphate rock,($/mt),84.7
2018-03,DAP,($/mt),378
2018-03,TSP,($/mt),324
2018-03,Urea,($/mt),232.5
2018-03,Potassium chloride **,($/mt),215.5
2018-03,Aluminum,($/mt),2069
2018-03,"Iron ore, cfr spot",($/dmtu),70.400000000000006
2018-03,Copper,($/mt),6799
2018-03,Lead,($/mt),2390
2018-03,Tin,($/mt),21212
2018-03,Nickel,($/mt),13393
2018-03,Zinc,($/mt),3269
2018-03,Gold,($/troy oz),1325
2018-03,Platinum,($/troy oz),955
2018-03,Silver,($/troy oz),16.5
2018-04,"Crude oil, average",($/bbl),68.8
2018-04,"Crude oil, Brent",($/bbl),71.599999999999994
2018-04,"Crude oil, Dubai",($/bbl),68.400000000000006
2018-04,"Crude oil, WTI",($/bbl),66.3
2018-04,"Coal, Australian",($/mt),93.7
2018-04,"Coal, South African **",($/mt),92.3
2018-04,"Natural gas, US",($/mmbtu),2.78
2018-04,"Natural gas, Europe",($/mmbtu),6.93
2018-04,"Liquefied natural gas, Japan",($/mmbtu),10.09
2018-04,Natural gas index,(2010=100),73.5
2018-04,Cocoa,($/kg),2.62
2018-04,"Coffee, Arabica",($/kg),2.96
2018-04,"Coffee, Robusta",($/kg),1.95
2018-04,"Tea, avg 3 auctions",($/kg),2.95
2018-04,"Tea, Colombo",($/kg),3.88
2018-04,"Tea, Kolkata",($/kg),2.2799999999999998
2018-04,"Tea, Mombasa",($/kg),2.69
2018-04,Coconut oil,($/mt),1131
2018-04,Groundnuts,($/mt),1380
2018-04,Fish meal,($/mt),1578
2018-04,Groundnut oil **,($/mt),1444
2018-04,Palm oil,($/mt),701
2018-04,Palm kernel oil,($/mt),1007
2018-04,Soybeans,($/mt),439
2018-04,Soybean oil,($/mt),832
2018-04,Soybean meal,($/mt),462
2018-04,Rapeseed oil,($/mt),793
2018-04,Sunflower oil,($/mt),799
2018-04,Barley,($/mt),130.9
2018-04,Maize,($/mt),175.6
2018-04,Sorghum,($/mt),178.6
2018-04,"Rice, Thai 5%",($/mt),451
2018-04,"Rice, Thai 25%",($/mt),436
2018-04,"Rice, Thai A.1",($/mt),430.2
2018-04,"Rice, Viet Namese 5%",($/mt),413.4
2018-04,"Wheat, US SRW",($/mt),198.8
2018-04,"Wheat, US HRW",($/mt),213.8
2018-04,"Banana, Europe",($/kg),1.1100000000000001
2018-04,"Banana, US",($/kg),1.1599999999999999
2018-04,Orange,($/kg),0.76
2018-04,Beef **,($/kg),4.38
2018-04,Chicken **,($/kg),2.36
2018-04,Lamb **,($/kg),8.3800000000000008
2018-04,"Shrimps, Mexican",($/kg),12.83
2018-04,"Sugar, EU",($/kg),0.4
2018-04,"Sugar, US",($/kg),0.55000000000000004
2018-04,"Sugar, world",($/kg),0.27
2018-04,"Tobacco, US import u.v.",($/mt),4842
2018-04,"Logs, Cameroon",($/cubic meter),429.7
2018-04,"Logs, Malaysian",($/cubic meter),276.7
2018-04,"Sawnwood, Cameroon",($/cubic meter),674.4
2018-04,"Sawnwood, Malaysian",($/cubic meter),767
2018-04,Plywood,(cents/sheet),507.5
2018-04,"Cotton, A Index",($/kg),2.0299999999999998
2018-04,"Rubber, TSR20 **",($/kg),1.39
2018-04,"Rubber, RSS3",($/kg),1.73
2018-04,Phosphate rock,($/mt),88
2018-04,DAP,($/mt),384.8
2018-04,TSP,($/mt),325
2018-04,Urea,($/mt),230.6
2018-04,Potassium chloride **,($/mt),215.5
2018-04,Aluminum,($/mt),2255
2018-04,"Iron ore, cfr spot",($/dmtu),65.8
2018-04,Copper,($/mt),6852
2018-04,Lead,($/mt),2352
2018-04,Tin,($/mt),21291
2018-04,Nickel,($/mt),13938
2018-04,Zinc,($/mt),3188
2018-04,Gold,($/troy oz),1335
2018-04,Platinum,($/troy oz),924
2018-04,Silver,($/troy oz),16.600000000000001
2018-05,"Crude oil, average",($/bbl),73.400000000000006
2018-05,"Crude oil, Brent",($/bbl),76.7
2018-05,"Crude oil, Dubai",($/bbl),73.7
2018-05,"Crude oil, WTI",($/bbl),70
2018-05,"Coal, Australian",($/mt),105.3
2018-05,"Coal, South African **",($/mt),101.9
2018-05,"Natural gas, US",($/mmbtu),2.8
2018-05,"Natural gas, Europe",($/mmbtu),7.49
2018-05,"Liquefied natural gas, Japan",($/mmbtu),10.25
2018-05,Natural gas index,(2010=100),76.5
2018-05,Cocoa,($/kg),2.66
2018-05,"Coffee, Arabica",($/kg),2.99
2018-05,"Coffee, Robusta",($/kg),1.96
2018-05,"Tea, avg 3 auctions",($/kg),3.02
2018-05,"Tea, Colombo",($/kg),3.76
2018-05,"Tea, Kolkata",($/kg),2.69
2018-05,"Tea, Mombasa",($/kg),2.62
2018-05,Coconut oil,($/mt),1028
2018-05,Groundnuts,($/mt),1450
2018-05,Fish meal,($/mt),1513
2018-05,Groundnut oil **,($/mt),1444
2018-05,Palm oil,($/mt),687
2018-05,Palm kernel oil,($/mt),935
2018-05,Soybeans,($/mt),430
2018-05,Soybean oil,($/mt),793
2018-05,Soybean meal,($/mt),459
2018-05,Rapeseed oil,($/mt),811
2018-05,Sunflower oil,($/mt),801
2018-05,Barley,($/mt),130.9
2018-05,Maize,($/mt),179.1
2018-05,Sorghum,($/mt),178.6
2018-05,"Rice, Thai 5%",($/mt),451
2018-05,"Rice, Thai 25%",($/mt),436
2018-05,"Rice, Thai A.1",($/mt),431.8
2018-05,"Rice, Viet Namese 5%",($/mt),419
2018-05,"Wheat, US SRW",($/mt),209.9
2018-05,"Wheat, US HRW",($/mt),213.8
2018-05,"Banana, Europe",($/kg),0.96
2018-05,"Banana, US",($/kg),1.1499999999999999
2018-05,Orange,($/kg),0.88
2018-05,Beef **,($/kg),4.32
2018-05,Chicken **,($/kg),2.65
2018-05,Lamb **,($/kg),8.19
2018-05,"Shrimps, Mexican",($/kg),12.9
2018-05,"Sugar, EU",($/kg),0.39
2018-05,"Sugar, US",($/kg),0.54
2018-05,"Sugar, world",($/kg),0.27
2018-05,"Tobacco, US import u.v.",($/mt),4907
2018-05,"Logs, Cameroon",($/cubic meter),413.9
2018-05,"Logs, Malaysian",($/cubic meter),271.39999999999998
2018-05,"Sawnwood, Cameroon",($/cubic meter),645.79999999999995
2018-05,"Sawnwood, Malaysian",($/cubic meter),734.6
2018-05,Plywood,(cents/sheet),497.8
2018-05,"Cotton, A Index",($/kg),2.08
2018-05,"Rubber, TSR20 **",($/kg),1.44
2018-05,"Rubber, RSS3",($/kg),1.7
2018-05,Phosphate rock,($/mt),88
2018-05,DAP,($/mt),384.4
2018-05,TSP,($/mt),326
2018-05,Urea,($/mt),221.9
2018-05,Potassium chloride **,($/mt),215.5
2018-05,Aluminum,($/mt),2300
2018-05,"Iron ore, cfr spot",($/dmtu),66.099999999999994
2018-05,Copper,($/mt),6825
2018-05,Lead,($/mt),2361
2018-05,Tin,($/mt),20859
2018-05,Nickel,($/mt),14366
2018-05,Zinc,($/mt),3060
2018-05,Gold,($/troy oz),1303
2018-05,Platinum,($/troy oz),905
2018-05,Silver,($/troy oz),16.5
2018-06,"Crude oil, average",($/bbl),72
2018-06,"Crude oil, Brent",($/bbl),75.2
2018-06,"Crude oil, Dubai",($/bbl),73.2
2018-06,"Crude oil, WTI",($/bbl),67.5
2018-06,"Coal, Australian",($/mt),114.3
2018-06,"Coal, South African **",($/mt),103.9
2018-06,"Natural gas, US",($/mmbtu),2.95
2018-06,"Natural gas, Europe",($/mmbtu),7.45
2018-06,"Liquefied natural gas, Japan",($/mmbtu),10.44
2018-06,Natural gas index,(2010=100),78.3
2018-06,Cocoa,($/kg),2.41
2018-06,"Coffee, Arabica",($/kg),2.95
2018-06,"Coffee, Robusta",($/kg),1.9
2018-06,"Tea, avg 3 auctions",($/kg),2.87
2018-06,"Tea, Colombo",($/kg),3.39
2018-06,"Tea, Kolkata",($/kg),2.69
2018-06,"Tea, Mombasa",($/kg),2.52
2018-06,Coconut oil,($/mt),931
2018-06,Groundnuts,($/mt),1503
2018-06,Fish meal,($/mt),1494
2018-06,Groundnut oil **,($/mt),1462
2018-06,Palm oil,($/mt),657
2018-06,Palm kernel oil,($/mt),866
2018-06,Soybeans,($/mt),394
2018-06,Soybean oil,($/mt),789
2018-06,Soybean meal,($/mt),421
2018-06,Rapeseed oil,($/mt),838
2018-06,Sunflower oil,($/mt),775
2018-06,Barley,($/mt),130.9
2018-06,Maize,($/mt),165.1
2018-06,Sorghum,($/mt),161.9
2018-06,"Rice, Thai 5%",($/mt),427
2018-06,"Rice, Thai 25%",($/mt),415
2018-06,"Rice, Thai A.1",($/mt),408.6
2018-06,"Rice, Viet Namese 5%",($/mt),443.1
2018-06,"Wheat, US SRW",($/mt),206
2018-06,"Wheat, US HRW",($/mt),219.4
2018-06,"Banana, Europe",($/kg),0.92
2018-06,"Banana, US",($/kg),1.1599999999999999
2018-06,Orange,($/kg),0.84
2018-06,Beef **,($/kg),4.24
2018-06,Chicken **,($/kg),2.72
2018-06,Lamb **,($/kg),7.83
2018-06,"Shrimps, Mexican",($/kg),12.54
2018-06,"Sugar, EU",($/kg),0.38
2018-06,"Sugar, US",($/kg),0.56999999999999995
2018-06,"Sugar, world",($/kg),0.28000000000000003
2018-06,"Tobacco, US import u.v.",($/mt),4933
2018-06,"Logs, Cameroon",($/cubic meter),408.8
2018-06,"Logs, Malaysian",($/cubic meter),270.60000000000002
2018-06,"Sawnwood, Cameroon",($/cubic meter),636.79999999999995
2018-06,"Sawnwood, Malaysian",($/cubic meter),724.3
2018-06,Plywood,(cents/sheet),496.3
2018-06,"Cotton, A Index",($/kg),2.15
2018-06,"Rubber, TSR20 **",($/kg),1.38
2018-06,"Rubber, RSS3",($/kg),1.56
2018-06,Phosphate rock,($/mt),86.8
2018-06,DAP,($/mt),391.6
2018-06,TSP,($/mt),335.2
2018-06,Urea,($/mt),224
2018-06,Potassium chloride **,($/mt),215.5
2018-06,Aluminum,($/mt),2238
2018-06,"Iron ore, cfr spot",($/dmtu),65
2018-06,Copper,($/mt),6966
2018-06,Lead,($/mt),2436
2018-06,Tin,($/mt),20661
2018-06,Nickel,($/mt),15106
2018-06,Zinc,($/mt),3089
2018-06,Gold,($/troy oz),1282
2018-06,Platinum,($/troy oz),885
2018-06,Silver,($/troy oz),16.5
2018-07,"Crude oil, average",($/bbl),72.7
2018-07,"Crude oil, Brent",($/bbl),74.400000000000006
2018-07,"Crude oil, Dubai",($/bbl),72.7
2018-07,"Crude oil, WTI",($/bbl),70.8
2018-07,"Coal, Australian",($/mt),119.6
2018-07,"Coal, South African **",($/mt),106
2018-07,"Natural gas, US",($/mmbtu),2.83
2018-07,"Natural gas, Europe",($/mmbtu),7.6
2018-07,"Liquefied natural gas, Japan",($/mmbtu),10.44
2018-07,Natural gas index,(2010=100),77.5
2018-07,Cocoa,($/kg),2.36
2018-07,"Coffee, Arabica",($/kg),2.88
2018-07,"Coffee, Robusta",($/kg),1.86
2018-07,"Tea, avg 3 auctions",($/kg),2.89
2018-07,"Tea, Colombo",($/kg),3.41
2018-07,"Tea, Kolkata",($/kg),2.76
2018-07,"Tea, Mombasa",($/kg),2.4900000000000002
2018-07,Coconut oil,($/mt),916
2018-07,Groundnuts,($/mt),1451
2018-07,Fish meal,($/mt),1496
2018-07,Groundnut oil **,($/mt),1477
2018-07,Palm oil,($/mt),616
2018-07,Palm kernel oil,($/mt),877
2018-07,Soybeans,($/mt),377
2018-07,Soybean oil,($/mt),780
2018-07,Soybean meal,($/mt),407
2018-07,Rapeseed oil,($/mt),849
2018-07,Sunflower oil,($/mt),780
2018-07,Barley,($/mt),130.9
2018-07,Maize,($/mt),156.5
2018-07,Sorghum,($/mt),147.5
2018-07,"Rice, Thai 5%",($/mt),398
2018-07,"Rice, Thai 25%",($/mt),390
2018-07,"Rice, Thai A.1",($/mt),382.7
2018-07,"Rice, Viet Namese 5%",($/mt),440.7
2018-07,"Wheat, US SRW",($/mt),206.9
2018-07,"Wheat, US HRW",($/mt),218.3
2018-07,"Banana, Europe",($/kg),0.88
2018-07,"Banana, US",($/kg),1.1399999999999999
2018-07,Orange,($/kg),0.89
2018-07,Beef **,($/kg),4.1900000000000004
2018-07,Chicken **,($/kg),2.5299999999999998
2018-07,Lamb **,($/kg),7.83
2018-07,"Shrimps, Mexican",($/kg),12.24
2018-07,"Sugar, EU",($/kg),0.38
2018-07,"Sugar, US",($/kg),0.56000000000000005
2018-07,"Sugar, world",($/kg),0.26
2018-07,"Tobacco, US import u.v.",($/mt),4928
2018-07,"Logs, Cameroon",($/cubic meter),408.8
2018-07,"Logs, Malaysian",($/cubic meter),267
2018-07,"Sawnwood, Cameroon",($/cubic meter),631
2018-07,"Sawnwood, Malaysian",($/cubic meter),717.8
2018-07,Plywood,(cents/sheet),489.8
2018-07,"Cotton, A Index",($/kg),2.12
2018-07,"Rubber, TSR20 **",($/kg),1.31
2018-07,"Rubber, RSS3",($/kg),1.47
2018-07,Phosphate rock,($/mt),86.9
2018-07,DAP,($/mt),400.8
2018-07,TSP,($/mt),344.3
2018-07,Urea,($/mt),252.5
2018-07,Potassium chloride **,($/mt),215.5
2018-07,Aluminum,($/mt),2082
2018-07,"Iron ore, cfr spot",($/dmtu),64.599999999999994
2018-07,Copper,($/mt),6251
2018-07,Lead,($/mt),2207
2018-07,Tin,($/mt),19730
2018-07,Nickel,($/mt),13794
2018-07,Zinc,($/mt),2656
2018-07,Gold,($/troy oz),1238
2018-07,Platinum,($/troy oz),832
2018-07,Silver,($/troy oz),15.7
2018-08,"Crude oil, average",($/bbl),71.099999999999994
2018-08,"Crude oil, Brent",($/bbl),73.099999999999994
2018-08,"Crude oil, Dubai",($/bbl),72.099999999999994
2018-08,"Crude oil, WTI",($/bbl),68
2018-08,"Coal, Australian",($/mt),117.3
2018-08,"Coal, South African **",($/mt),98.5
2018-08,"Natural gas, US",($/mmbtu),2.96
2018-08,"Natural gas, Europe",($/mmbtu),8.08
2018-08,"Liquefied natural gas, Japan",($/mmbtu),10.88
2018-08,Natural gas index,(2010=100),81.7
2018-08,Cocoa,($/kg),2.17
2018-08,"Coffee, Arabica",($/kg),2.76
2018-08,"Coffee, Robusta",($/kg),1.78
2018-08,"Tea, avg 3 auctions",($/kg),2.77
2018-08,"Tea, Colombo",($/kg),3.34
2018-08,"Tea, Kolkata",($/kg),2.59
2018-08,"Tea, Mombasa",($/kg),2.4
2018-08,Coconut oil,($/mt),915
2018-08,Groundnuts,($/mt),1405
2018-08,Fish meal,($/mt),1475
2018-08,Groundnut oil **,($/mt),1477
2018-08,Palm oil,($/mt),615
2018-08,Palm kernel oil,($/mt),900
2018-08,Soybeans,($/mt),377
2018-08,Soybean oil,($/mt),762
2018-08,Soybean meal,($/mt),388
2018-08,Rapeseed oil,($/mt),854
2018-08,Sunflower oil,($/mt),763
2018-08,Barley,($/mt),127.7
2018-08,Maize,($/mt),162.4
2018-08,Sorghum,($/mt),165.6
2018-08,"Rice, Thai 5%",($/mt),405
2018-08,"Rice, Thai 25%",($/mt),393
2018-08,"Rice, Thai A.1",($/mt),393.5
2018-08,"Rice, Viet Namese 5%",($/mt),401.6
2018-08,"Wheat, US SRW",($/mt),217.4
2018-08,"Wheat, US HRW",($/mt),236.6
2018-08,"Banana, Europe",($/kg),0.84
2018-08,"Banana, US",($/kg),1.1100000000000001
2018-08,Orange,($/kg),0.84
2018-08,Beef **,($/kg),4.1100000000000003
2018-08,Chicken **,($/kg),2.2200000000000002
2018-08,Lamb **,($/kg),7.83
2018-08,"Shrimps, Mexican",($/kg),12.02
2018-08,"Sugar, EU",($/kg),0.38
2018-08,"Sugar, US",($/kg),0.56000000000000005
2018-08,"Sugar, world",($/kg),0.24
2018-08,"Tobacco, US import u.v.",($/mt),4984
2018-08,"Logs, Cameroon",($/cubic meter),404.1
2018-08,"Logs, Malaysian",($/cubic meter),268.10000000000002
2018-08,"Sawnwood, Cameroon",($/cubic meter),617
2018-08,"Sawnwood, Malaysian",($/cubic meter),701.8
2018-08,Plywood,(cents/sheet),491.8
2018-08,"Cotton, A Index",($/kg),2.08
2018-08,"Rubber, TSR20 **",($/kg),1.34
2018-08,"Rubber, RSS3",($/kg),1.47
2018-08,Phosphate rock,($/mt),87.5
2018-08,DAP,($/mt),409
2018-08,TSP,($/mt),357.6
2018-08,Urea,($/mt),260
2018-08,Potassium chloride **,($/mt),215.5
2018-08,Aluminum,($/mt),2052
2018-08,"Iron ore, cfr spot",($/dmtu),67.2
2018-08,Copper,($/mt),6051
2018-08,Lead,($/mt),2054
2018-08,Tin,($/mt),19229
2018-08,Nickel,($/mt),13411
2018-08,Zinc,($/mt),2512
2018-08,Gold,($/troy oz),1202
2018-08,Platinum,($/troy oz),805
2018-08,Silver,($/troy oz),15
2018-09,"Crude oil, average",($/bbl),75.400000000000006
2018-09,"Crude oil, Brent",($/bbl),78.900000000000006
2018-09,"Crude oil, Dubai",($/bbl),77
2018-09,"Crude oil, WTI",($/bbl),70.2
2018-09,"Coal, Australian",($/mt),114.2
2018-09,"Coal, South African **",($/mt),102.1
2018-09,"Natural gas, US",($/mmbtu),2.98
2018-09,"Natural gas, Europe",($/mmbtu),9.52
2018-09,"Liquefied natural gas, Japan",($/mmbtu),11.3
2018-09,Natural gas index,(2010=100),89.2
2018-09,Cocoa,($/kg),2.19
2018-09,"Coffee, Arabica",($/kg),2.67
2018-09,"Coffee, Robusta",($/kg),1.69
2018-09,"Tea, avg 3 auctions",($/kg),2.67
2018-09,"Tea, Colombo",($/kg),3.25
2018-09,"Tea, Kolkata",($/kg),2.35
2018-09,"Tea, Mombasa",($/kg),2.41
2018-09,Coconut oil,($/mt),897
2018-09,Groundnuts,($/mt),1380
2018-09,Fish meal,($/mt),1493
2018-09,Groundnut oil **,($/mt),1442
2018-09,Palm oil,($/mt),605
2018-09,Palm kernel oil,($/mt),866
2018-09,Soybeans,($/mt),357
2018-09,Soybean oil,($/mt),754
2018-09,Soybean meal,($/mt),377
2018-09,Rapeseed oil,($/mt),821
2018-09,Sunflower oil,($/mt),734
2018-09,Barley,($/mt),119.4
2018-09,Maize,($/mt),154.80000000000001
2018-09,Sorghum,($/mt),163.6
2018-09,"Rice, Thai 5%",($/mt),405
2018-09,"Rice, Thai 25%",($/mt),393
2018-09,"Rice, Thai A.1",($/mt),395.4
2018-09,"Rice, Viet Namese 5%",($/mt),384.7
2018-09,"Wheat, US SRW",($/mt),202
2018-09,"Wheat, US HRW",($/mt),212.4
2018-09,"Banana, Europe",($/kg),0.89
2018-09,"Banana, US",($/kg),1.1100000000000001
2018-09,Orange,($/kg),0.8
2018-09,Beef **,($/kg),4.01
2018-09,Chicken **,($/kg),2.0299999999999998
2018-09,Lamb **,($/kg),7.83
2018-09,"Shrimps, Mexican",($/kg),11.53
2018-09,"Sugar, EU",($/kg),0.38
2018-09,"Sugar, US",($/kg),0.56000000000000005
2018-09,"Sugar, world",($/kg),0.25
2018-09,"Tobacco, US import u.v.",($/mt),4974
2018-09,"Logs, Cameroon",($/cubic meter),408.1
2018-09,"Logs, Malaysian",($/cubic meter),265.89999999999998
2018-09,"Sawnwood, Cameroon",($/cubic meter),625.5
2018-09,"Sawnwood, Malaysian",($/cubic meter),711.4
2018-09,Plywood,(cents/sheet),487.6
2018-09,"Cotton, A Index",($/kg),1.99
2018-09,"Rubber, TSR20 **",($/kg),1.33
2018-09,"Rubber, RSS3",($/kg),1.44
2018-09,Phosphate rock,($/mt),87.5
2018-09,DAP,($/mt),421.6
2018-09,TSP,($/mt),376.3
2018-09,Urea,($/mt),267.5
2018-09,Potassium chloride **,($/mt),215.5
2018-09,Aluminum,($/mt),2026
2018-09,"Iron ore, cfr spot",($/dmtu),68.400000000000006
2018-09,Copper,($/mt),6051
2018-09,Lead,($/mt),2023
2018-09,Tin,($/mt),18967
2018-09,Nickel,($/mt),12510
2018-09,Zinc,($/mt),2435
2018-09,Gold,($/troy oz),1198
2018-09,Platinum,($/troy oz),805
2018-09,Silver,($/troy oz),14.3
2018-10,"Crude oil, average",($/bbl),76.7
2018-10,"Crude oil, Brent",($/bbl),80.5
2018-10,"Crude oil, Dubai",($/bbl),79
2018-10,"Crude oil, WTI",($/bbl),70.8
2018-10,"Coal, Australian",($/mt),108.7
2018-10,"Coal, South African **",($/mt),100.3
2018-10,"Natural gas, US",($/mmbtu),3.28
2018-10,"Natural gas, Europe",($/mmbtu),8.7899999999999991
2018-10,"Liquefied natural gas, Japan",($/mmbtu),11.66
2018-10,Natural gas index,(2010=100),89.6
2018-10,Cocoa,($/kg),2.13
2018-10,"Coffee, Arabica",($/kg),3.03
2018-10,"Coffee, Robusta",($/kg),1.88
2018-10,"Tea, avg 3 auctions",($/kg),2.74
2018-10,"Tea, Colombo",($/kg),3.48
2018-10,"Tea, Kolkata",($/kg),2.31
2018-10,"Tea, Mombasa",($/kg),2.42
2018-10,Coconut oil,($/mt),830
2018-10,Groundnuts,($/mt),1265
2018-10,Fish meal,($/mt),1485
2018-10,Groundnut oil **,($/mt),1432
2018-10,Palm oil,($/mt),590
2018-10,Palm kernel oil,($/mt),794
2018-10,Soybeans,($/mt),368
2018-10,Soybean oil,($/mt),752
2018-10,Soybean meal,($/mt),379
2018-10,Rapeseed oil,($/mt),850
2018-10,Sunflower oil,($/mt),718
2018-10,Barley,($/mt),119.4
2018-10,Maize,($/mt),160.30000000000001
2018-10,Sorghum,($/mt),159
2018-10,"Rice, Thai 5%",($/mt),409
2018-10,"Rice, Thai 25%",($/mt),397
2018-10,"Rice, Thai A.1",($/mt),390.4
2018-10,"Rice, Viet Namese 5%",($/mt),389.8
2018-10,"Wheat, US SRW",($/mt),209.1
2018-10,"Wheat, US HRW",($/mt),213.5
2018-10,"Banana, Europe",($/kg),0.91
2018-10,"Banana, US",($/kg),1.1200000000000001
2018-10,Orange,($/kg),0.75
2018-10,Beef **,($/kg),3.86
2018-10,Chicken **,($/kg),2.0299999999999998
2018-10,Lamb **,($/kg),7.83
2018-10,"Shrimps, Mexican",($/kg),11.46
2018-10,"Sugar, EU",($/kg),0.38
2018-10,"Sugar, US",($/kg),0.56000000000000005
2018-10,"Sugar, world",($/kg),0.28999999999999998
2018-10,"Tobacco, US import u.v.",($/mt),4940
2018-10,"Logs, Cameroon",($/cubic meter),402
2018-10,"Logs, Malaysian",($/cubic meter),263.8
2018-10,"Sawnwood, Cameroon",($/cubic meter),623.5
2018-10,"Sawnwood, Malaysian",($/cubic meter),709.2
2018-10,Plywood,(cents/sheet),484
2018-10,"Cotton, A Index",($/kg),1.91
2018-10,"Rubber, TSR20 **",($/kg),1.32
2018-10,"Rubber, RSS3",($/kg),1.43
2018-10,Phosphate rock,($/mt),91.3
2018-10,DAP,($/mt),420.8
2018-10,TSP,($/mt),385
2018-10,Urea,($/mt),270
2018-10,Potassium chloride **,($/mt),215.5
2018-10,Aluminum,($/mt),2030
2018-10,"Iron ore, cfr spot",($/dmtu),73.400000000000006
2018-10,Copper,($/mt),6220
2018-10,Lead,($/mt),1988
2018-10,Tin,($/mt),19121
2018-10,Nickel,($/mt),12315
2018-10,Zinc,($/mt),2674
2018-10,Gold,($/troy oz),1215
2018-10,Platinum,($/troy oz),830
2018-10,Silver,($/troy oz),14.6
2018-11,"Crude oil, average",($/bbl),62.3
2018-11,"Crude oil, Brent",($/bbl),65.2
2018-11,"Crude oil, Dubai",($/bbl),65.099999999999994
2018-11,"Crude oil, WTI",($/bbl),56.7
2018-11,"Coal, Australian",($/mt),100.7
2018-11,"Coal, South African **",($/mt),91.6
2018-11,"Natural gas, US",($/mmbtu),4.13
2018-11,"Natural gas, Europe",($/mmbtu),8.27
2018-11,"Liquefied natural gas, Japan",($/mmbtu),11.7
2018-11,Natural gas index,(2010=100),97.4
2018-11,Cocoa,($/kg),2.19
2018-11,"Coffee, Arabica",($/kg),3.02
2018-11,"Coffee, Robusta",($/kg),1.84
2018-11,"Tea, avg 3 auctions",($/kg),2.7
2018-11,"Tea, Colombo",($/kg),3.36
2018-11,"Tea, Kolkata",($/kg),2.39
2018-11,"Tea, Mombasa",($/kg),2.36
2018-11,Coconut oil,($/mt),759
2018-11,Groundnuts,($/mt),1224
2018-11,Fish meal,($/mt),1479
2018-11,Groundnut oil **,($/mt),1438
2018-11,Palm oil,($/mt),539
2018-11,Palm kernel oil,($/mt),708
2018-11,Soybeans,($/mt),374
2018-11,Soybean oil,($/mt),729
2018-11,Soybean meal,($/mt),366
2018-11,Rapeseed oil,($/mt),840
2018-11,Sunflower oil,($/mt),706
2018-11,Barley,($/mt),119.4
2018-11,Maize,($/mt),160.69999999999999
2018-11,Sorghum,($/mt),157.5
2018-11,"Rice, Thai 5%",($/mt),401
2018-11,"Rice, Thai 25%",($/mt),391
2018-11,"Rice, Thai A.1",($/mt),378.8
2018-11,"Rice, Viet Namese 5%",($/mt),395.7
2018-11,"Wheat, US SRW",($/mt),210.8
2018-11,"Wheat, US HRW",($/mt),203.6
2018-11,"Banana, Europe",($/kg),0.86
2018-11,"Banana, US",($/kg),1.1200000000000001
2018-11,Orange,($/kg),0.73
2018-11,Beef **,($/kg),3.95
2018-11,Chicken **,($/kg),2.0299999999999998
2018-11,Lamb **,($/kg),7.46
2018-11,"Shrimps, Mexican",($/kg),11.66
2018-11,"Sugar, EU",($/kg),0.37
2018-11,"Sugar, US",($/kg),0.55000000000000004
2018-11,"Sugar, world",($/kg),0.28000000000000003
2018-11,"Tobacco, US import u.v.",($/mt),4941
2018-11,"Logs, Cameroon",($/cubic meter),397.7
2018-11,"Logs, Malaysian",($/cubic meter),262.7
2018-11,"Sawnwood, Cameroon",($/cubic meter),617.9
2018-11,"Sawnwood, Malaysian",($/cubic meter),702.8
2018-11,Plywood,(cents/sheet),481.9
2018-11,"Cotton, A Index",($/kg),1.91
2018-11,"Rubber, TSR20 **",($/kg),1.23
2018-11,"Rubber, RSS3",($/kg),1.35
2018-11,Phosphate rock,($/mt),92.5
2018-11,DAP,($/mt),410.2
2018-11,TSP,($/mt),379.2
2018-11,Urea,($/mt),305.60000000000002
2018-11,Potassium chloride **,($/mt),215.5
2018-11,Aluminum,($/mt),1939
2018-11,"Iron ore, cfr spot",($/dmtu),73.3
2018-11,Copper,($/mt),6196
2018-11,Lead,($/mt),1937
2018-11,Tin,($/mt),19065
2018-11,Nickel,($/mt),11240
2018-11,Zinc,($/mt),2596
2018-11,Gold,($/troy oz),1221
2018-11,Platinum,($/troy oz),846
2018-11,Silver,($/troy oz),14.4
2018-12,"Crude oil, average",($/bbl),54
2018-12,"Crude oil, Brent",($/bbl),56.5
2018-12,"Crude oil, Dubai",($/bbl),56.5
2018-12,"Crude oil, WTI",($/bbl),49
2018-12,"Coal, Australian",($/mt),101.4
2018-12,"Coal, South African **",($/mt),95.4
2018-12,"Natural gas, US",($/mmbtu),3.98
2018-12,"Natural gas, Europe",($/mmbtu),7.98
2018-12,"Liquefied natural gas, Japan",($/mmbtu),12
2018-12,Natural gas index,(2010=100),94.4
2018-12,Cocoa,($/kg),2.21
2018-12,"Coffee, Arabica",($/kg),2.8
2018-12,"Coffee, Robusta",($/kg),1.71
2018-12,"Tea, avg 3 auctions",($/kg),2.62
2018-12,"Tea, Colombo",($/kg),3.18
2018-12,"Tea, Kolkata",($/kg),2.39
2018-12,"Tea, Mombasa",($/kg),2.2999999999999998
2018-12,Coconut oil,($/mt),796
2018-12,Groundnuts,($/mt),1213
2018-12,Fish meal,($/mt),1480
2018-12,Groundnut oil **,($/mt),1435
2018-12,Palm oil,($/mt),535
2018-12,Palm kernel oil,($/mt),738
2018-12,Soybeans,($/mt),381
2018-12,Soybean oil,($/mt),728
2018-12,Soybean meal,($/mt),361
2018-12,Rapeseed oil,($/mt),827
2018-12,Sunflower oil,($/mt),703
2018-12,Barley,($/mt),119.4
2018-12,Maize,($/mt),167.4
2018-12,Sorghum,($/mt),163.80000000000001
2018-12,"Rice, Thai 5%",($/mt),404
2018-12,"Rice, Thai 25%",($/mt),395
2018-12,"Rice, Thai A.1",($/mt),379.3
2018-12,"Rice, Viet Namese 5%",($/mt),399.5
2018-12,"Wheat, US SRW",($/mt),217.8
2018-12,"Wheat, US HRW",($/mt),211.3
2018-12,"Banana, Europe",($/kg),0.84
2018-12,"Banana, US",($/kg),1.1299999999999999
2018-12,Orange,($/kg),0.72
2018-12,Beef **,($/kg),4.1900000000000004
2018-12,Chicken **,($/kg),2.09
2018-12,Lamb **,($/kg),7.44
2018-12,"Shrimps, Mexican",($/kg),11.79
2018-12,"Sugar, EU",($/kg),0.37
2018-12,"Sugar, US",($/kg),0.56000000000000005
2018-12,"Sugar, world",($/kg),0.28000000000000003
2018-12,"Tobacco, US import u.v.",($/mt),4924
2018-12,"Logs, Cameroon",($/cubic meter),398.5
2018-12,"Logs, Malaysian",($/cubic meter),265.39999999999998
2018-12,"Sawnwood, Cameroon",($/cubic meter),607.5
2018-12,"Sawnwood, Malaysian",($/cubic meter),691
2018-12,Plywood,(cents/sheet),486.9
2018-12,"Cotton, A Index",($/kg),1.9
2018-12,"Rubber, TSR20 **",($/kg),1.26
2018-12,"Rubber, RSS3",($/kg),1.44
2018-12,Phosphate rock,($/mt),99.2
2018-12,DAP,($/mt),389.7
2018-12,TSP,($/mt),368.3
2018-12,Urea,($/mt),276.7
2018-12,Potassium chloride **,($/mt),215.5
2018-12,Aluminum,($/mt),1920
2018-12,"Iron ore, cfr spot",($/dmtu),69.2
2018-12,Copper,($/mt),6075
2018-12,Lead,($/mt),1972
2018-12,Tin,($/mt),19260
2018-12,Nickel,($/mt),10835
2018-12,Zinc,($/mt),2616
2018-12,Gold,($/troy oz),1250
2018-12,Platinum,($/troy oz),791
2018-12,Silver,($/troy oz),14.8
2019-01,"Crude oil, average",($/bbl),56.6
2019-01,"Crude oil, Brent",($/bbl),59.3
2019-01,"Crude oil, Dubai",($/bbl),59
2019-01,"Crude oil, WTI",($/bbl),51.5
2019-01,"Coal, Australian",($/mt),98.6
2019-01,"Coal, South African **",($/mt),91.3
2019-01,"Natural gas, US",($/mmbtu),3.08
2019-01,"Natural gas, Europe",($/mmbtu),7.26
2019-01,"Liquefied natural gas, Japan",($/mmbtu),12.01
2019-01,Natural gas index,(2010=100),80.099999999999994
2019-01,Cocoa,($/kg),2.2599999999999998
2019-01,"Coffee, Arabica",($/kg),2.83
2019-01,"Coffee, Robusta",($/kg),1.72
2019-01,"Tea, avg 3 auctions",($/kg),2.54
2019-01,"Tea, Colombo",($/kg),3.23
2019-01,"Tea, Kolkata",($/kg),2.12
2019-01,"Tea, Mombasa",($/kg),2.2599999999999998
2019-01,Coconut oil,($/mt),773
2019-01,Groundnuts,($/mt),1235
2019-01,Fish meal,($/mt),1486
2019-01,Groundnut oil **,($/mt),1380
2019-01,Palm oil,($/mt),585
2019-01,Palm kernel oil,($/mt),765
2019-01,Soybeans,($/mt),382
2019-01,Soybean oil,($/mt),748
2019-01,Soybean meal,($/mt),362
2019-01,Rapeseed oil,($/mt),860
2019-01,Sunflower oil,($/mt),688
2019-01,Barley,($/mt),119.4
2019-01,Maize,($/mt),166.7
2019-01,Sorghum,($/mt),162.9
2019-01,"Rice, Thai 5%",($/mt),410
2019-01,"Rice, Thai 25%",($/mt),402
2019-01,"Rice, Thai A.1",($/mt),387.4
2019-01,"Rice, Viet Namese 5%",($/mt),396.3
2019-01,"Wheat, US SRW",($/mt),220.2
2019-01,"Wheat, US HRW",($/mt),209.8
2019-01,"Banana, Europe",($/kg),0.85
2019-01,"Banana, US",($/kg),1.1399999999999999
2019-01,Orange,($/kg),0.64
2019-01,Beef **,($/kg),4.24
2019-01,Chicken **,($/kg),2.15
2019-01,Lamb **,($/kg),7.99
2019-01,"Shrimps, Mexican",($/kg),11.79
2019-01,"Sugar, EU",($/kg),0.37
2019-01,"Sugar, US",($/kg),0.56000000000000005
2019-01,"Sugar, world",($/kg),0.28000000000000003
2019-01,"Tobacco, US import u.v.",($/mt),4806
2019-01,"Logs, Cameroon",($/cubic meter),399.7
2019-01,"Logs, Malaysian",($/cubic meter),273.2
2019-01,"Sawnwood, Cameroon",($/cubic meter),617.20000000000005
2019-01,"Sawnwood, Malaysian",($/cubic meter),702.1
2019-01,Plywood,(cents/sheet),501.2
2019-01,"Cotton, A Index",($/kg),1.82
2019-01,"Rubber, TSR20 **",($/kg),1.36
2019-01,"Rubber, RSS3",($/kg),1.59
2019-01,Phosphate rock,($/mt),102.5
2019-01,DAP,($/mt),382.1
2019-01,TSP,($/mt),355
2019-01,Urea,($/mt),260
2019-01,Potassium chloride **,($/mt),215.5
2019-01,Aluminum,($/mt),1854
2019-01,"Iron ore, cfr spot",($/dmtu),76.2
2019-01,Copper,($/mt),5939
2019-01,Lead,($/mt),1997
2019-01,Tin,($/mt),20458
2019-01,Nickel,($/mt),11523
2019-01,Zinc,($/mt),2570
2019-01,Gold,($/troy oz),1292
2019-01,Platinum,($/troy oz),807
2019-01,Silver,($/troy oz),15.6
2019-02,"Crude oil, average",($/bbl),61.1
2019-02,"Crude oil, Brent",($/bbl),64.099999999999994
2019-02,"Crude oil, Dubai",($/bbl),64.3
2019-02,"Crude oil, WTI",($/bbl),55
2019-02,"Coal, Australian",($/mt),95.4
2019-02,"Coal, South African **",($/mt),84.2
2019-02,"Natural gas, US",($/mmbtu),2.72
2019-02,"Natural gas, Europe",($/mmbtu),6.01
2019-02,"Liquefied natural gas, Japan",($/mmbtu),11.81
2019-02,Natural gas index,(2010=100),69.5
2019-02,Cocoa,($/kg),2.2599999999999998
2019-02,"Coffee, Arabica",($/kg),2.83
2019-02,"Coffee, Robusta",($/kg),1.73
2019-02,"Tea, avg 3 auctions",($/kg),2.38
2019-02,"Tea, Colombo",($/kg),3.27
2019-02,"Tea, Kolkata",($/kg),1.72
2019-02,"Tea, Mombasa",($/kg),2.16
2019-02,Coconut oil,($/mt),710
2019-02,Groundnuts,($/mt),1368
2019-02,Fish meal,($/mt),1472
2019-02,Groundnut oil **,($/mt),1370
2019-02,Palm oil,($/mt),603
2019-02,Palm kernel oil,($/mt),695
2019-02,Soybeans,($/mt),380
2019-02,Soybean oil,($/mt),773
2019-02,Soybean meal,($/mt),353
2019-02,Rapeseed oil,($/mt),830
2019-02,Sunflower oil,($/mt),700
2019-02,Barley,($/mt),119.4
2019-02,Maize,($/mt),169.5
2019-02,Sorghum,($/mt),170.4
2019-02,"Rice, Thai 5%",($/mt),408
2019-02,"Rice, Thai 25%",($/mt),401
2019-02,"Rice, Thai A.1",($/mt),386.3
2019-02,"Rice, Viet Namese 5%",($/mt),368
2019-02,"Wheat, US SRW",($/mt),217.2
2019-02,"Wheat, US HRW",($/mt),219
2019-02,"Banana, Europe",($/kg),0.87
2019-02,"Banana, US",($/kg),1.1599999999999999
2019-02,Orange,($/kg),0.63
2019-02,Beef **,($/kg),4.28
2019-02,Chicken **,($/kg),2.09
2019-02,Lamb **,($/kg),8.02
2019-02,"Shrimps, Mexican",($/kg),11.79
2019-02,"Sugar, EU",($/kg),0.37
2019-02,"Sugar, US",($/kg),0.56999999999999995
2019-02,"Sugar, world",($/kg),0.28999999999999998
2019-02,"Tobacco, US import u.v.",($/mt),4783
2019-02,"Logs, Cameroon",($/cubic meter),397.3
2019-02,"Logs, Malaysian",($/cubic meter),269.7
2019-02,"Sawnwood, Cameroon",($/cubic meter),623.1
2019-02,"Sawnwood, Malaysian",($/cubic meter),708.8
2019-02,Plywood,(cents/sheet),494.7
2019-02,"Cotton, A Index",($/kg),1.79
2019-02,"Rubber, TSR20 **",($/kg),1.4
2019-02,"Rubber, RSS3",($/kg),1.65
2019-02,Phosphate rock,($/mt),102.5
2019-02,DAP,($/mt),357.4
2019-02,TSP,($/mt),343.8
2019-02,Urea,($/mt),250.6
2019-02,Potassium chloride **,($/mt),215.5
2019-02,Aluminum,($/mt),1863
2019-02,"Iron ore, cfr spot",($/dmtu),88.2
2019-02,Copper,($/mt),6300
2019-02,Lead,($/mt),2063
2019-02,Tin,($/mt),21264
2019-02,Nickel,($/mt),12685
2019-02,Zinc,($/mt),2707
2019-02,Gold,($/troy oz),1320
2019-02,Platinum,($/troy oz),818
2019-02,Silver,($/troy oz),15.8
2019-03,"Crude oil, average",($/bbl),63.8
2019-03,"Crude oil, Brent",($/bbl),66.400000000000006
2019-03,"Crude oil, Dubai",($/bbl),66.8
2019-03,"Crude oil, WTI",($/bbl),58.2
2019-03,"Coal, Australian",($/mt),93.1
2019-03,"Coal, South African **",($/mt),78.8
2019-03,"Natural gas, US",($/mmbtu),2.94
2019-03,"Natural gas, Europe",($/mmbtu),5.18
2019-03,"Liquefied natural gas, Japan",($/mmbtu),11.29
2019-03,Natural gas index,(2010=100),67.900000000000006
2019-03,Cocoa,($/kg),2.2000000000000002
2019-03,"Coffee, Arabica",($/kg),2.73
2019-03,"Coffee, Robusta",($/kg),1.7
2019-03,"Tea, avg 3 auctions",($/kg),2.38
2019-03,"Tea, Colombo",($/kg),3.38
2019-03,"Tea, Kolkata",($/kg),1.63
2019-03,"Tea, Mombasa",($/kg),2.13
2019-03,Coconut oil,($/mt),679
2019-03,Groundnuts,($/mt),1383
2019-03,Fish meal,($/mt),1476
2019-03,Groundnut oil **,($/mt),1370
2019-03,Palm oil,($/mt),573
2019-03,Palm kernel oil,($/mt),655
2019-03,Soybeans,($/mt),370
2019-03,Soybean oil,($/mt),750
2019-03,Soybean meal,($/mt),345
2019-03,Rapeseed oil,($/mt),809
2019-03,Sunflower oil,($/mt),712
2019-03,Barley,($/mt),119.4
2019-03,Maize,($/mt),166.2
2019-03,Sorghum,($/mt),169.3
2019-03,"Rice, Thai 5%",($/mt),406
2019-03,"Rice, Thai 25%",($/mt),399
2019-03,"Rice, Thai A.1",($/mt),382.4
2019-03,"Rice, Viet Namese 5%",($/mt),342.6
2019-03,"Wheat, US SRW",($/mt),200.4
2019-03,"Wheat, US HRW",($/mt),205.8
2019-03,"Banana, Europe",($/kg),0.94
2019-03,"Banana, US",($/kg),1.18
2019-03,Orange,($/kg),0.65
2019-03,Beef **,($/kg),4.4800000000000004
2019-03,Chicken **,($/kg),2.0699999999999998
2019-03,Lamb **,($/kg),8.01
2019-03,"Shrimps, Mexican",($/kg),11.79
2019-03,"Sugar, EU",($/kg),0.37
2019-03,"Sugar, US",($/kg),0.57999999999999996
2019-03,"Sugar, world",($/kg),0.28000000000000003
2019-03,"Tobacco, US import u.v.",($/mt),4733
2019-03,"Logs, Cameroon",($/cubic meter),395.7
2019-03,"Logs, Malaysian",($/cubic meter),267.7
2019-03,"Sawnwood, Cameroon",($/cubic meter),631.4
2019-03,"Sawnwood, Malaysian",($/cubic meter),718.1
2019-03,Plywood,(cents/sheet),491.1
2019-03,"Cotton, A Index",($/kg),1.85
2019-03,"Rubber, TSR20 **",($/kg),1.47
2019-03,"Rubber, RSS3",($/kg),1.72
2019-03,Phosphate rock,($/mt),98.5
2019-03,DAP,($/mt),335
2019-03,TSP,($/mt),321
2019-03,Urea,($/mt),247.5
2019-03,Potassium chloride **,($/mt),245.5
2019-03,Aluminum,($/mt),1871
2019-03,"Iron ore, cfr spot",($/dmtu),86.5
2019-03,Copper,($/mt),6439
2019-03,Lead,($/mt),2046
2019-03,Tin,($/mt),21393
2019-03,Nickel,($/mt),13026
2019-03,Zinc,($/mt),2851
2019-03,Gold,($/troy oz),1301
2019-03,Platinum,($/troy oz),843
2019-03,Silver,($/troy oz),15.3
2019-04,"Crude oil, average",($/bbl),68.599999999999994
2019-04,"Crude oil, Brent",($/bbl),71.2
2019-04,"Crude oil, Dubai",($/bbl),70.7
2019-04,"Crude oil, WTI",($/bbl),63.9
2019-04,"Coal, Australian",($/mt),86.8
2019-04,"Coal, South African **",($/mt),72.5
2019-04,"Natural gas, US",($/mmbtu),2.65
2019-04,"Natural gas, Europe",($/mmbtu),4.92
2019-04,"Liquefied natural gas, Japan",($/mmbtu),10.27
2019-04,Natural gas index,(2010=100),62.5
2019-04,Cocoa,($/kg),2.33
2019-04,"Coffee, Arabica",($/kg),2.67
2019-04,"Coffee, Robusta",($/kg),1.62
2019-04,"Tea, avg 3 auctions",($/kg),2.65
2019-04,"Tea, Colombo",($/kg),3.34
2019-04,"Tea, Kolkata",($/kg),2.35
2019-04,"Tea, Mombasa",($/kg),2.2599999999999998
2019-04,Coconut oil,($/mt),669
2019-04,Groundnuts,($/mt),1319
2019-04,Fish meal,($/mt),1505
2019-04,Groundnut oil **,($/mt),1378
2019-04,Palm oil,($/mt),588
2019-04,Palm kernel oil,($/mt),636
2019-04,Soybeans,($/mt),360
2019-04,Soybean oil,($/mt),734
2019-04,Soybean meal,($/mt),342
2019-04,Rapeseed oil,($/mt),806
2019-04,Sunflower oil,($/mt),713
2019-04,Barley,($/mt),136.4
2019-04,Maize,($/mt),161.5
2019-04,Sorghum,($/mt),165.5
2019-04,"Rice, Thai 5%",($/mt),413
2019-04,"Rice, Thai 25%",($/mt),404
2019-04,"Rice, Thai A.1",($/mt),391.3
2019-04,"Rice, Viet Namese 5%",($/mt),341.1
2019-04,"Wheat, US SRW",($/mt),197.3
2019-04,"Wheat, US HRW",($/mt),199.5
2019-04,"Banana, Europe",($/kg),0.93
2019-04,"Banana, US",($/kg),1.1599999999999999
2019-04,Orange,($/kg),0.56999999999999995
2019-04,Beef **,($/kg),4.7
2019-04,Chicken **,($/kg),2.09
2019-04,Lamb **,($/kg),8.0500000000000007
2019-04,"Shrimps, Mexican",($/kg),11.79
2019-04,"Sugar, EU",($/kg),0.37
2019-04,"Sugar, US",($/kg),0.59
2019-04,"Sugar, world",($/kg),0.28000000000000003
2019-04,"Tobacco, US import u.v.",($/mt),4673
2019-04,"Logs, Cameroon",($/cubic meter),393.4
2019-04,"Logs, Malaysian",($/cubic meter),266.7
2019-04,"Sawnwood, Cameroon",($/cubic meter),624.79999999999995
2019-04,"Sawnwood, Malaysian",($/cubic meter),710.6
2019-04,Plywood,(cents/sheet),489.1
2019-04,"Cotton, A Index",($/kg),1.92
2019-04,"Rubber, TSR20 **",($/kg),1.5
2019-04,"Rubber, RSS3",($/kg),1.72
2019-04,Phosphate rock,($/mt),97.5
2019-04,DAP,($/mt),323.8
2019-04,TSP,($/mt),310
2019-04,Urea,($/mt),247.5
2019-04,Potassium chloride **,($/mt),265.5
2019-04,Aluminum,($/mt),1845
2019-04,"Iron ore, cfr spot",($/dmtu),93.7
2019-04,Copper,($/mt),6438
2019-04,Lead,($/mt),1939
2019-04,Tin,($/mt),20604
2019-04,Nickel,($/mt),12773
2019-04,Zinc,($/mt),2933
2019-04,Gold,($/troy oz),1286
2019-04,Platinum,($/troy oz),887
2019-04,Silver,($/troy oz),15.1
2019-05,"Crude oil, average",($/bbl),66.8
2019-05,"Crude oil, Brent",($/bbl),70.5
2019-05,"Crude oil, Dubai",($/bbl),69.099999999999994
2019-05,"Crude oil, WTI",($/bbl),60.8
2019-05,"Coal, Australian",($/mt),82.3
2019-05,"Coal, South African **",($/mt),68.900000000000006
2019-05,"Natural gas, US",($/mmbtu),2.63
2019-05,"Natural gas, Europe",($/mmbtu),4.34
2019-05,"Liquefied natural gas, Japan",($/mmbtu),10.15
2019-05,Natural gas index,(2010=100),59.4
2019-05,Cocoa,($/kg),2.3199999999999998
2019-05,"Coffee, Arabica",($/kg),2.66
2019-05,"Coffee, Robusta",($/kg),1.57
2019-05,"Tea, avg 3 auctions",($/kg),2.73
2019-05,"Tea, Colombo",($/kg),3.09
2019-05,"Tea, Kolkata",($/kg),2.71
2019-05,"Tea, Mombasa",($/kg),2.39
2019-05,Coconut oil,($/mt),661
2019-05,Groundnuts,($/mt),1313
2019-05,Fish meal,($/mt),1512
2019-05,Groundnut oil **,($/mt),1393
2019-05,Palm oil,($/mt),564
2019-05,Palm kernel oil,($/mt),573
2019-05,Soybeans,($/mt),340
2019-05,Soybean oil,($/mt),743
2019-05,Soybean meal,($/mt),339
2019-05,Rapeseed oil,($/mt),816
2019-05,Sunflower oil,($/mt),722
2019-05,Barley,($/mt),149.30000000000001
2019-05,Maize,($/mt),171.1
2019-05,Sorghum,($/mt),165.5
2019-05,"Rice, Thai 5%",($/mt),409
2019-05,"Rice, Thai 25%",($/mt),401
2019-05,"Rice, Thai A.1",($/mt),386.8
2019-05,"Rice, Viet Namese 5%",($/mt),350.9
2019-05,"Wheat, US SRW",($/mt),200.3
2019-05,"Wheat, US HRW",($/mt),199.5
2019-05,"Banana, Europe",($/kg),0.92
2019-05,"Banana, US",($/kg),1.1200000000000001
2019-05,Orange,($/kg),0.52
2019-05,Beef **,($/kg),4.5999999999999996
2019-05,Chicken **,($/kg),2.09
2019-05,Lamb **,($/kg),8.0500000000000007
2019-05,"Shrimps, Mexican",($/kg),11.79
2019-05,"Sugar, EU",($/kg),0.37
2019-05,"Sugar, US",($/kg),0.57999999999999996
2019-05,"Sugar, world",($/kg),0.27
2019-05,"Tobacco, US import u.v.",($/mt),4651
2019-05,"Logs, Cameroon",($/cubic meter),391.5
2019-05,"Logs, Malaysian",($/cubic meter),270.60000000000002
2019-05,"Sawnwood, Cameroon",($/cubic meter),615.5
2019-05,"Sawnwood, Malaysian",($/cubic meter),700.1
2019-05,Plywood,(cents/sheet),496.3
2019-05,"Cotton, A Index",($/kg),1.77
2019-05,"Rubber, TSR20 **",($/kg),1.5
2019-05,"Rubber, RSS3",($/kg),1.77
2019-05,Phosphate rock,($/mt),97.5
2019-05,DAP,($/mt),313.39999999999998
2019-05,TSP,($/mt),305
2019-05,Urea,($/mt),247.5
2019-05,Potassium chloride **,($/mt),265.5
2019-05,Aluminum,($/mt),1781
2019-05,"Iron ore, cfr spot",($/dmtu),100.2
2019-05,Copper,($/mt),6018
2019-05,Lead,($/mt),1815
2019-05,Tin,($/mt),19524
2019-05,Nickel,($/mt),12016
2019-05,Zinc,($/mt),2743
2019-05,Gold,($/troy oz),1284
2019-05,Platinum,($/troy oz),834
2019-05,Silver,($/troy oz),14.7
2019-06,"Crude oil, average",($/bbl),59.8
2019-06,"Crude oil, Brent",($/bbl),63.3
2019-06,"Crude oil, Dubai",($/bbl),61.3
2019-06,"Crude oil, WTI",($/bbl),54.7
2019-06,"Coal, Australian",($/mt),72.5
2019-06,"Coal, South African **",($/mt),62.9
2019-06,"Natural gas, US",($/mmbtu),2.4
2019-06,"Natural gas, Europe",($/mmbtu),3.59
2019-06,"Liquefied natural gas, Japan",($/mmbtu),10.039999999999999
2019-06,Natural gas index,(2010=100),53
2019-06,Cocoa,($/kg),2.41
2019-06,"Coffee, Arabica",($/kg),2.86
2019-06,"Coffee, Robusta",($/kg),1.63
2019-06,"Tea, avg 3 auctions",($/kg),2.56
2019-06,"Tea, Colombo",($/kg),2.78
2019-06,"Tea, Kolkata",($/kg),2.75
2019-06,"Tea, Mombasa",($/kg),2.16
2019-06,Coconut oil,($/mt),636
2019-06,Groundnuts,($/mt),1315
2019-06,Fish meal,($/mt),1522
2019-06,Groundnut oil **,($/mt),1392
2019-06,Palm oil,($/mt),552
2019-06,Palm kernel oil,($/mt),542
2019-06,Soybeans,($/mt),359
2019-06,Soybean oil,($/mt),743
2019-06,Soybean meal,($/mt),363
2019-06,Rapeseed oil,($/mt),840
2019-06,Sunflower oil,($/mt),725
2019-06,Barley,($/mt),149.30000000000001
2019-06,Maize,($/mt),195.1
2019-06,Sorghum,($/mt),157.69999999999999
2019-06,"Rice, Thai 5%",($/mt),420
2019-06,"Rice, Thai 25%",($/mt),411
2019-06,"Rice, Thai A.1",($/mt),394.2
2019-06,"Rice, Viet Namese 5%",($/mt),358.8
2019-06,"Wheat, US SRW",($/mt),222.4
2019-06,"Wheat, US HRW",($/mt),206.1
2019-06,"Banana, Europe",($/kg),0.89
2019-06,"Banana, US",($/kg),1.1299999999999999
2019-06,Orange,($/kg),0.54
2019-06,Beef **,($/kg),4.63
2019-06,Chicken **,($/kg),2.0699999999999998
2019-06,Lamb **,($/kg),8.0500000000000007
2019-06,"Shrimps, Mexican",($/kg),11.97
2019-06,"Sugar, EU",($/kg),0.37
2019-06,"Sugar, US",($/kg),0.57999999999999996
2019-06,"Sugar, world",($/kg),0.28000000000000003
2019-06,"Tobacco, US import u.v.",($/mt),4607
2019-06,"Logs, Cameroon",($/cubic meter),395.2
2019-06,"Logs, Malaysian",($/cubic meter),275.39999999999998
2019-06,"Sawnwood, Cameroon",($/cubic meter),607.5
2019-06,"Sawnwood, Malaysian",($/cubic meter),691
2019-06,Plywood,(cents/sheet),505.1
2019-06,"Cotton, A Index",($/kg),1.71
2019-06,"Rubber, TSR20 **",($/kg),1.5
2019-06,"Rubber, RSS3",($/kg),1.93
2019-06,Phosphate rock,($/mt),97.5
2019-06,DAP,($/mt),314.89999999999998
2019-06,TSP,($/mt),293.8
2019-06,Urea,($/mt),247.5
2019-06,Potassium chloride **,($/mt),265.5
2019-06,Aluminum,($/mt),1756
2019-06,"Iron ore, cfr spot",($/dmtu),108.9
2019-06,Copper,($/mt),5882
2019-06,Lead,($/mt),1900
2019-06,Tin,($/mt),19193
2019-06,Nickel,($/mt),11944
2019-06,Zinc,($/mt),2601
2019-06,Gold,($/troy oz),1359
2019-06,Platinum,($/troy oz),808
2019-06,Silver,($/troy oz),15
2019-07,"Crude oil, average",($/bbl),61.5
2019-07,"Crude oil, Brent",($/bbl),64
2019-07,"Crude oil, Dubai",($/bbl),62.9
2019-07,"Crude oil, WTI",($/bbl),57.5
2019-07,"Coal, Australian",($/mt),72.099999999999994
2019-07,"Coal, South African **",($/mt),65.8
2019-07,"Natural gas, US",($/mmbtu),2.36
2019-07,"Natural gas, Europe",($/mmbtu),3.62
2019-07,"Liquefied natural gas, Japan",($/mmbtu),10.130000000000001
2019-07,Natural gas index,(2010=100),52.7
2019-07,Cocoa,($/kg),2.42
2019-07,"Coffee, Arabica",($/kg),2.99
2019-07,"Coffee, Robusta",($/kg),1.63
2019-07,"Tea, avg 3 auctions",($/kg),2.58
2019-07,"Tea, Colombo",($/kg),2.84
2019-07,"Tea, Kolkata",($/kg),2.9
2019-07,"Tea, Mombasa",($/kg),2
2019-07,Coconut oil,($/mt),657
2019-07,Groundnuts,($/mt),1260
2019-07,Fish meal,($/mt),1496
2019-07,Groundnut oil **,($/mt),1438
2019-07,Palm oil,($/mt),544
2019-07,Palm kernel oil,($/mt),555
2019-07,Soybeans,($/mt),370
2019-07,Soybean oil,($/mt),748
2019-07,Soybean meal,($/mt),349
2019-07,Rapeseed oil,($/mt),845
2019-07,Sunflower oil,($/mt),754
2019-07,Barley,($/mt),149.30000000000001
2019-07,Maize,($/mt),189.4
2019-07,Sorghum,($/mt),159.5
2019-07,"Rice, Thai 5%",($/mt),416
2019-07,"Rice, Thai 25%",($/mt),409
2019-07,"Rice, Thai A.1",($/mt),391.7
2019-07,"Rice, Viet Namese 5%",($/mt),360.2
2019-07,"Wheat, US SRW",($/mt),204
2019-07,"Wheat, US HRW",($/mt),196.2
2019-07,"Banana, Europe",($/kg),0.86
2019-07,"Banana, US",($/kg),1.1299999999999999
2019-07,Orange,($/kg),0.54
2019-07,Beef **,($/kg),4.63
2019-07,Chicken **,($/kg),1.99
2019-07,Lamb **,($/kg),8.0500000000000007
2019-07,"Shrimps, Mexican",($/kg),12.95
2019-07,"Sugar, EU",($/kg),0.37
2019-07,"Sugar, US",($/kg),0.56999999999999995
2019-07,"Sugar, world",($/kg),0.28000000000000003
2019-07,"Tobacco, US import u.v.",($/mt),4543
2019-07,"Logs, Cameroon",($/cubic meter),392.7
2019-07,"Logs, Malaysian",($/cubic meter),275.10000000000002
2019-07,"Sawnwood, Cameroon",($/cubic meter),597.70000000000005
2019-07,"Sawnwood, Malaysian",($/cubic meter),679.9
2019-07,Plywood,(cents/sheet),504.6
2019-07,"Cotton, A Index",($/kg),1.67
2019-07,"Rubber, TSR20 **",($/kg),1.41
2019-07,"Rubber, RSS3",($/kg),1.67
2019-07,Phosphate rock,($/mt),80
2019-07,DAP,($/mt),307.5
2019-07,TSP,($/mt),283.8
2019-07,Urea,($/mt),263.5
2019-07,Potassium chloride **,($/mt),265.5
2019-07,Aluminum,($/mt),1797
2019-07,"Iron ore, cfr spot",($/dmtu),120.2
2019-07,Copper,($/mt),5941
2019-07,Lead,($/mt),1976
2019-07,Tin,($/mt),17978
2019-07,Nickel,($/mt),13546
2019-07,Zinc,($/mt),2447
2019-07,Gold,($/troy oz),1413
2019-07,Platinum,($/troy oz),844
2019-07,Silver,($/troy oz),15.8
2019-08,"Crude oil, average",($/bbl),57.7
2019-08,"Crude oil, Brent",($/bbl),59.3
2019-08,"Crude oil, Dubai",($/bbl),58.9
2019-08,"Crude oil, WTI",($/bbl),54.8
2019-08,"Coal, Australian",($/mt),65.599999999999994
2019-08,"Coal, South African **",($/mt),60.4
2019-08,"Natural gas, US",($/mmbtu),2.2200000000000002
2019-08,"Natural gas, Europe",($/mmbtu),3.68
2019-08,"Liquefied natural gas, Japan",($/mmbtu),10.86
2019-08,Natural gas index,(2010=100),51.8
2019-08,Cocoa,($/kg),2.19
2019-08,"Coffee, Arabica",($/kg),2.78
2019-08,"Coffee, Robusta",($/kg),1.56
2019-08,"Tea, avg 3 auctions",($/kg),2.63
2019-08,"Tea, Colombo",($/kg),3.06
2019-08,"Tea, Kolkata",($/kg),2.71
2019-08,"Tea, Mombasa",($/kg),2.11
2019-08,Coconut oil,($/mt),719
2019-08,Groundnuts,($/mt),1252
2019-08,Fish meal,($/mt),1437
2019-08,Groundnut oil **,($/mt),1458
2019-08,Palm oil,($/mt),586
2019-08,Palm kernel oil,($/mt),619
2019-08,Soybeans,($/mt),361
2019-08,Soybean oil,($/mt),793
2019-08,Soybean meal,($/mt),337
2019-08,Rapeseed oil,($/mt),877
2019-08,Sunflower oil,($/mt),776
2019-08,Barley,($/mt),135
2019-08,Maize,($/mt),163.6
2019-08,Sorghum,($/mt),147.9
2019-08,"Rice, Thai 5%",($/mt),430
2019-08,"Rice, Thai 25%",($/mt),421
2019-08,"Rice, Thai A.1",($/mt),407.5
2019-08,"Rice, Viet Namese 5%",($/mt),362.4
2019-08,"Wheat, US SRW",($/mt),197.5
2019-08,"Wheat, US HRW",($/mt),181.1
2019-08,"Banana, Europe",($/kg),0.83
2019-08,"Banana, US",($/kg),1.1200000000000001
2019-08,Orange,($/kg),0.53
2019-08,Beef **,($/kg),4.5999999999999996
2019-08,Chicken **,($/kg),1.9
2019-08,Lamb **,($/kg),8.0500000000000007
2019-08,"Shrimps, Mexican",($/kg),13.06
2019-08,"Sugar, EU",($/kg),0.36
2019-08,"Sugar, US",($/kg),0.56999999999999995
2019-08,"Sugar, world",($/kg),0.27
2019-08,"Tobacco, US import u.v.",($/mt),4523
2019-08,"Logs, Cameroon",($/cubic meter),389.4
2019-08,"Logs, Malaysian",($/cubic meter),280.2
2019-08,"Sawnwood, Cameroon",($/cubic meter),582
2019-08,"Sawnwood, Malaysian",($/cubic meter),662
2019-08,Plywood,(cents/sheet),513.9
2019-08,"Cotton, A Index",($/kg),1.56
2019-08,"Rubber, TSR20 **",($/kg),1.31
2019-08,"Rubber, RSS3",($/kg),1.5
2019-08,Phosphate rock,($/mt),78
2019-08,DAP,($/mt),292.89999999999998
2019-08,TSP,($/mt),275
2019-08,Urea,($/mt),262.5
2019-08,Potassium chloride **,($/mt),265.5
2019-08,Aluminum,($/mt),1741
2019-08,"Iron ore, cfr spot",($/dmtu),93.1
2019-08,Copper,($/mt),5709
2019-08,Lead,($/mt),2045
2019-08,Tin,($/mt),16609
2019-08,Nickel,($/mt),15749
2019-08,Zinc,($/mt),2273
2019-08,Gold,($/troy oz),1500
2019-08,Platinum,($/troy oz),859
2019-08,Silver,($/troy oz),17.2
2019-09,"Crude oil, average",($/bbl),60
2019-09,"Crude oil, Brent",($/bbl),62.3
2019-09,"Crude oil, Dubai",($/bbl),60.8
2019-09,"Crude oil, WTI",($/bbl),57
2019-09,"Coal, Australian",($/mt),66
2019-09,"Coal, South African **",($/mt),61.4
2019-09,"Natural gas, US",($/mmbtu),2.58
2019-09,"Natural gas, Europe",($/mmbtu),4.21
2019-09,"Liquefied natural gas, Japan",($/mmbtu),10.14
2019-09,Natural gas index,(2010=100),58.2
2019-09,Cocoa,($/kg),2.31
2019-09,"Coffee, Arabica",($/kg),2.84
2019-09,"Coffee, Robusta",($/kg),1.56
2019-09,"Tea, avg 3 auctions",($/kg),2.54
2019-09,"Tea, Colombo",($/kg),2.88
2019-09,"Tea, Kolkata",($/kg),2.5299999999999998
2019-09,"Tea, Mombasa",($/kg),2.2200000000000002
2019-09,Coconut oil,($/mt),724
2019-09,Groundnuts,($/mt),1321
2019-09,Fish meal,($/mt),1385
2019-09,Groundnut oil **,($/mt),1458
2019-09,Palm oil,($/mt),580
2019-09,Palm kernel oil,($/mt),613
2019-09,Soybeans,($/mt),366
2019-09,Soybean oil,($/mt),779
2019-09,Soybean meal,($/mt),333
2019-09,Rapeseed oil,($/mt),903
2019-09,Sunflower oil,($/mt),776
2019-09,Barley,($/mt),114.8
2019-09,Maize,($/mt),157.30000000000001
2019-09,Sorghum,($/mt),149.69999999999999
2019-09,"Rice, Thai 5%",($/mt),427
2019-09,"Rice, Thai 25%",($/mt),421
2019-09,"Rice, Thai A.1",($/mt),401.7
2019-09,"Rice, Viet Namese 5%",($/mt),350.9
2019-09,"Wheat, US SRW",($/mt),201.9
2019-09,"Wheat, US HRW",($/mt),189.6
2019-09,"Banana, Europe",($/kg),0.85
2019-09,"Banana, US",($/kg),1.1499999999999999
2019-09,Orange,($/kg),0.53
2019-09,Beef **,($/kg),4.6500000000000004
2019-09,Chicken **,($/kg),1.85
2019-09,Lamb **,($/kg),8.1
2019-09,"Shrimps, Mexican",($/kg),13.23
2019-09,"Sugar, EU",($/kg),0.36
2019-09,"Sugar, US",($/kg),0.56999999999999995
2019-09,"Sugar, world",($/kg),0.26
2019-09,"Tobacco, US import u.v.",($/mt),4545
2019-09,"Logs, Cameroon",($/cubic meter),385.3
2019-09,"Logs, Malaysian",($/cubic meter),277.10000000000002
2019-09,"Sawnwood, Cameroon",($/cubic meter),591.6
2019-09,"Sawnwood, Malaysian",($/cubic meter),672.9
2019-09,Plywood,(cents/sheet),508.2
2019-09,"Cotton, A Index",($/kg),1.57
2019-09,"Rubber, TSR20 **",($/kg),1.34
2019-09,"Rubber, RSS3",($/kg),1.5
2019-09,Phosphate rock,($/mt),77.5
2019-09,DAP,($/mt),285.8
2019-09,TSP,($/mt),270
2019-09,Urea,($/mt),237.8
2019-09,Potassium chloride **,($/mt),265.5
2019-09,Aluminum,($/mt),1754
2019-09,"Iron ore, cfr spot",($/dmtu),93.1
2019-09,Copper,($/mt),5759
2019-09,Lead,($/mt),2072
2019-09,Tin,($/mt),16831
2019-09,Nickel,($/mt),17657
2019-09,Zinc,($/mt),2332
2019-09,Gold,($/troy oz),1511
2019-09,Platinum,($/troy oz),945
2019-09,Silver,($/troy oz),18.2
2019-10,"Crude oil, average",($/bbl),57.3
2019-10,"Crude oil, Brent",($/bbl),59.4
2019-10,"Crude oil, Dubai",($/bbl),58.5
2019-10,"Crude oil, WTI",($/bbl),54
2019-10,"Coal, Australian",($/mt),69.2
2019-10,"Coal, South African **",($/mt),67.400000000000006
2019-10,"Natural gas, US",($/mmbtu),2.33
2019-10,"Natural gas, Europe",($/mmbtu),5.0599999999999996
2019-10,"Liquefied natural gas, Japan",($/mmbtu),9.98
2019-10,Natural gas index,(2010=100),59.1
2019-10,Cocoa,($/kg),2.44
2019-10,"Coffee, Arabica",($/kg),2.8
2019-10,"Coffee, Robusta",($/kg),1.51
2019-10,"Tea, avg 3 auctions",($/kg),2.58
2019-10,"Tea, Colombo",($/kg),2.94
2019-10,"Tea, Kolkata",($/kg),2.46
2019-10,"Tea, Mombasa",($/kg),2.34
2019-10,Coconut oil,($/mt),720
2019-10,Groundnuts,($/mt),1359
2019-10,Fish meal,($/mt),1360
2019-10,Groundnut oil **,($/mt),1459
2019-10,Palm oil,($/mt),591
2019-10,Palm kernel oil,($/mt),594
2019-10,Soybeans,($/mt),382
2019-10,Soybean oil,($/mt),771
2019-10,Soybean meal,($/mt),342
2019-10,Rapeseed oil,($/mt),909
2019-10,Sunflower oil,($/mt),776
2019-10,Barley,($/mt),114.8
2019-10,Maize,($/mt),167.1
2019-10,Sorghum,($/mt),163.80000000000001
2019-10,"Rice, Thai 5%",($/mt),424
2019-10,"Rice, Thai 25%",($/mt),418
2019-10,"Rice, Thai A.1",($/mt),397
2019-10,"Rice, Viet Namese 5%",($/mt),325.8
2019-10,"Wheat, US SRW",($/mt),212.8
2019-10,"Wheat, US HRW",($/mt),199.5
2019-10,"Banana, Europe",($/kg),0.86
2019-10,"Banana, US",($/kg),1.1299999999999999
2019-10,Orange,($/kg),0.52
2019-10,Beef **,($/kg),4.8600000000000003
2019-10,Chicken **,($/kg),1.85
2019-10,Lamb **,($/kg),8.27
2019-10,"Shrimps, Mexican",($/kg),13.4
2019-10,"Sugar, EU",($/kg),0.36
2019-10,"Sugar, US",($/kg),0.56999999999999995
2019-10,"Sugar, world",($/kg),0.28000000000000003
2019-10,"Tobacco, US import u.v.",($/mt),4447
2019-10,"Logs, Cameroon",($/cubic meter),386.9
2019-10,"Logs, Malaysian",($/cubic meter),275.3
2019-10,"Sawnwood, Cameroon",($/cubic meter),605.4
2019-10,"Sawnwood, Malaysian",($/cubic meter),688.6
2019-10,Plywood,(cents/sheet),505
2019-10,"Cotton, A Index",($/kg),1.63
2019-10,"Rubber, TSR20 **",($/kg),1.3
2019-10,"Rubber, RSS3",($/kg),1.43
2019-10,Phosphate rock,($/mt),77.5
2019-10,DAP,($/mt),277.39999999999998
2019-10,TSP,($/mt),270
2019-10,Urea,($/mt),237
2019-10,Potassium chloride **,($/mt),265.5
2019-10,Aluminum,($/mt),1726
2019-10,"Iron ore, cfr spot",($/dmtu),88.5
2019-10,Copper,($/mt),5757
2019-10,Lead,($/mt),2184
2019-10,Tin,($/mt),16603
2019-10,Nickel,($/mt),17046
2019-10,Zinc,($/mt),2452
2019-10,Gold,($/troy oz),1495
2019-10,Platinum,($/troy oz),897
2019-10,Silver,($/troy oz),17.600000000000001
2019-11,"Crude oil, average",($/bbl),60.4
2019-11,"Crude oil, Brent",($/bbl),62.7
2019-11,"Crude oil, Dubai",($/bbl),61.4
2019-11,"Crude oil, WTI",($/bbl),57.1
2019-11,"Coal, Australian",($/mt),67
2019-11,"Coal, South African **",($/mt),73.599999999999994
2019-11,"Natural gas, US",($/mmbtu),2.65
2019-11,"Natural gas, Europe",($/mmbtu),5.15
2019-11,"Liquefied natural gas, Japan",($/mmbtu),10.039999999999999
2019-11,Natural gas index,(2010=100),63.5
2019-11,Cocoa,($/kg),2.52
2019-11,"Coffee, Arabica",($/kg),3.11
2019-11,"Coffee, Robusta",($/kg),1.62
2019-11,"Tea, avg 3 auctions",($/kg),2.61
2019-11,"Tea, Colombo",($/kg),3.19
2019-11,"Tea, Kolkata",($/kg),2.36
2019-11,"Tea, Mombasa",($/kg),2.2999999999999998
2019-11,Coconut oil,($/mt),849
2019-11,Groundnuts,($/mt),1400
2019-11,Fish meal,($/mt),1361
2019-11,Groundnut oil **,($/mt),1388
2019-11,Palm oil,($/mt),685
2019-11,Palm kernel oil,($/mt),767
2019-11,Soybeans,($/mt),376
2019-11,Soybean oil,($/mt),770
2019-11,Soybean meal,($/mt),347
2019-11,Rapeseed oil,($/mt),891
2019-11,Sunflower oil,($/mt),776
2019-11,Barley,($/mt),114.8
2019-11,Maize,($/mt),166.3
2019-11,Sorghum,($/mt),161.9
2019-11,"Rice, Thai 5%",($/mt),421
2019-11,"Rice, Thai 25%",($/mt),415
2019-11,"Rice, Thai A.1",($/mt),394.8
2019-11,"Rice, Viet Namese 5%",($/mt),328.2
2019-11,"Wheat, US SRW",($/mt),223.5
2019-11,"Wheat, US HRW",($/mt),203.2
2019-11,"Banana, Europe",($/kg),0.85
2019-11,"Banana, US",($/kg),1.1299999999999999
2019-11,Orange,($/kg),0.53
2019-11,Beef **,($/kg),5.94
2019-11,Chicken **,($/kg),1.85
2019-11,Lamb **,($/kg),8.27
2019-11,"Shrimps, Mexican",($/kg),13.68
2019-11,"Sugar, EU",($/kg),0.36
2019-11,"Sugar, US",($/kg),0.6
2019-11,"Sugar, world",($/kg),0.28000000000000003
2019-11,"Tobacco, US import u.v.",($/mt),4321
2019-11,"Logs, Cameroon",($/cubic meter),386.9
2019-11,"Logs, Malaysian",($/cubic meter),273.39999999999998
2019-11,"Sawnwood, Cameroon",($/cubic meter),617.5
2019-11,"Sawnwood, Malaysian",($/cubic meter),702.4
2019-11,Plywood,(cents/sheet),501.5
2019-11,"Cotton, A Index",($/kg),1.65
2019-11,"Rubber, TSR20 **",($/kg),1.39
2019-11,"Rubber, RSS3",($/kg),1.54
2019-11,Phosphate rock,($/mt),74
2019-11,DAP,($/mt),248
2019-11,TSP,($/mt),264
2019-11,Urea,($/mt),224.5
2019-11,Potassium chloride **,($/mt),265.5
2019-11,Aluminum,($/mt),1775
2019-11,"Iron ore, cfr spot",($/dmtu),85
2019-11,Copper,($/mt),5860
2019-11,Lead,($/mt),2021
2019-11,Tin,($/mt),16335
2019-11,Nickel,($/mt),15172
2019-11,Zinc,($/mt),2425
2019-11,Gold,($/troy oz),1471
2019-11,Platinum,($/troy oz),902
2019-11,Silver,($/troy oz),17.2
2019-12,"Crude oil, average",($/bbl),63.4
2019-12,"Crude oil, Brent",($/bbl),65.900000000000006
2019-12,"Crude oil, Dubai",($/bbl),64.400000000000006
2019-12,"Crude oil, WTI",($/bbl),59.8
2019-12,"Coal, Australian",($/mt),66.2
2019-12,"Coal, South African **",($/mt),76
2019-12,"Natural gas, US",($/mmbtu),2.2400000000000002
2019-12,"Natural gas, Europe",($/mmbtu),4.62
2019-12,"Liquefied natural gas, Japan",($/mmbtu),10.06
2019-12,Natural gas index,(2010=100),56
2019-12,Cocoa,($/kg),2.44
2019-12,"Coffee, Arabica",($/kg),3.46
2019-12,"Coffee, Robusta",($/kg),1.61
2019-12,"Tea, avg 3 auctions",($/kg),2.57
2019-12,"Tea, Colombo",($/kg),3.21
2019-12,"Tea, Kolkata",($/kg),2.2799999999999998
2019-12,"Tea, Mombasa",($/kg),2.21
2019-12,Coconut oil,($/mt),1031
2019-12,Groundnuts,($/mt),1529
2019-12,Fish meal,($/mt),1363
2019-12,Groundnut oil **,($/mt),1405
2019-12,Palm oil,($/mt),764
2019-12,Palm kernel oil,($/mt),970
2019-12,Soybeans,($/mt),383
2019-12,Soybean oil,($/mt),834
2019-12,Soybean meal,($/mt),353
2019-12,Rapeseed oil,($/mt),901
2019-12,Sunflower oil,($/mt),776
2019-12,Barley,($/mt),114.8
2019-12,Maize,($/mt),167
2019-12,Sorghum,($/mt),163.9
2019-12,"Rice, Thai 5%",($/mt),432
2019-12,"Rice, Thai 25%",($/mt),423
2019-12,"Rice, Thai A.1",($/mt),400.9
2019-12,"Rice, Viet Namese 5%",($/mt),337.4
2019-12,"Wheat, US SRW",($/mt),237.7
2019-12,"Wheat, US HRW",($/mt),210.9
2019-12,"Banana, Europe",($/kg),0.86
2019-12,"Banana, US",($/kg),1.1399999999999999
2019-12,Orange,($/kg),0.52
2019-12,Beef **,($/kg),5.56
2019-12,Chicken **,($/kg),1.98
2019-12,Lamb **,($/kg),8.35
2019-12,"Shrimps, Mexican",($/kg),13.95
2019-12,"Sugar, EU",($/kg),0.36
2019-12,"Sugar, US",($/kg),0.56999999999999995
2019-12,"Sugar, world",($/kg),0.3
2019-12,"Tobacco, US import u.v.",($/mt),4321
2019-12,"Logs, Cameroon",($/cubic meter),388.9
2019-12,"Logs, Malaysian",($/cubic meter),272.8
2019-12,"Sawnwood, Cameroon",($/cubic meter),627.9
2019-12,"Sawnwood, Malaysian",($/cubic meter),714.2
2019-12,Plywood,(cents/sheet),500.4
2019-12,"Cotton, A Index",($/kg),1.67
2019-12,"Rubber, TSR20 **",($/kg),1.46
2019-12,"Rubber, RSS3",($/kg),1.66
2019-12,Phosphate rock,($/mt),72.5
2019-12,DAP,($/mt),238.2
2019-12,TSP,($/mt),243.3
2019-12,Urea,($/mt),217.5
2019-12,Potassium chloride **,($/mt),265.5
2019-12,Aluminum,($/mt),1771
2019-12,"Iron ore, cfr spot",($/dmtu),92.7
2019-12,Copper,($/mt),6077
2019-12,Lead,($/mt),1901
2019-12,Tin,($/mt),17141
2019-12,Nickel,($/mt),13829
2019-12,Zinc,($/mt),2273
2019-12,Gold,($/troy oz),1479
2019-12,Platinum,($/troy oz),924
2019-12,Silver,($/troy oz),17.100000000000001
2020-01,"Crude oil, average",($/bbl),61.6
2020-01,"Crude oil, Brent",($/bbl),63.6
2020-01,"Crude oil, Dubai",($/bbl),63.8
2020-01,"Crude oil, WTI",($/bbl),57.5
2020-01,"Coal, Australian",($/mt),69.7
2020-01,"Coal, South African **",($/mt),82.1
2020-01,"Natural gas, US",($/mmbtu),2.0299999999999998
2020-01,"Natural gas, Europe",($/mmbtu),3.63
2020-01,"Liquefied natural gas, Japan",($/mmbtu),9.89
2020-01,Natural gas index,(2010=100),48.6
2020-01,Cocoa,($/kg),2.6
2020-01,"Coffee, Arabica",($/kg),3.13
2020-01,"Coffee, Robusta",($/kg),1.56
2020-01,"Tea, avg 3 auctions",($/kg),2.5099999999999998
2020-01,"Tea, Colombo",($/kg),3.27
2020-01,"Tea, Kolkata",($/kg),1.97
2020-01,"Tea, Mombasa",($/kg),2.29
2020-01,Coconut oil,($/mt),1004
2020-01,Groundnuts,($/mt),1672
2020-01,Fish meal,($/mt),1374
2020-01,Groundnut oil **,($/mt),1371
2020-01,Palm oil,($/mt),810
2020-01,Palm kernel oil,($/mt),971
2020-01,Soybeans,($/mt),387
2020-01,Soybean oil,($/mt),876
2020-01,Soybean meal,($/mt),356
2020-01,Rapeseed oil,($/mt),945
2020-01,Sunflower oil,($/mt),807
2020-01,Barley,($/mt),114.8
2020-01,Maize,($/mt),171.8
2020-01,Sorghum,($/mt),166.2
2020-01,"Rice, Thai 5%",($/mt),451
2020-01,"Rice, Thai 25%",($/mt),440
2020-01,"Rice, Thai A.1",($/mt),426
2020-01,"Rice, Viet Namese 5%",($/mt),348.7
2020-01,"Wheat, US SRW",($/mt),248
2020-01,"Wheat, US HRW",($/mt),224.5
2020-01,"Banana, Europe",($/kg),0.87
2020-01,"Banana, US",($/kg),1.17
2020-01,Orange,($/kg),0.51
2020-01,Beef **,($/kg),5.04
2020-01,Chicken **,($/kg),2.0699999999999998
2020-01,Lamb **,($/kg),6.62
2020-01,"Shrimps, Mexican",($/kg),14
2020-01,"Sugar, EU",($/kg),0.36
2020-01,"Sugar, US",($/kg),0.56999999999999995
2020-01,"Sugar, world",($/kg),0.31
2020-01,"Tobacco, US import u.v.",($/mt),4424
2020-01,"Logs, Cameroon",($/cubic meter),388.7
2020-01,"Logs, Malaysian",($/cubic meter),272.39999999999998
2020-01,"Sawnwood, Cameroon",($/cubic meter),626.5
2020-01,"Sawnwood, Malaysian",($/cubic meter),712.6
2020-01,Plywood,(cents/sheet),499.6
2020-01,"Cotton, A Index",($/kg),1.74
2020-01,"Rubber, TSR20 **",($/kg),1.47
2020-01,"Rubber, RSS3",($/kg),1.68
2020-01,Phosphate rock,($/mt),72.5
2020-01,DAP,($/mt),264.89999999999998
2020-01,TSP,($/mt),239
2020-01,Urea,($/mt),215.4
2020-01,Potassium chloride **,($/mt),268.7
2020-01,Aluminum,($/mt),1773
2020-01,"Iron ore, cfr spot",($/dmtu),95.8
2020-01,Copper,($/mt),6031
2020-01,Lead,($/mt),1924
2020-01,Tin,($/mt),17029
2020-01,Nickel,($/mt),13507
2020-01,Zinc,($/mt),2354
2020-01,Gold,($/troy oz),1561
2020-01,Platinum,($/troy oz),987
2020-01,Silver,($/troy oz),18
2020-02,"Crude oil, average",($/bbl),53.3
2020-02,"Crude oil, Brent",($/bbl),55
2020-02,"Crude oil, Dubai",($/bbl),54.5
2020-02,"Crude oil, WTI",($/bbl),50.5
2020-02,"Coal, Australian",($/mt),67.599999999999994
2020-02,"Coal, South African **",($/mt),80
2020-02,"Natural gas, US",($/mmbtu),1.92
2020-02,"Natural gas, Europe",($/mmbtu),2.91
2020-02,"Liquefied natural gas, Japan",($/mmbtu),9.89
2020-02,Natural gas index,(2010=100),43.8
2020-02,Cocoa,($/kg),2.72
2020-02,"Coffee, Arabica",($/kg),2.99
2020-02,"Coffee, Robusta",($/kg),1.5
2020-02,"Tea, avg 3 auctions",($/kg),2.36
2020-02,"Tea, Colombo",($/kg),3.35
2020-02,"Tea, Kolkata",($/kg),1.6
2020-02,"Tea, Mombasa",($/kg),2.13
2020-02,Coconut oil,($/mt),844
2020-02,Groundnuts,($/mt),1719
2020-02,Fish meal,($/mt),1365
2020-02,Groundnut oil **,($/mt),1393
2020-02,Palm oil,($/mt),729
2020-02,Palm kernel oil,($/mt),802
2020-02,Soybeans,($/mt),376
2020-02,Soybean oil,($/mt),800
2020-02,Soybean meal,($/mt),354
2020-02,Rapeseed oil,($/mt),902
2020-02,Sunflower oil,($/mt),823
2020-02,Barley,($/mt),114.8
2020-02,Maize,($/mt),168.7
2020-02,Sorghum,($/mt),164.1
2020-02,"Rice, Thai 5%",($/mt),450
2020-02,"Rice, Thai 25%",($/mt),442
2020-02,"Rice, Thai A.1",($/mt),426.5
2020-02,"Rice, Viet Namese 5%",($/mt),357.4
2020-02,"Wheat, US SRW",($/mt),239
2020-02,"Wheat, US HRW",($/mt),215.3
2020-02,"Banana, Europe",($/kg),0.9
2020-02,"Banana, US",($/kg),1.18
2020-02,Orange,($/kg),0.52
2020-02,Beef **,($/kg),4.72
2020-02,Chicken **,($/kg),1.88
2020-02,Lamb **,($/kg),6.13
2020-02,"Shrimps, Mexican",($/kg),14
2020-02,"Sugar, EU",($/kg),0.36
2020-02,"Sugar, US",($/kg),0.59
2020-02,"Sugar, world",($/kg),0.33
2020-02,"Tobacco, US import u.v.",($/mt),4443
2020-02,"Logs, Cameroon",($/cubic meter),381.8
2020-02,"Logs, Malaysian",($/cubic meter),270.60000000000002
2020-02,"Sawnwood, Cameroon",($/cubic meter),621.1
2020-02,"Sawnwood, Malaysian",($/cubic meter),706.4
2020-02,Plywood,(cents/sheet),496.3
2020-02,"Cotton, A Index",($/kg),1.69
2020-02,"Rubber, TSR20 **",($/kg),1.34
2020-02,"Rubber, RSS3",($/kg),1.61
2020-02,Phosphate rock,($/mt),72.5
2020-02,DAP,($/mt),279.39999999999998
2020-02,TSP,($/mt),245
2020-02,Urea,($/mt),214.4
2020-02,Potassium chloride **,($/mt),243.4
2020-02,Aluminum,($/mt),1688
2020-02,"Iron ore, cfr spot",($/dmtu),87.7
2020-02,Copper,($/mt),5688
2020-02,Lead,($/mt),1873
2020-02,Tin,($/mt),16480
2020-02,Nickel,($/mt),12716
2020-02,Zinc,($/mt),2113
2020-02,Gold,($/troy oz),1597
2020-02,Platinum,($/troy oz),961
2020-02,Silver,($/troy oz),17.899999999999999
2020-03,"Crude oil, average",($/bbl),32.200000000000003
2020-03,"Crude oil, Brent",($/bbl),33
2020-03,"Crude oil, Dubai",($/bbl),33.799999999999997
2020-03,"Crude oil, WTI",($/bbl),29.9
2020-03,"Coal, Australian",($/mt),66.7
2020-03,"Coal, South African **",($/mt),67.900000000000006
2020-03,"Natural gas, US",($/mmbtu),1.79
2020-03,"Natural gas, Europe",($/mmbtu),2.72
2020-03,"Liquefied natural gas, Japan",($/mmbtu),10.210000000000001
2020-03,Natural gas index,(2010=100),41.6
2020-03,Cocoa,($/kg),2.34
2020-03,"Coffee, Arabica",($/kg),3.27
2020-03,"Coffee, Robusta",($/kg),1.49
2020-03,"Tea, avg 3 auctions",($/kg),2.13
2020-03,"Tea, Colombo",($/kg),3.08
2020-03,"Tea, Kolkata",($/kg),1.33
2020-03,"Tea, Mombasa",($/kg),1.99
2020-03,Coconut oil,($/mt),838
2020-03,Groundnuts,($/mt),1868
2020-03,Fish meal,($/mt),1400
2020-03,Groundnut oil **,($/mt),1413
2020-03,Palm oil,($/mt),636
2020-03,Palm kernel oil,($/mt),691
2020-03,Soybeans,($/mt),373
2020-03,Soybean oil,($/mt),748
2020-03,Soybean meal,($/mt),377
2020-03,Rapeseed oil,($/mt),797
2020-03,Sunflower oil,($/mt),730
2020-03,Barley,($/mt),114.8
2020-03,Maize,($/mt),162.4
2020-03,Sorghum,($/mt),164.4
2020-03,"Rice, Thai 5%",($/mt),494
2020-03,"Rice, Thai 25%",($/mt),477
2020-03,"Rice, Thai A.1",($/mt),469.6
2020-03,"Rice, Viet Namese 5%",($/mt),372.6
2020-03,"Wheat, US SRW",($/mt),228.1
2020-03,"Wheat, US HRW",($/mt),209.1
2020-03,"Banana, Europe",($/kg),0.91
2020-03,"Banana, US",($/kg),1.2
2020-03,Orange,($/kg),0.55000000000000004
2020-03,Beef **,($/kg),4.47
2020-03,Chicken **,($/kg),1.78
2020-03,Lamb **,($/kg),6.32
2020-03,"Shrimps, Mexican",($/kg),14
2020-03,"Sugar, EU",($/kg),0.36
2020-03,"Sugar, US",($/kg),0.6
2020-03,"Sugar, world",($/kg),0.26
2020-03,"Tobacco, US import u.v.",($/mt),4402
2020-03,"Logs, Cameroon",($/cubic meter),387.2
2020-03,"Logs, Malaysian",($/cubic meter),276.89999999999998
2020-03,"Sawnwood, Cameroon",($/cubic meter),593.70000000000005
2020-03,"Sawnwood, Malaysian",($/cubic meter),675.3
2020-03,Plywood,(cents/sheet),508
2020-03,"Cotton, A Index",($/kg),1.49
2020-03,"Rubber, TSR20 **",($/kg),1.21
2020-03,"Rubber, RSS3",($/kg),1.5
2020-03,Phosphate rock,($/mt),71.900000000000006
2020-03,DAP,($/mt),276.2
2020-03,TSP,($/mt),245
2020-03,Urea,($/mt),231.1
2020-03,Potassium chloride **,($/mt),235
2020-03,Aluminum,($/mt),1611
2020-03,"Iron ore, cfr spot",($/dmtu),89
2020-03,Copper,($/mt),5183
2020-03,Lead,($/mt),1734
2020-03,Tin,($/mt),15291
2020-03,Nickel,($/mt),11846
2020-03,Zinc,($/mt),1904
2020-03,Gold,($/troy oz),1592
2020-03,Platinum,($/troy oz),759
2020-03,Silver,($/troy oz),14.9
2020-04,"Crude oil, average",($/bbl),21
2020-04,"Crude oil, Brent",($/bbl),23.3
2020-04,"Crude oil, Dubai",($/bbl),23.3
2020-04,"Crude oil, WTI",($/bbl),16.5
2020-04,"Coal, Australian",($/mt),58.6
2020-04,"Coal, South African **",($/mt),56.6
2020-04,"Natural gas, US",($/mmbtu),1.74
2020-04,"Natural gas, Europe",($/mmbtu),2.12
2020-04,"Liquefied natural gas, Japan",($/mmbtu),10.01
2020-04,Natural gas index,(2010=100),38
2020-04,Cocoa,($/kg),2.27
2020-04,"Coffee, Arabica",($/kg),3.41
2020-04,"Coffee, Robusta",($/kg),1.41
2020-04,"Tea, avg 3 auctions",($/kg),2.36
2020-04,"Tea, Colombo",($/kg),3.66
2020-04,"Tea, Kolkata",($/kg),1.3
2020-04,"Tea, Mombasa",($/kg),2.11
2020-04,Coconut oil,($/mt),835
2020-04,Groundnuts,($/mt),2050
2020-04,Fish meal,($/mt),1391
2020-04,Groundnut oil **,($/mt),1527
2020-04,Palm oil,($/mt),609
2020-04,Palm kernel oil,($/mt),721
2020-04,Soybeans,($/mt),361
2020-04,Soybean oil,($/mt),680
2020-04,Soybean meal,($/mt),364
2020-04,Rapeseed oil,($/mt),759
2020-04,Sunflower oil,($/mt),732
2020-04,Barley,($/mt),114.8
2020-04,Maize,($/mt),146.9
2020-04,Sorghum,($/mt),166.7
2020-04,"Rice, Thai 5%",($/mt),564
2020-04,"Rice, Thai 25%",($/mt),536
2020-04,"Rice, Thai A.1",($/mt),543.70000000000005
2020-04,"Rice, Viet Namese 5%",($/mt),407.1
2020-04,"Wheat, US SRW",($/mt),221.7
2020-04,"Wheat, US HRW",($/mt),219
2020-04,"Banana, Europe",($/kg),0.9
2020-04,"Banana, US",($/kg),1.28
2020-04,Orange,($/kg),0.57999999999999996
2020-04,Beef **,($/kg),4.45
2020-04,Chicken **,($/kg),1.27
2020-04,Lamb **,($/kg),6.28
2020-04,"Shrimps, Mexican",($/kg),13.89
2020-04,"Sugar, EU",($/kg),0.35
2020-04,"Sugar, US",($/kg),0.56999999999999995
2020-04,"Sugar, world",($/kg),0.23
2020-04,"Tobacco, US import u.v.",($/mt),4345
2020-04,"Logs, Cameroon",($/cubic meter),380.4
2020-04,"Logs, Malaysian",($/cubic meter),276.2
2020-04,"Sawnwood, Cameroon",($/cubic meter),595
2020-04,"Sawnwood, Malaysian",($/cubic meter),676.7
2020-04,Plywood,(cents/sheet),506.7
2020-04,"Cotton, A Index",($/kg),1.4
2020-04,"Rubber, TSR20 **",($/kg),1.1100000000000001
2020-04,"Rubber, RSS3",($/kg),1.33
2020-04,Phosphate rock,($/mt),70.8
2020-04,DAP,($/mt),282
2020-04,TSP,($/mt),245
2020-04,Urea,($/mt),235
2020-04,Potassium chloride **,($/mt),220.4
2020-04,Aluminum,($/mt),1460
2020-04,"Iron ore, cfr spot",($/dmtu),84.7
2020-04,Copper,($/mt),5058
2020-04,Lead,($/mt),1658
2020-04,Tin,($/mt),14953
2020-04,Nickel,($/mt),11804
2020-04,Zinc,($/mt),1903
2020-04,Gold,($/troy oz),1683
2020-04,Platinum,($/troy oz),754
2020-04,Silver,($/troy oz),15.1
2020-05,"Crude oil, average",($/bbl),30.4
2020-05,"Crude oil, Brent",($/bbl),31
2020-05,"Crude oil, Dubai",($/bbl),31.6
2020-05,"Crude oil, WTI",($/bbl),28.6
2020-05,"Coal, Australian",($/mt),52.5
2020-05,"Coal, South African **",($/mt),57.4
2020-05,"Natural gas, US",($/mmbtu),1.75
2020-05,"Natural gas, Europe",($/mmbtu),1.58
2020-05,"Liquefied natural gas, Japan",($/mmbtu),10.08
2020-05,Natural gas index,(2010=100),35.6
2020-05,Cocoa,($/kg),2.3199999999999998
2020-05,"Coffee, Arabica",($/kg),3.3
2020-05,"Coffee, Robusta",($/kg),1.42
2020-05,"Tea, avg 3 auctions",($/kg),2.5099999999999998
2020-05,"Tea, Colombo",($/kg),3.76
2020-05,"Tea, Kolkata",($/kg),1.79
2020-05,"Tea, Mombasa",($/kg),1.97
2020-05,Coconut oil,($/mt),832
2020-05,Groundnuts,($/mt),2050
2020-05,Fish meal,($/mt),1395
2020-05,Groundnut oil **,($/mt),1588
2020-05,Palm oil,($/mt),577
2020-05,Palm kernel oil,($/mt),685
2020-05,Soybeans,($/mt),359
2020-05,Soybean oil,($/mt),685
2020-05,Soybean meal,($/mt),339
2020-05,Rapeseed oil,($/mt),800
2020-05,Sunflower oil,($/mt),738
2020-05,Barley,($/mt),80.400000000000006
2020-05,Maize,($/mt),143.9
2020-05,Sorghum,($/mt),175.9
2020-05,"Rice, Thai 5%",($/mt),510
2020-05,"Rice, Thai 25%",($/mt),494
2020-05,"Rice, Thai A.1",($/mt),492.9
2020-05,"Rice, Viet Namese 5%",($/mt),438.4
2020-05,"Wheat, US SRW",($/mt),209.9
2020-05,"Wheat, US HRW",($/mt),205.8
2020-05,"Banana, Europe",($/kg),0.91
2020-05,"Banana, US",($/kg),1.3
2020-05,Orange,($/kg),0.65
2020-05,Beef **,($/kg),5.08
2020-05,Chicken **,($/kg),1.52
2020-05,Lamb **,($/kg),6.04
2020-05,"Shrimps, Mexican",($/kg),12.55
2020-05,"Sugar, EU",($/kg),0.36
2020-05,"Sugar, US",($/kg),0.56999999999999995
2020-05,"Sugar, world",($/kg),0.24
2020-05,"Tobacco, US import u.v.",($/mt),4393
2020-05,"Logs, Cameroon",($/cubic meter),381.6
2020-05,"Logs, Malaysian",($/cubic meter),277.7
2020-05,"Sawnwood, Cameroon",($/cubic meter),589.5
2020-05,"Sawnwood, Malaysian",($/cubic meter),670.5
2020-05,Plywood,(cents/sheet),509.4
2020-05,"Cotton, A Index",($/kg),1.45
2020-05,"Rubber, TSR20 **",($/kg),1.1200000000000001
2020-05,"Rubber, RSS3",($/kg),1.35
2020-05,Phosphate rock,($/mt),72.900000000000006
2020-05,DAP,($/mt),263
2020-05,TSP,($/mt),243
2020-05,Urea,($/mt),201.9
2020-05,Potassium chloride **,($/mt),222.2
2020-05,Aluminum,($/mt),1466
2020-05,"Iron ore, cfr spot",($/dmtu),93.7
2020-05,Copper,($/mt),5240
2020-05,Lead,($/mt),1626
2020-05,Tin,($/mt),15402
2020-05,Nickel,($/mt),12180
2020-05,Zinc,($/mt),1975
2020-05,Gold,($/troy oz),1716
2020-05,Platinum,($/troy oz),790
2020-05,Silver,($/troy oz),16.3
2020-06,"Crude oil, average",($/bbl),39.5
2020-06,"Crude oil, Brent",($/bbl),39.9
2020-06,"Crude oil, Dubai",($/bbl),40.1
2020-06,"Crude oil, WTI",($/bbl),38.299999999999997
2020-06,"Coal, Australian",($/mt),52.2
2020-06,"Coal, South African **",($/mt),56.8
2020-06,"Natural gas, US",($/mmbtu),1.61
2020-06,"Natural gas, Europe",($/mmbtu),1.75
2020-06,"Liquefied natural gas, Japan",($/mmbtu),8.9700000000000006
2020-06,Natural gas index,(2010=100),34
2020-06,Cocoa,($/kg),2.23
2020-06,"Coffee, Arabica",($/kg),3.12
2020-06,"Coffee, Robusta",($/kg),1.42
2020-06,"Tea, avg 3 auctions",($/kg),2.84
2020-06,"Tea, Colombo",($/kg),3.3
2020-06,"Tea, Kolkata",($/kg),3.35
2020-06,"Tea, Mombasa",($/kg),1.86
2020-06,Coconut oil,($/mt),916
2020-06,Groundnuts,($/mt),2050
2020-06,Fish meal,($/mt),1451
2020-06,Groundnut oil **,($/mt),1713
2020-06,Palm oil,($/mt),656
2020-06,Palm kernel oil,($/mt),725
2020-06,Soybeans,($/mt),370
2020-06,Soybean oil,($/mt),756
2020-06,Soybean meal,($/mt),345
2020-06,Rapeseed oil,($/mt),851
2020-06,Sunflower oil,($/mt),788
2020-06,Barley,($/mt),80.400000000000006
2020-06,Maize,($/mt),148
2020-06,Sorghum,($/mt),170.9
2020-06,"Rice, Thai 5%",($/mt),520
2020-06,"Rice, Thai 25%",($/mt),501
2020-06,"Rice, Thai A.1",($/mt),493.6
2020-06,"Rice, Viet Namese 5%",($/mt),449.5
2020-06,"Wheat, US SRW",($/mt),200.5
2020-06,"Wheat, US HRW",($/mt),198.4
2020-06,"Banana, Europe",($/kg),0.9
2020-06,"Banana, US",($/kg),1.3
2020-06,Orange,($/kg),0.65
2020-06,Beef **,($/kg),5.0999999999999996
2020-06,Chicken **,($/kg),1.57
2020-06,Lamb **,($/kg),5.77
2020-06,"Shrimps, Mexican",($/kg),12.13
2020-06,"Sugar, EU",($/kg),0.37
2020-06,"Sugar, US",($/kg),0.56999999999999995
2020-06,"Sugar, world",($/kg),0.27
2020-06,"Tobacco, US import u.v.",($/mt),4402
2020-06,"Logs, Cameroon",($/cubic meter),393.9
2020-06,"Logs, Malaysian",($/cubic meter),276.7
2020-06,"Sawnwood, Cameroon",($/cubic meter),599.9
2020-06,"Sawnwood, Malaysian",($/cubic meter),682.4
2020-06,Plywood,(cents/sheet),507.5
2020-06,"Cotton, A Index",($/kg),1.49
2020-06,"Rubber, TSR20 **",($/kg),1.17
2020-06,"Rubber, RSS3",($/kg),1.4
2020-06,Phosphate rock,($/mt),75
2020-06,DAP,($/mt),273
2020-06,TSP,($/mt),240
2020-06,Urea,($/mt),202
2020-06,Potassium chloride **,($/mt),226.3
2020-06,Aluminum,($/mt),1569
2020-06,"Iron ore, cfr spot",($/dmtu),103.3
2020-06,Copper,($/mt),5755
2020-06,Lead,($/mt),1745
2020-06,Tin,($/mt),16838
2020-06,Nickel,($/mt),12727
2020-06,Zinc,($/mt),2026
2020-06,Gold,($/troy oz),1732
2020-06,Platinum,($/troy oz),821
2020-06,Silver,($/troy oz),17.7
2020-07,"Crude oil, average",($/bbl),42.1
2020-07,"Crude oil, Brent",($/bbl),42.8
2020-07,"Crude oil, Dubai",($/bbl),42.6
2020-07,"Crude oil, WTI",($/bbl),40.799999999999997
2020-07,"Coal, Australian",($/mt),51.6
2020-07,"Coal, South African **",($/mt),56.6
2020-07,"Natural gas, US",($/mmbtu),1.74
2020-07,"Natural gas, Europe",($/mmbtu),1.8
2020-07,"Liquefied natural gas, Japan",($/mmbtu),7.79
2020-07,Natural gas index,(2010=100),34.9
2020-07,Cocoa,($/kg),2.1
2020-07,"Coffee, Arabica",($/kg),3.24
2020-07,"Coffee, Robusta",($/kg),1.49
2020-07,"Tea, avg 3 auctions",($/kg),3.04
2020-07,"Tea, Colombo",($/kg),3.32
2020-07,"Tea, Kolkata",($/kg),3.99
2020-07,"Tea, Mombasa",($/kg),1.81
2020-07,Coconut oil,($/mt),888
2020-07,Groundnuts,($/mt),1985
2020-07,Fish meal,($/mt),1487
2020-07,Groundnut oil **,($/mt),1877
2020-07,Palm oil,($/mt),694
2020-07,Palm kernel oil,($/mt),684
2020-07,Soybeans,($/mt),381
2020-07,Soybean oil,($/mt),821
2020-07,Soybean meal,($/mt),355
2020-07,Rapeseed oil,($/mt),890
2020-07,Sunflower oil,($/mt),833
2020-07,Barley,($/mt),80.400000000000006
2020-07,Maize,($/mt),152.6
2020-07,Sorghum,($/mt),174.9
2020-07,"Rice, Thai 5%",($/mt),480
2020-07,"Rice, Thai 25%",($/mt),467
2020-07,"Rice, Thai A.1",($/mt),459.7
2020-07,"Rice, Viet Namese 5%",($/mt),444.2
2020-07,"Wheat, US SRW",($/mt),212.7
2020-07,"Wheat, US HRW",($/mt),222.1
2020-07,"Banana, Europe",($/kg),0.86
2020-07,"Banana, US",($/kg),1.27
2020-07,Orange,($/kg),0.66
2020-07,Beef **,($/kg),4.7
2020-07,Chicken **,($/kg),1.52
2020-07,Lamb **,($/kg),5.61
2020-07,"Shrimps, Mexican",($/kg),12.52
2020-07,"Sugar, EU",($/kg),0.37
2020-07,"Sugar, US",($/kg),0.59
2020-07,"Sugar, world",($/kg),0.27
2020-07,"Tobacco, US import u.v.",($/mt),4384
2020-07,"Logs, Cameroon",($/cubic meter),401.1
2020-07,"Logs, Malaysian",($/cubic meter),278.89999999999998
2020-07,"Sawnwood, Cameroon",($/cubic meter),606.79999999999995
2020-07,"Sawnwood, Malaysian",($/cubic meter),690.2
2020-07,Plywood,(cents/sheet),511.5
2020-07,"Cotton, A Index",($/kg),1.51
2020-07,"Rubber, TSR20 **",($/kg),1.2
2020-07,"Rubber, RSS3",($/kg),1.48
2020-07,Phosphate rock,($/mt),75
2020-07,DAP,($/mt),305.10000000000002
2020-07,TSP,($/mt),262.2
2020-07,Urea,($/mt),214.4
2020-07,Potassium chloride **,($/mt),237.5
2020-07,Aluminum,($/mt),1644
2020-07,"Iron ore, cfr spot",($/dmtu),108.5
2020-07,Copper,($/mt),6372
2020-07,Lead,($/mt),1818
2020-07,Tin,($/mt),17470
2020-07,Nickel,($/mt),13402
2020-07,Zinc,($/mt),2177
2020-07,Gold,($/troy oz),1847
2020-07,Platinum,($/troy oz),865
2020-07,Silver,($/troy oz),20.6
2020-08,"Crude oil, average",($/bbl),43.4
2020-08,"Crude oil, Brent",($/bbl),44.3
2020-08,"Crude oil, Dubai",($/bbl),43.7
2020-08,"Crude oil, WTI",($/bbl),42.4
2020-08,"Coal, Australian",($/mt),50.1
2020-08,"Coal, South African **",($/mt),57.4
2020-08,"Natural gas, US",($/mmbtu),2.2999999999999998
2020-08,"Natural gas, Europe",($/mmbtu),2.86
2020-08,"Liquefied natural gas, Japan",($/mmbtu),6.34
2020-08,Natural gas index,(2010=100),45.9
2020-08,Cocoa,($/kg),2.35
2020-08,"Coffee, Arabica",($/kg),3.6
2020-08,"Coffee, Robusta",($/kg),1.6
2020-08,"Tea, avg 3 auctions",($/kg),3.15
2020-08,"Tea, Colombo",($/kg),3.37
2020-08,"Tea, Kolkata",($/kg),4.07
2020-08,"Tea, Mombasa",($/kg),2
2020-08,Coconut oil,($/mt),981
2020-08,Groundnuts,($/mt),1930
2020-08,Fish meal,($/mt),1480
2020-08,Groundnut oil **,($/mt),1877
2020-08,Palm oil,($/mt),760
2020-08,Palm kernel oil,($/mt),739
2020-08,Soybeans,($/mt),385
2020-08,Soybean oil,($/mt),867
2020-08,Soybean meal,($/mt),375
2020-08,Rapeseed oil,($/mt),922
2020-08,Sunflower oil,($/mt),877
2020-08,Barley,($/mt),80.400000000000006
2020-08,Maize,($/mt),149.30000000000001
2020-08,Sorghum,($/mt),189.5
2020-08,"Rice, Thai 5%",($/mt),505
2020-08,"Rice, Thai 25%",($/mt),486
2020-08,"Rice, Thai A.1",($/mt),480.9
2020-08,"Rice, Viet Namese 5%",($/mt),448.9
2020-08,"Wheat, US SRW",($/mt),208.9
2020-08,"Wheat, US HRW",($/mt),223
2020-08,"Banana, Europe",($/kg),0.9
2020-08,"Banana, US",($/kg),1.25
2020-08,Orange,($/kg),0.62
2020-08,Beef **,($/kg),4.63
2020-08,Chicken **,($/kg),1.5
2020-08,Lamb **,($/kg),6.15
2020-08,"Shrimps, Mexican",($/kg),12.57
2020-08,"Sugar, EU",($/kg),0.39
2020-08,"Sugar, US",($/kg),0.6
2020-08,"Sugar, world",($/kg),0.28999999999999998
2020-08,"Tobacco, US import u.v.",($/mt),4353
2020-08,"Logs, Cameroon",($/cubic meter),414
2020-08,"Logs, Malaysian",($/cubic meter),280.8
2020-08,"Sawnwood, Cameroon",($/cubic meter),629.1
2020-08,"Sawnwood, Malaysian",($/cubic meter),715.6
2020-08,Plywood,(cents/sheet),515
2020-08,"Cotton, A Index",($/kg),1.54
2020-08,"Rubber, TSR20 **",($/kg),1.32
2020-08,"Rubber, RSS3",($/kg),1.7
2020-08,Phosphate rock,($/mt),76.900000000000006
2020-08,DAP,($/mt),341.9
2020-08,TSP,($/mt),276.3
2020-08,Urea,($/mt),249.5
2020-08,Potassium chloride **,($/mt),240.4
2020-08,Aluminum,($/mt),1737
2020-08,"Iron ore, cfr spot",($/dmtu),121.1
2020-08,Copper,($/mt),6499
2020-08,Lead,($/mt),1936
2020-08,Tin,($/mt),17650
2020-08,Nickel,($/mt),14538
2020-08,Zinc,($/mt),2410
2020-08,Gold,($/troy oz),1969
2020-08,Platinum,($/troy oz),940
2020-08,Silver,($/troy oz),27
2020-09,"Crude oil, average",($/bbl),40.6
2020-09,"Crude oil, Brent",($/bbl),41.1
2020-09,"Crude oil, Dubai",($/bbl),41.1
2020-09,"Crude oil, WTI",($/bbl),39.6
2020-09,"Coal, Australian",($/mt),54.6
2020-09,"Coal, South African **",($/mt),57.5
2020-09,"Natural gas, US",($/mmbtu),1.92
2020-09,"Natural gas, Europe",($/mmbtu),3.95
2020-09,"Liquefied natural gas, Japan",($/mmbtu),5.88
2020-09,Natural gas index,(2010=100),46.1
2020-09,Cocoa,($/kg),2.46
2020-09,"Coffee, Arabica",($/kg),3.67
2020-09,"Coffee, Robusta",($/kg),1.6
2020-09,"Tea, avg 3 auctions",($/kg),3.08
2020-09,"Tea, Colombo",($/kg),3.35
2020-09,"Tea, Kolkata",($/kg),3.86
2020-09,"Tea, Mombasa",($/kg),2.0299999999999998
2020-09,Coconut oil,($/mt),1034
2020-09,Groundnuts,($/mt),1664
2020-09,Fish meal,($/mt),1471
2020-09,Groundnut oil **,($/mt),1881
2020-09,Palm oil,($/mt),796
2020-09,Palm kernel oil,($/mt),768
2020-09,Soybeans,($/mt),423
2020-09,Soybean oil,($/mt),906
2020-09,Soybean meal,($/mt),408
2020-09,Rapeseed oil,($/mt),938
2020-09,Sunflower oil,($/mt),982
2020-09,Barley,($/mt),80.400000000000006
2020-09,Maize,($/mt),166.1
2020-09,Sorghum,($/mt),189.6
2020-09,"Rice, Thai 5%",($/mt),507
2020-09,"Rice, Thai 25%",($/mt),488
2020-09,"Rice, Thai A.1",($/mt),483
2020-09,"Rice, Viet Namese 5%",($/mt),462.7
2020-09,"Wheat, US SRW",($/mt),219.7
2020-09,"Wheat, US HRW",($/mt),247.7
2020-09,"Banana, Europe",($/kg),0.91
2020-09,"Banana, US",($/kg),1.24
2020-09,Orange,($/kg),0.61
2020-09,Beef **,($/kg),4.5999999999999996
2020-09,Chicken **,($/kg),1.47
2020-09,Lamb **,($/kg),6.31
2020-09,"Shrimps, Mexican",($/kg),11.86
2020-09,"Sugar, EU",($/kg),0.39
2020-09,"Sugar, US",($/kg),0.59
2020-09,"Sugar, world",($/kg),0.28000000000000003
2020-09,"Tobacco, US import u.v.",($/mt),4220
2020-09,"Logs, Cameroon",($/cubic meter),412.8
2020-09,"Logs, Malaysian",($/cubic meter),282
2020-09,"Sawnwood, Cameroon",($/cubic meter),621.9
2020-09,"Sawnwood, Malaysian",($/cubic meter),707.4
2020-09,Plywood,(cents/sheet),517.29999999999995
2020-09,"Cotton, A Index",($/kg),1.56
2020-09,"Rubber, TSR20 **",($/kg),1.37
2020-09,"Rubber, RSS3",($/kg),1.86
2020-09,Phosphate rock,($/mt),79.400000000000006
2020-09,DAP,($/mt),358.4
2020-09,TSP,($/mt),282.5
2020-09,Urea,($/mt),250.5
2020-09,Potassium chloride **,($/mt),247.8
2020-09,Aluminum,($/mt),1744
2020-09,"Iron ore, cfr spot",($/dmtu),123.8
2020-09,Copper,($/mt),6705
2020-09,Lead,($/mt),1873
2020-09,Tin,($/mt),17951
2020-09,Nickel,($/mt),14857
2020-09,Zinc,($/mt),2442
2020-09,Gold,($/troy oz),1922
2020-09,Platinum,($/troy oz),908
2020-09,Silver,($/troy oz),25.7
2020-10,"Crude oil, average",($/bbl),39.9
2020-10,"Crude oil, Brent",($/bbl),40.5
2020-10,"Crude oil, Dubai",($/bbl),39.700000000000003
2020-10,"Crude oil, WTI",($/bbl),39.5
2020-10,"Coal, Australian",($/mt),58.4
2020-10,"Coal, South African **",($/mt),61
2020-10,"Natural gas, US",($/mmbtu),2.25
2020-10,"Natural gas, Europe",($/mmbtu),4.8899999999999997
2020-10,"Liquefied natural gas, Japan",($/mmbtu),6.18
2020-10,Natural gas index,(2010=100),54.7
2020-10,Cocoa,($/kg),2.29
2020-10,"Coffee, Arabica",($/kg),3.35
2020-10,"Coffee, Robusta",($/kg),1.51
2020-10,"Tea, avg 3 auctions",($/kg),3
2020-10,"Tea, Colombo",($/kg),3.51
2020-10,"Tea, Kolkata",($/kg),3.5
2020-10,"Tea, Mombasa",($/kg),1.98
2020-10,Coconut oil,($/mt),1118
2020-10,Groundnuts,($/mt),1533
2020-10,Fish meal,($/mt),1438
2020-10,Groundnut oil **,($/mt),1878
2020-10,Palm oil,($/mt),819
2020-10,Palm kernel oil,($/mt),806
2020-10,Soybeans,($/mt),454
2020-10,Soybean oil,($/mt),915
2020-10,Soybean meal,($/mt),466
2020-10,Rapeseed oil,($/mt),928
2020-10,Sunflower oil,($/mt),981
2020-10,Barley,($/mt),80.5
2020-10,Maize,($/mt),186.7
2020-10,Sorghum,($/mt),189.6
2020-10,"Rice, Thai 5%",($/mt),471
2020-10,"Rice, Thai 25%",($/mt),463
2020-10,"Rice, Thai A.1",($/mt),454.5
2020-10,"Rice, Viet Namese 5%",($/mt),459.2
2020-10,"Wheat, US SRW",($/mt),245.2
2020-10,"Wheat, US HRW",($/mt),272.39999999999998
2020-10,"Banana, Europe",($/kg),0.9
2020-10,"Banana, US",($/kg),1.1299999999999999
2020-10,Orange,($/kg),0.61
2020-10,Beef **,($/kg),4.42
2020-10,Chicken **,($/kg),1.5
2020-10,Lamb **,($/kg),6.7
2020-10,"Shrimps, Mexican",($/kg),11.35
2020-10,"Sugar, EU",($/kg),0.38
2020-10,"Sugar, US",($/kg),0.61
2020-10,"Sugar, world",($/kg),0.3
2020-10,"Tobacco, US import u.v.",($/mt),4245
2020-10,"Logs, Cameroon",($/cubic meter),412
2020-10,"Logs, Malaysian",($/cubic meter),283
2020-10,"Sawnwood, Cameroon",($/cubic meter),621.70000000000005
2020-10,"Sawnwood, Malaysian",($/cubic meter),707.1
2020-10,Plywood,(cents/sheet),519.1
2020-10,"Cotton, A Index",($/kg),1.65
2020-10,"Rubber, TSR20 **",($/kg),1.53
2020-10,"Rubber, RSS3",($/kg),2.19
2020-10,Phosphate rock,($/mt),80
2020-10,DAP,($/mt),357.1
2020-10,TSP,($/mt),290
2020-10,Urea,($/mt),245
2020-10,Potassium chloride **,($/mt),255
2020-10,Aluminum,($/mt),1806
2020-10,"Iron ore, cfr spot",($/dmtu),119.8
2020-10,Copper,($/mt),6714
2020-10,Lead,($/mt),1776
2020-10,Tin,($/mt),18177
2020-10,Nickel,($/mt),15239
2020-10,Zinc,($/mt),2441
2020-10,Gold,($/troy oz),1900
2020-10,Platinum,($/troy oz),876
2020-10,Silver,($/troy oz),24.2
2020-11,"Crude oil, average",($/bbl),42.3
2020-11,"Crude oil, Brent",($/bbl),43.2
2020-11,"Crude oil, Dubai",($/bbl),42.6
2020-11,"Crude oil, WTI",($/bbl),41.1
2020-11,"Coal, Australian",($/mt),64.400000000000006
2020-11,"Coal, South African **",($/mt),69.400000000000006
2020-11,"Natural gas, US",($/mmbtu),2.59
2020-11,"Natural gas, Europe",($/mmbtu),4.84
2020-11,"Liquefied natural gas, Japan",($/mmbtu),6.86
2020-11,Natural gas index,(2010=100),59.1
2020-11,Cocoa,($/kg),2.36
2020-11,"Coffee, Arabica",($/kg),3.32
2020-11,"Coffee, Robusta",($/kg),1.6
2020-11,"Tea, avg 3 auctions",($/kg),2.78
2020-11,"Tea, Colombo",($/kg),3.47
2020-11,"Tea, Kolkata",($/kg),2.88
2020-11,"Tea, Mombasa",($/kg),1.99
2020-11,Coconut oil,($/mt),1369
2020-11,Groundnuts,($/mt),1607
2020-11,Fish meal,($/mt),1443
2020-11,Groundnut oil **,($/mt),1879
2020-11,Palm oil,($/mt),918
2020-11,Palm kernel oil,($/mt),1073
2020-11,Soybeans,($/mt),500
2020-11,Soybean oil,($/mt),974
2020-11,Soybean meal,($/mt),496
2020-11,Rapeseed oil,($/mt),1048
2020-11,Sunflower oil,($/mt),1109
2020-11,Barley,($/mt),82.9
2020-11,Maize,($/mt),190.4
2020-11,Sorghum,($/mt),190.2
2020-11,"Rice, Thai 5%",($/mt),489
2020-11,"Rice, Thai 25%",($/mt),480
2020-11,"Rice, Thai A.1",($/mt),468.5
2020-11,"Rice, Viet Namese 5%",($/mt),469.5
2020-11,"Wheat, US SRW",($/mt),247.9
2020-11,"Wheat, US HRW",($/mt),273
2020-11,"Banana, Europe",($/kg),0.89
2020-11,"Banana, US",($/kg),1.1299999999999999
2020-11,Orange,($/kg),0.65
2020-11,Beef **,($/kg),4.4000000000000004
2020-11,Chicken **,($/kg),1.7
2020-11,Lamb **,($/kg),7.29
2020-11,"Shrimps, Mexican",($/kg),11.53
2020-11,"Sugar, EU",($/kg),0.39
2020-11,"Sugar, US",($/kg),0.65
2020-11,"Sugar, world",($/kg),0.31
2020-11,"Tobacco, US import u.v.",($/mt),4222
2020-11,"Logs, Cameroon",($/cubic meter),414.3
2020-11,"Logs, Malaysian",($/cubic meter),285.2
2020-11,"Sawnwood, Cameroon",($/cubic meter),633
2020-11,"Sawnwood, Malaysian",($/cubic meter),719.9
2020-11,Plywood,(cents/sheet),523.1
2020-11,"Cotton, A Index",($/kg),1.71
2020-11,"Rubber, TSR20 **",($/kg),1.56
2020-11,"Rubber, RSS3",($/kg),2.2999999999999998
2020-11,Phosphate rock,($/mt),82.5
2020-11,DAP,($/mt),359.6
2020-11,TSP,($/mt),292.5
2020-11,Urea,($/mt),245
2020-11,Potassium chloride **,($/mt),250
2020-11,Aluminum,($/mt),1935
2020-11,"Iron ore, cfr spot",($/dmtu),124.4
2020-11,Copper,($/mt),7069
2020-11,Lead,($/mt),1916
2020-11,Tin,($/mt),18522
2020-11,Nickel,($/mt),15808
2020-11,Zinc,($/mt),2672
2020-11,Gold,($/troy oz),1866
2020-11,Platinum,($/troy oz),912
2020-11,Silver,($/troy oz),24.1
2020-12,"Crude oil, average",($/bbl),48.7
2020-12,"Crude oil, Brent",($/bbl),49.9
2020-12,"Crude oil, Dubai",($/bbl),49.3
2020-12,"Crude oil, WTI",($/bbl),47.1
2020-12,"Coal, Australian",($/mt),83
2020-12,"Coal, South African **",($/mt),85.2
2020-12,"Natural gas, US",($/mmbtu),2.54
2020-12,"Natural gas, Europe",($/mmbtu),5.86
2020-12,"Liquefied natural gas, Japan",($/mmbtu),7.66
2020-12,Natural gas index,(2010=100),63.9
2020-12,Cocoa,($/kg),2.41
2020-12,"Coffee, Arabica",($/kg),3.48
2020-12,"Coffee, Robusta",($/kg),1.59
2020-12,"Tea, avg 3 auctions",($/kg),2.65
2020-12,"Tea, Colombo",($/kg),3.41
2020-12,"Tea, Kolkata",($/kg),2.6
2020-12,"Tea, Mombasa",($/kg),1.94
2020-12,Coconut oil,($/mt),1465
2020-12,Groundnuts,($/mt),1938
2020-12,Fish meal,($/mt),1498
2020-12,Groundnut oil **,($/mt),1977
2020-12,Palm oil,($/mt),1016
2020-12,Palm kernel oil,($/mt),1225
2020-12,Soybeans,($/mt),511
2020-12,Soybean oil,($/mt),1026
2020-12,Soybean meal,($/mt),495
2020-12,Rapeseed oil,($/mt),1098
2020-12,Sunflower oil,($/mt),1170
2020-12,Barley,($/mt),85.6
2020-12,Maize,($/mt),198.8
2020-12,Sorghum,($/mt),191.2
2020-12,"Rice, Thai 5%",($/mt),520
2020-12,"Rice, Thai 25%",($/mt),508
2020-12,"Rice, Thai A.1",($/mt),496.6
2020-12,"Rice, Viet Namese 5%",($/mt),477.4
2020-12,"Wheat, US SRW",($/mt),251.2
2020-12,"Wheat, US HRW",($/mt),268.60000000000002
2020-12,"Banana, Europe",($/kg),0.92
2020-12,"Banana, US",($/kg),1.1499999999999999
2020-12,Orange,($/kg),0.64
2020-12,Beef **,($/kg),4.4000000000000004
2020-12,Chicken **,($/kg),1.81
2020-12,Lamb **,($/kg),7.09
2020-12,"Shrimps, Mexican",($/kg),11.68
2020-12,"Sugar, EU",($/kg),0.4
2020-12,"Sugar, US",($/kg),0.63
2020-12,"Sugar, world",($/kg),0.31
2020-12,"Tobacco, US import u.v.",($/mt),4200
2020-12,"Logs, Cameroon",($/cubic meter),425.8
2020-12,"Logs, Malaysian",($/cubic meter),286.89999999999998
2020-12,"Sawnwood, Cameroon",($/cubic meter),643.9
2020-12,"Sawnwood, Malaysian",($/cubic meter),732.4
2020-12,Plywood,(cents/sheet),526.20000000000005
2020-12,"Cotton, A Index",($/kg),1.79
2020-12,"Rubber, TSR20 **",($/kg),1.57
2020-12,"Rubber, RSS3",($/kg),2.33
2020-12,Phosphate rock,($/mt),83.3
2020-12,DAP,($/mt),388.5
2020-12,TSP,($/mt),320
2020-12,Urea,($/mt),245
2020-12,Potassium chloride **,($/mt),246.3
2020-12,Aluminum,($/mt),2015
2020-12,"Iron ore, cfr spot",($/dmtu),155.4
2020-12,Copper,($/mt),7772
2020-12,Lead,($/mt),2020
2020-12,Tin,($/mt),19732
2020-12,Nickel,($/mt),16823
2020-12,Zinc,($/mt),2780
2020-12,Gold,($/troy oz),1858
2020-12,Platinum,($/troy oz),1028
2020-12,Silver,($/troy oz),25
2021-01,"Crude oil, average",($/bbl),53.6
2021-01,"Crude oil, Brent",($/bbl),54.6
2021-01,"Crude oil, Dubai",($/bbl),54.2
2021-01,"Crude oil, WTI",($/bbl),52.1
2021-01,"Coal, Australian",($/mt),86.8
2021-01,"Coal, South African **",($/mt),86.9
2021-01,"Natural gas, US",($/mmbtu),2.67
2021-01,"Natural gas, Europe",($/mmbtu),7.27
2021-01,"Liquefied natural gas, Japan",($/mmbtu),9
2021-01,Natural gas index,(2010=100),73
2021-01,Cocoa,($/kg),2.39
2021-01,"Coffee, Arabica",($/kg),3.54
2021-01,"Coffee, Robusta",($/kg),1.56
2021-01,"Tea, avg 3 auctions",($/kg),2.68
2021-01,"Tea, Colombo",($/kg),3.39
2021-01,"Tea, Kolkata",($/kg),2.62
2021-01,"Tea, Mombasa",($/kg),2.0299999999999998
2021-01,Coconut oil,($/mt),1463
2021-01,Groundnuts,($/mt),1893
2021-01,Fish meal,($/mt),1496
2021-01,Groundnut oil **,($/mt),1989
2021-01,Palm oil,($/mt),990
2021-01,Palm kernel oil,($/mt),1368
2021-01,Soybeans,($/mt),576
2021-01,Soybean oil,($/mt),1099
2021-01,Soybean meal,($/mt),562
2021-01,Rapeseed oil,($/mt),1141
2021-01,Sunflower oil,($/mt),1276
2021-01,Barley,($/mt),90.3
2021-01,Maize,($/mt),234.5
2021-01,Sorghum,($/mt),195.8
2021-01,"Rice, Thai 5%",($/mt),545
2021-01,"Rice, Thai 25%",($/mt),528
2021-01,"Rice, Thai A.1",($/mt),517.79999999999995
2021-01,"Rice, Viet Namese 5%",($/mt),491
2021-01,"Wheat, US SRW",($/mt),276.39999999999998
2021-01,"Wheat, US HRW",($/mt),289.3
2021-01,"Banana, Europe",($/kg),0.94
2021-01,"Banana, US",($/kg),1.24
2021-01,Orange,($/kg),0.63
2021-01,Beef **,($/kg),4.46
2021-01,Chicken **,($/kg),1.81
2021-01,Lamb **,($/kg),7.28
2021-01,"Shrimps, Mexican",($/kg),11.75
2021-01,"Sugar, EU",($/kg),0.4
2021-01,"Sugar, US",($/kg),0.63
2021-01,"Sugar, world",($/kg),0.34
2021-01,"Tobacco, US import u.v.",($/mt),4157
2021-01,"Logs, Cameroon",($/cubic meter),426.1
2021-01,"Logs, Malaysian",($/cubic meter),287
2021-01,"Sawnwood, Cameroon",($/cubic meter),653.79999999999995
2021-01,"Sawnwood, Malaysian",($/cubic meter),743.6
2021-01,Plywood,(cents/sheet),526.4
2021-01,"Cotton, A Index",($/kg),1.92
2021-01,"Rubber, TSR20 **",($/kg),1.59
2021-01,"Rubber, RSS3",($/kg),2.2999999999999998
2021-01,Phosphate rock,($/mt),85
2021-01,DAP,($/mt),421.3
2021-01,TSP,($/mt),337.6
2021-01,Urea,($/mt),265
2021-01,Potassium chloride **,($/mt),255.5
2021-01,Aluminum,($/mt),2004
2021-01,"Iron ore, cfr spot",($/dmtu),169.6
2021-01,Copper,($/mt),7972
2021-01,Lead,($/mt),2015
2021-01,Tin,($/mt),21920
2021-01,Nickel,($/mt),17863
2021-01,Zinc,($/mt),2705
2021-01,Gold,($/troy oz),1867
2021-01,Platinum,($/troy oz),1091
2021-01,Silver,($/troy oz),25.9
2021-02,"Crude oil, average",($/bbl),60.5
2021-02,"Crude oil, Brent",($/bbl),62
2021-02,"Crude oil, Dubai",($/bbl),60.4
2021-02,"Crude oil, WTI",($/bbl),59.1
2021-02,"Coal, Australian",($/mt),86.7
2021-02,"Coal, South African **",($/mt),82.8
2021-02,"Natural gas, US",($/mmbtu),5.07
2021-02,"Natural gas, Europe",($/mmbtu),6.16
2021-02,"Liquefied natural gas, Japan",($/mmbtu),9.8800000000000008
2021-02,Natural gas index,(2010=100),97.5
2021-02,Cocoa,($/kg),2.41
2021-02,"Coffee, Arabica",($/kg),3.67
2021-02,"Coffee, Robusta",($/kg),1.62
2021-02,"Tea, avg 3 auctions",($/kg),2.56
2021-02,"Tea, Colombo",($/kg),3.32
2021-02,"Tea, Kolkata",($/kg),2.33
2021-02,"Tea, Mombasa",($/kg),2.02
2021-02,Coconut oil,($/mt),1445
2021-02,Groundnuts,($/mt),1875
2021-02,Fish meal,($/mt),1479
2021-02,Groundnut oil **,($/mt),1993
2021-02,Palm oil,($/mt),1020
2021-02,Palm kernel oil,($/mt),1360
2021-02,Soybeans,($/mt),578
2021-02,Soybean oil,($/mt),1124
2021-02,Soybean meal,($/mt),548
2021-02,Rapeseed oil,($/mt),1272
2021-02,Sunflower oil,($/mt),1363
2021-02,Barley,($/mt),94.8
2021-02,Maize,($/mt),245.2
2021-02,Sorghum,($/mt),200.2
2021-02,"Rice, Thai 5%",($/mt),557
2021-02,"Rice, Thai 25%",($/mt),542
2021-02,"Rice, Thai A.1",($/mt),531
2021-02,"Rice, Viet Namese 5%",($/mt),500.5
2021-02,"Wheat, US SRW",($/mt),276.60000000000002
2021-02,"Wheat, US HRW",($/mt),289.39999999999998
2021-02,"Banana, Europe",($/kg),0.95
2021-02,"Banana, US",($/kg),1.22
2021-02,Orange,($/kg),0.57999999999999996
2021-02,Beef **,($/kg),4.66
2021-02,Chicken **,($/kg),1.81
2021-02,Lamb **,($/kg),7.45
2021-02,"Shrimps, Mexican",($/kg),11.93
2021-02,"Sugar, EU",($/kg),0.4
2021-02,"Sugar, US",($/kg),0.66
2021-02,"Sugar, world",($/kg),0.36
2021-02,"Tobacco, US import u.v.",($/mt),4185
2021-02,"Logs, Cameroon",($/cubic meter),423.4
2021-02,"Logs, Malaysian",($/cubic meter),282.5
2021-02,"Sawnwood, Cameroon",($/cubic meter),664
2021-02,"Sawnwood, Malaysian",($/cubic meter),755.3
2021-02,Plywood,(cents/sheet),518.20000000000005
2021-02,"Cotton, A Index",($/kg),2.0499999999999998
2021-02,"Rubber, TSR20 **",($/kg),1.68
2021-02,"Rubber, RSS3",($/kg),2.35
2021-02,Phosphate rock,($/mt),88.1
2021-02,DAP,($/mt),528.9
2021-02,TSP,($/mt),453.8
2021-02,Urea,($/mt),335
2021-02,Potassium chloride **,($/mt),290.60000000000002
2021-02,Aluminum,($/mt),2079
2021-02,"Iron ore, cfr spot",($/dmtu),163.80000000000001
2021-02,Copper,($/mt),8471
2021-02,Lead,($/mt),2080
2021-02,Tin,($/mt),26316
2021-02,Nickel,($/mt),18584
2021-02,Zinc,($/mt),2745
2021-02,Gold,($/troy oz),1808
2021-02,Platinum,($/troy oz),1207
2021-02,Silver,($/troy oz),27.3
2021-03,"Crude oil, average",($/bbl),63.8
2021-03,"Crude oil, Brent",($/bbl),65.2
2021-03,"Crude oil, Dubai",($/bbl),64
2021-03,"Crude oil, WTI",($/bbl),62.4
2021-03,"Coal, Australian",($/mt),94.9
2021-03,"Coal, South African **",($/mt),90.7
2021-03,"Natural gas, US",($/mmbtu),2.56
2021-03,"Natural gas, Europe",($/mmbtu),6.13
2021-03,"Liquefied natural gas, Japan",($/mmbtu),7.9
2021-03,Natural gas index,(2010=100),65.599999999999994
2021-03,Cocoa,($/kg),2.46
2021-03,"Coffee, Arabica",($/kg),3.68
2021-03,"Coffee, Robusta",($/kg),1.63
2021-03,"Tea, avg 3 auctions",($/kg),2.4300000000000002
2021-03,"Tea, Colombo",($/kg),3.27
2021-03,"Tea, Kolkata",($/kg),2.02
2021-03,"Tea, Mombasa",($/kg),2
2021-03,Coconut oil,($/mt),1541
2021-03,Groundnuts,($/mt),1623
2021-03,Fish meal,($/mt),1476
2021-03,Groundnut oil **,($/mt),2006
2021-03,Palm oil,($/mt),1030
2021-03,Palm kernel oil,($/mt),1479
2021-03,Soybeans,($/mt),586
2021-03,Soybean oil,($/mt),1285
2021-03,Soybean meal,($/mt),484
2021-03,Rapeseed oil,($/mt),1322
2021-03,Sunflower oil,($/mt),1611
2021-03,Barley,($/mt),98.6
2021-03,Maize,($/mt),245.2
2021-03,Sorghum,($/mt),203.3
2021-03,"Rice, Thai 5%",($/mt),525
2021-03,"Rice, Thai 25%",($/mt),515
2021-03,"Rice, Thai A.1",($/mt),504.1
2021-03,"Rice, Viet Namese 5%",($/mt),498.4
2021-03,"Wheat, US SRW",($/mt),272.60000000000002
2021-03,"Wheat, US HRW",($/mt),273.10000000000002
2021-03,"Banana, Europe",($/kg),0.95
2021-03,"Banana, US",($/kg),1.23
2021-03,Orange,($/kg),0.6
2021-03,Beef **,($/kg),4.72
2021-03,Chicken **,($/kg),1.89
2021-03,Lamb **,($/kg),7.99
2021-03,"Shrimps, Mexican",($/kg),12.28
2021-03,"Sugar, EU",($/kg),0.39
2021-03,"Sugar, US",($/kg),0.67
2021-03,"Sugar, world",($/kg),0.34
2021-03,"Tobacco, US import u.v.",($/mt),4202
2021-03,"Logs, Cameroon",($/cubic meter),416.6
2021-03,"Logs, Malaysian",($/cubic meter),273.8
2021-03,"Sawnwood, Cameroon",($/cubic meter),664.2
2021-03,"Sawnwood, Malaysian",($/cubic meter),755.5
2021-03,Plywood,(cents/sheet),502.3
2021-03,"Cotton, A Index",($/kg),2.02
2021-03,"Rubber, TSR20 **",($/kg),1.74
2021-03,"Rubber, RSS3",($/kg),2.37
2021-03,Phosphate rock,($/mt),96.3
2021-03,DAP,($/mt),534.1
2021-03,TSP,($/mt),458
2021-03,Urea,($/mt),352.9
2021-03,Potassium chloride **,($/mt),320.89999999999998
2021-03,Aluminum,($/mt),2190
2021-03,"Iron ore, cfr spot",($/dmtu),168.2
2021-03,Copper,($/mt),8988
2021-03,Lead,($/mt),1948
2021-03,Tin,($/mt),27061
2021-03,Nickel,($/mt),16407
2021-03,Zinc,($/mt),2792
2021-03,Gold,($/troy oz),1718
2021-03,Platinum,($/troy oz),1181
2021-03,Silver,($/troy oz),25.6
2021-04,"Crude oil, average",($/bbl),63
2021-04,"Crude oil, Brent",($/bbl),64.8
2021-04,"Crude oil, Dubai",($/bbl),62.4
2021-04,"Crude oil, WTI",($/bbl),61.7
2021-04,"Coal, Australian",($/mt),92.2
2021-04,"Coal, South African **",($/mt),89.1
2021-04,"Natural gas, US",($/mmbtu),2.61
2021-04,"Natural gas, Europe",($/mmbtu),7.15
2021-04,"Liquefied natural gas, Japan",($/mmbtu),8.2799999999999994
2021-04,Natural gas index,(2010=100),71.3
2021-04,Cocoa,($/kg),2.37
2021-04,"Coffee, Arabica",($/kg),3.72
2021-04,"Coffee, Robusta",($/kg),1.64
2021-04,"Tea, avg 3 auctions",($/kg),2.67
2021-04,"Tea, Colombo",($/kg),3.21
2021-04,"Tea, Kolkata",($/kg),2.88
2021-04,"Tea, Mombasa",($/kg),1.92
2021-04,Coconut oil,($/mt),1660
2021-04,Groundnuts,($/mt),1427
2021-04,Fish meal,($/mt),1487
2021-04,Groundnut oil **,($/mt),2021
2021-04,Palm oil,($/mt),1078
2021-04,Palm kernel oil,($/mt),1487
2021-04,Soybeans,($/mt),597
2021-04,Soybean oil,($/mt),1386
2021-04,Soybean meal,($/mt),464
2021-04,Rapeseed oil,($/mt),1312
2021-04,Sunflower oil,($/mt),1573
2021-04,Barley,($/mt),103.5
2021-04,Maize,($/mt),268.2
2021-04,Sorghum,($/mt),208.5
2021-04,"Rice, Thai 5%",($/mt),495
2021-04,"Rice, Thai 25%",($/mt),484
2021-04,"Rice, Thai A.1",($/mt),477.4
2021-04,"Rice, Viet Namese 5%",($/mt),488.2
2021-04,"Wheat, US SRW",($/mt),281.39999999999998
2021-04,"Wheat, US HRW",($/mt),281
2021-04,"Banana, Europe",($/kg),0.96
2021-04,"Banana, US",($/kg),1.23
2021-04,Orange,($/kg),0.59
2021-04,Beef **,($/kg),5.17
2021-04,Chicken **,($/kg),2.2599999999999998
2021-04,Lamb **,($/kg),8.3699999999999992
2021-04,"Shrimps, Mexican",($/kg),12.49
2021-04,"Sugar, EU",($/kg),0.39
2021-04,"Sugar, US",($/kg),0.69
2021-04,"Sugar, world",($/kg),0.36
2021-04,"Tobacco, US import u.v.",($/mt),4219
2021-04,"Logs, Cameroon",($/cubic meter),418.5
2021-04,"Logs, Malaysian",($/cubic meter),272.89999999999998
2021-04,"Sawnwood, Cameroon",($/cubic meter),663.2
2021-04,"Sawnwood, Malaysian",($/cubic meter),754.4
2021-04,Plywood,(cents/sheet),500.6
2021-04,"Cotton, A Index",($/kg),2
2021-04,"Rubber, TSR20 **",($/kg),1.64
2021-04,"Rubber, RSS3",($/kg),2.15
2021-04,Phosphate rock,($/mt),95
2021-04,DAP,($/mt),543.4
2021-04,TSP,($/mt),478
2021-04,Urea,($/mt),328.1
2021-04,Potassium chloride **,($/mt),345.5
2021-04,Aluminum,($/mt),2319
2021-04,"Iron ore, cfr spot",($/dmtu),179.8
2021-04,Copper,($/mt),9325
2021-04,Lead,($/mt),2012
2021-04,Tin,($/mt),28328
2021-04,Nickel,($/mt),16521
2021-04,Zinc,($/mt),2829
2021-04,Gold,($/troy oz),1760
2021-04,Platinum,($/troy oz),1209
2021-04,Silver,($/troy oz),25.7
2021-05,"Crude oil, average",($/bbl),66.400000000000006
2021-05,"Crude oil, Brent",($/bbl),68
2021-05,"Crude oil, Dubai",($/bbl),66
2021-05,"Crude oil, WTI",($/bbl),65.2
2021-05,"Coal, Australian",($/mt),107
2021-05,"Coal, South African **",($/mt),99.3
2021-05,"Natural gas, US",($/mmbtu),2.89
2021-05,"Natural gas, Europe",($/mmbtu),8.91
2021-05,"Liquefied natural gas, Japan",($/mmbtu),8.92
2021-05,Natural gas index,(2010=100),83.5
2021-05,Cocoa,($/kg),2.41
2021-05,"Coffee, Arabica",($/kg),4.1100000000000003
2021-05,"Coffee, Robusta",($/kg),1.76
2021-05,"Tea, avg 3 auctions",($/kg),2.71
2021-05,"Tea, Colombo",($/kg),3.08
2021-05,"Tea, Kolkata",($/kg),3.14
2021-05,"Tea, Mombasa",($/kg),1.92
2021-05,Coconut oil,($/mt),1715
2021-05,Groundnuts,($/mt),1450
2021-05,Fish meal,($/mt),1514
2021-05,Groundnut oil **,($/mt),2072
2021-05,Palm oil,($/mt),1136
2021-05,Palm kernel oil,($/mt),1531
2021-05,Soybeans,($/mt),647
2021-05,Soybean oil,($/mt),1575
2021-05,Soybean meal,($/mt),482
2021-05,Rapeseed oil,($/mt),1531
2021-05,Sunflower oil,($/mt),1585
2021-05,Barley,($/mt),110.4
2021-05,Maize,($/mt),305.3
2021-05,Sorghum,($/mt),217.2
2021-05,"Rice, Thai 5%",($/mt),493
2021-05,"Rice, Thai 25%",($/mt),483
2021-05,"Rice, Thai A.1",($/mt),462.8
2021-05,"Rice, Viet Namese 5%",($/mt),477.7
2021-05,"Wheat, US SRW",($/mt),271
2021-05,"Wheat, US HRW",($/mt),297.3
2021-05,"Banana, Europe",($/kg),0.97
2021-05,"Banana, US",($/kg),1.23
2021-05,Orange,($/kg),0.61
2021-05,Beef **,($/kg),5.48
2021-05,Chicken **,($/kg),2.37
2021-05,Lamb **,($/kg),8.8000000000000007
2021-05,"Shrimps, Mexican",($/kg),12.65
2021-05,"Sugar, EU",($/kg),0.4
2021-05,"Sugar, US",($/kg),0.71
2021-05,"Sugar, world",($/kg),0.38
2021-05,"Tobacco, US import u.v.",($/mt),4168
2021-05,"Logs, Cameroon",($/cubic meter),425.2
2021-05,"Logs, Malaysian",($/cubic meter),272.7
2021-05,"Sawnwood, Cameroon",($/cubic meter),674.6
2021-05,"Sawnwood, Malaysian",($/cubic meter),767.3
2021-05,Plywood,(cents/sheet),500.3
2021-05,"Cotton, A Index",($/kg),2
2021-05,"Rubber, TSR20 **",($/kg),1.69
2021-05,"Rubber, RSS3",($/kg),2.29
2021-05,Phosphate rock,($/mt),102.5
2021-05,DAP,($/mt),574.6
2021-05,TSP,($/mt),527.5
2021-05,Urea,($/mt),331.6
2021-05,Potassium chloride **,($/mt),378.1
2021-05,Aluminum,($/mt),2434
2021-05,"Iron ore, cfr spot",($/dmtu),207.7
2021-05,Copper,($/mt),10162
2021-05,Lead,($/mt),2182
2021-05,Tin,($/mt),32246
2021-05,Nickel,($/mt),17577
2021-05,Zinc,($/mt),2966
2021-05,Gold,($/troy oz),1850
2021-05,Platinum,($/troy oz),1214
2021-05,Silver,($/troy oz),27.5
2021-06,"Crude oil, average",($/bbl),71.8
2021-06,"Crude oil, Brent",($/bbl),73.099999999999994
2021-06,"Crude oil, Dubai",($/bbl),71
2021-06,"Crude oil, WTI",($/bbl),71.400000000000006
2021-06,"Coal, Australian",($/mt),130
2021-06,"Coal, South African **",($/mt),112.9
2021-06,"Natural gas, US",($/mmbtu),3.23
2021-06,"Natural gas, Europe",($/mmbtu),10.3
2021-06,"Liquefied natural gas, Japan",($/mmbtu),9.6199999999999992
2021-06,Natural gas index,(2010=100),94.7
2021-06,Cocoa,($/kg),2.37
2021-06,"Coffee, Arabica",($/kg),4.24
2021-06,"Coffee, Robusta",($/kg),1.87
2021-06,"Tea, avg 3 auctions",($/kg),2.7
2021-06,"Tea, Colombo",($/kg),2.93
2021-06,"Tea, Kolkata",($/kg),3.34
2021-06,"Tea, Mombasa",($/kg),1.82
2021-06,Coconut oil,($/mt),1671
2021-06,Groundnuts,($/mt),1450
2021-06,Fish meal,($/mt),1502
2021-06,Groundnut oil **,($/mt),2079
2021-06,Palm oil,($/mt),1004
2021-06,Palm kernel oil,($/mt),1400
2021-06,Soybeans,($/mt),615
2021-06,Soybean oil,($/mt),1518
2021-06,Soybean meal,($/mt),467
2021-06,Rapeseed oil,($/mt),1528
2021-06,Sunflower oil,($/mt),1297
2021-06,Barley,($/mt),115
2021-06,Maize,($/mt),292.60000000000002
2021-06,Sorghum,($/mt),222
2021-06,"Rice, Thai 5%",($/mt),466
2021-06,"Rice, Thai 25%",($/mt),455
2021-06,"Rice, Thai A.1",($/mt),438.6
2021-06,"Rice, Viet Namese 5%",($/mt),474
2021-06,"Wheat, US SRW",($/mt),263.5
2021-06,"Wheat, US HRW",($/mt),285.60000000000002
2021-06,"Banana, Europe",($/kg),0.95
2021-06,"Banana, US",($/kg),1.23
2021-06,Orange,($/kg),0.64
2021-06,Beef **,($/kg),5.68
2021-06,Chicken **,($/kg),2.38
2021-06,Lamb **,($/kg),8.86
2021-06,"Shrimps, Mexican",($/kg),13.4
2021-06,"Sugar, EU",($/kg),0.39
2021-06,"Sugar, US",($/kg),0.73
2021-06,"Sugar, world",($/kg),0.38
2021-06,"Tobacco, US import u.v.",($/mt),4139
2021-06,"Logs, Cameroon",($/cubic meter),421.8
2021-06,"Logs, Malaysian",($/cubic meter),270.39999999999998
2021-06,"Sawnwood, Cameroon",($/cubic meter),672.3
2021-06,"Sawnwood, Malaysian",($/cubic meter),764.7
2021-06,Plywood,(cents/sheet),496
2021-06,"Cotton, A Index",($/kg),2.08
2021-06,"Rubber, TSR20 **",($/kg),1.64
2021-06,"Rubber, RSS3",($/kg),2.12
2021-06,Phosphate rock,($/mt),125
2021-06,DAP,($/mt),604.79999999999995
2021-06,TSP,($/mt),550
2021-06,Urea,($/mt),393.3
2021-06,Potassium chloride **,($/mt),462.5
2021-06,Aluminum,($/mt),2447
2021-06,"Iron ore, cfr spot",($/dmtu),214.4
2021-06,Copper,($/mt),9632
2021-06,Lead,($/mt),2191
2021-06,Tin,($/mt),32503
2021-06,Nickel,($/mt),17980
2021-06,Zinc,($/mt),2952
2021-06,Gold,($/troy oz),1835
2021-06,Platinum,($/troy oz),1124
2021-06,Silver,($/troy oz),27
2021-07,"Crude oil, average",($/bbl),73.3
2021-07,"Crude oil, Brent",($/bbl),74.400000000000006
2021-07,"Crude oil, Dubai",($/bbl),73
2021-07,"Crude oil, WTI",($/bbl),72.5
2021-07,"Coal, Australian",($/mt),152
2021-07,"Coal, South African **",($/mt),122.3
2021-07,"Natural gas, US",($/mmbtu),3.8
2021-07,"Natural gas, Europe",($/mmbtu),12.51
2021-07,"Liquefied natural gas, Japan",($/mmbtu),10.36
2021-07,Natural gas index,(2010=100),112.7
2021-07,Cocoa,($/kg),2.33
2021-07,"Coffee, Arabica",($/kg),4.5
2021-07,"Coffee, Robusta",($/kg),2.08
2021-07,"Tea, avg 3 auctions",($/kg),2.65
2021-07,"Tea, Colombo",($/kg),2.99
2021-07,"Tea, Kolkata",($/kg),3.2
2021-07,"Tea, Mombasa",($/kg),1.76
2021-07,Coconut oil,($/mt),1584
2021-07,Groundnuts,($/mt),1457
2021-07,Fish meal,($/mt),1504
2021-07,Groundnut oil **,($/mt),2092
2021-07,Palm oil,($/mt),1063
2021-07,Palm kernel oil,($/mt),1274
2021-07,Soybeans,($/mt),600
2021-07,Soybean oil,($/mt),1468
2021-07,Soybean meal,($/mt),470
2021-07,Rapeseed oil,($/mt),1410
2021-07,Sunflower oil,($/mt),1282
2021-07,Barley,($/mt),118.2
2021-07,Maize,($/mt),278.39999999999998
2021-07,Sorghum,($/mt),224.1
2021-07,"Rice, Thai 5%",($/mt),414
2021-07,"Rice, Thai 25%",($/mt),407
2021-07,"Rice, Thai A.1",($/mt),397
2021-07,"Rice, Viet Namese 5%",($/mt),436.2
2021-07,"Wheat, US SRW",($/mt),254.7
2021-07,"Wheat, US HRW",($/mt),294.3
2021-07,"Banana, Europe",($/kg),0.85
2021-07,"Banana, US",($/kg),1.23
2021-07,Orange,($/kg),0.69
2021-07,Beef **,($/kg),5.59
2021-07,Chicken **,($/kg),2.38
2021-07,Lamb **,($/kg),8.99
2021-07,"Shrimps, Mexican",($/kg),15.86
2021-07,"Sugar, EU",($/kg),0.39
2021-07,"Sugar, US",($/kg),0.8
2021-07,"Sugar, world",($/kg),0.39
2021-07,"Tobacco, US import u.v.",($/mt),4078
2021-07,"Logs, Cameroon",($/cubic meter),413.8
2021-07,"Logs, Malaysian",($/cubic meter),270
2021-07,"Sawnwood, Cameroon",($/cubic meter),661.5
2021-07,"Sawnwood, Malaysian",($/cubic meter),752.4
2021-07,Plywood,(cents/sheet),495.2
2021-07,"Cotton, A Index",($/kg),2.15
2021-07,"Rubber, TSR20 **",($/kg),1.63
2021-07,"Rubber, RSS3",($/kg),1.87
2021-07,Phosphate rock,($/mt),125
2021-07,DAP,($/mt),613
2021-07,TSP,($/mt),555
2021-07,Urea,($/mt),441.5
2021-07,Potassium chloride **,($/mt),633
2021-07,Aluminum,($/mt),2498
2021-07,"Iron ore, cfr spot",($/dmtu),214.1
2021-07,Copper,($/mt),9451
2021-07,Lead,($/mt),2338
2021-07,Tin,($/mt),34020
2021-07,Nickel,($/mt),18819
2021-07,Zinc,($/mt),2948
2021-07,Gold,($/troy oz),1808
2021-07,Platinum,($/troy oz),1086
2021-07,Silver,($/troy oz),25.7
2021-08,"Crude oil, average",($/bbl),68.900000000000006
2021-08,"Crude oil, Brent",($/bbl),70
2021-08,"Crude oil, Dubai",($/bbl),68.900000000000006
2021-08,"Crude oil, WTI",($/bbl),67.7
2021-08,"Coal, Australian",($/mt),169.6
2021-08,"Coal, South African **",($/mt),137.9
2021-08,"Natural gas, US",($/mmbtu),4.05
2021-08,"Natural gas, Europe",($/mmbtu),15.43
2021-08,"Liquefied natural gas, Japan",($/mmbtu),10.8
2021-08,Natural gas index,(2010=100),129.80000000000001
2021-08,Cocoa,($/kg),2.48
2021-08,"Coffee, Arabica",($/kg),4.7699999999999996
2021-08,"Coffee, Robusta",($/kg),2.1
2021-08,"Tea, avg 3 auctions",($/kg),2.72
2021-08,"Tea, Colombo",($/kg),2.99
2021-08,"Tea, Kolkata",($/kg),3
2021-08,"Tea, Mombasa",($/kg),2.16
2021-08,Coconut oil,($/mt),1494
2021-08,Groundnuts,($/mt),1443
2021-08,Fish meal,($/mt),1504
2021-08,Groundnut oil **,($/mt),2102
2021-08,Palm oil,($/mt),1142
2021-08,Palm kernel oil,($/mt),1341
2021-08,Soybeans,($/mt),586
2021-08,Soybean oil,($/mt),1434
2021-08,Soybean meal,($/mt),470
2021-08,Rapeseed oil,($/mt),1519
2021-08,Sunflower oil,($/mt),1356
2021-08,Barley,($/mt),120.1
2021-08,Maize,($/mt),256.60000000000002
2021-08,Sorghum,($/mt),223.8
2021-08,"Rice, Thai 5%",($/mt),403
2021-08,"Rice, Thai 25%",($/mt),392
2021-08,"Rice, Thai A.1",($/mt),381
2021-08,"Rice, Viet Namese 5%",($/mt),384.5
2021-08,"Wheat, US SRW",($/mt),276.2
2021-08,"Wheat, US HRW",($/mt),324.5
2021-08,"Banana, Europe",($/kg),0.89
2021-08,"Banana, US",($/kg),1.23
2021-08,Orange,($/kg),0.72
2021-08,Beef **,($/kg),5.61
2021-08,Chicken **,($/kg),2.38
2021-08,Lamb **,($/kg),9.0500000000000007
2021-08,"Shrimps, Mexican",($/kg),15.76
2021-08,"Sugar, EU",($/kg),0.38
2021-08,"Sugar, US",($/kg),0.76
2021-08,"Sugar, world",($/kg),0.43
2021-08,"Tobacco, US import u.v.",($/mt),3973
2021-08,"Logs, Cameroon",($/cubic meter),412
2021-08,"Logs, Malaysian",($/cubic meter),271
2021-08,"Sawnwood, Cameroon",($/cubic meter),661.2
2021-08,"Sawnwood, Malaysian",($/cubic meter),752.1
2021-08,Plywood,(cents/sheet),497.1
2021-08,"Cotton, A Index",($/kg),2.23
2021-08,"Rubber, TSR20 **",($/kg),1.71
2021-08,"Rubber, RSS3",($/kg),1.9
2021-08,Phosphate rock,($/mt),136.9
2021-08,DAP,($/mt),603.1
2021-08,TSP,($/mt),555
2021-08,Urea,($/mt),446.9
2021-08,Potassium chloride **,($/mt),695
2021-08,Aluminum,($/mt),2603
2021-08,"Iron ore, cfr spot",($/dmtu),162.19999999999999
2021-08,Copper,($/mt),9370
2021-08,Lead,($/mt),2414
2021-08,Tin,($/mt),35024
2021-08,Nickel,($/mt),19141
2021-08,Zinc,($/mt),2988
2021-08,Gold,($/troy oz),1785
2021-08,Platinum,($/troy oz),1009
2021-08,Silver,($/troy oz),24
2021-09,"Crude oil, average",($/bbl),72.8
2021-09,"Crude oil, Brent",($/bbl),74.599999999999994
2021-09,"Crude oil, Dubai",($/bbl),72.2
2021-09,"Crude oil, WTI",($/bbl),71.599999999999994
2021-09,"Coal, Australian",($/mt),185.7
2021-09,"Coal, South African **",($/mt),146.1
2021-09,"Natural gas, US",($/mmbtu),5.1100000000000003
2021-09,"Natural gas, Europe",($/mmbtu),22.84
2021-09,"Liquefied natural gas, Japan",($/mmbtu),11.44
2021-09,Natural gas index,(2010=100),178.4
2021-09,Cocoa,($/kg),2.56
2021-09,"Coffee, Arabica",($/kg),4.97
2021-09,"Coffee, Robusta",($/kg),2.31
2021-09,"Tea, avg 3 auctions",($/kg),2.73
2021-09,"Tea, Colombo",($/kg),2.98
2021-09,"Tea, Kolkata",($/kg),2.98
2021-09,"Tea, Mombasa",($/kg),2.2200000000000002
2021-09,Coconut oil,($/mt),1485
2021-09,Groundnuts,($/mt),1476
2021-09,Fish meal,($/mt),1483
2021-09,Groundnut oil **,($/mt),2109
2021-09,Palm oil,($/mt),1181
2021-09,Palm kernel oil,($/mt),1427
2021-09,Soybeans,($/mt),558
2021-09,Soybean oil,($/mt),1399
2021-09,Soybean meal,($/mt),468
2021-09,Rapeseed oil,($/mt),1629
2021-09,Sunflower oil,($/mt),1310
2021-09,Barley,($/mt),157.1
2021-09,Maize,($/mt),235.6
2021-09,Sorghum,($/mt),279.2
2021-09,"Rice, Thai 5%",($/mt),400
2021-09,"Rice, Thai 25%",($/mt),391
2021-09,"Rice, Thai A.1",($/mt),381.3
2021-09,"Rice, Viet Namese 5%",($/mt),387.3
2021-09,"Wheat, US SRW",($/mt),263.60000000000002
2021-09,"Wheat, US HRW",($/mt),337.6
2021-09,"Banana, Europe",($/kg),0.91
2021-09,"Banana, US",($/kg),1.18
2021-09,Orange,($/kg),0.74
2021-09,Beef **,($/kg),5.77
2021-09,Chicken **,($/kg),1.83
2021-09,Lamb **,($/kg),9.08
2021-09,"Shrimps, Mexican",($/kg),14.67
2021-09,"Sugar, EU",($/kg),0.38
2021-09,"Sugar, US",($/kg),0.79
2021-09,"Sugar, world",($/kg),0.43
2021-09,"Tobacco, US import u.v.",($/mt),4089
2021-09,"Logs, Cameroon",($/cubic meter),412
2021-09,"Logs, Malaysian",($/cubic meter),270.2
2021-09,"Sawnwood, Cameroon",($/cubic meter),658.2
2021-09,"Sawnwood, Malaysian",($/cubic meter),748.7
2021-09,Plywood,(cents/sheet),495.7
2021-09,"Cotton, A Index",($/kg),2.29
2021-09,"Rubber, TSR20 **",($/kg),1.63
2021-09,"Rubber, RSS3",($/kg),1.79
2021-09,Phosphate rock,($/mt),147.5
2021-09,DAP,($/mt),643.79999999999995
2021-09,TSP,($/mt),573.79999999999995
2021-09,Urea,($/mt),418.8
2021-09,Potassium chloride **,($/mt),736.3
2021-09,Aluminum,($/mt),2835
2021-09,"Iron ore, cfr spot",($/dmtu),124.5
2021-09,Copper,($/mt),9325
2021-09,Lead,($/mt),2248
2021-09,Tin,($/mt),34887
2021-09,Nickel,($/mt),19377
2021-09,Zinc,($/mt),3036
2021-09,Gold,($/troy oz),1775
2021-09,Platinum,($/troy oz),973
2021-09,Silver,($/troy oz),23.2
2021-10,"Crude oil, average",($/bbl),82.1
2021-10,"Crude oil, Brent",($/bbl),83.7
2021-10,"Crude oil, Dubai",($/bbl),81.2
2021-10,"Crude oil, WTI",($/bbl),81.3
2021-10,"Coal, Australian",($/mt),224.5
2021-10,"Coal, South African **",($/mt),199.7
2021-10,"Natural gas, US",($/mmbtu),5.48
2021-10,"Natural gas, Europe",($/mmbtu),31.05
2021-10,"Liquefied natural gas, Japan",($/mmbtu),12.38
2021-10,Natural gas index,(2010=100),222.5
2021-10,Cocoa,($/kg),2.57
2021-10,"Coffee, Arabica",($/kg),5.31
2021-10,"Coffee, Robusta",($/kg),2.3199999999999998
2021-10,"Tea, avg 3 auctions",($/kg),2.78
2021-10,"Tea, Colombo",($/kg),3.05
2021-10,"Tea, Kolkata",($/kg),2.88
2021-10,"Tea, Mombasa",($/kg),2.42
2021-10,Coconut oil,($/mt),1923
2021-10,Groundnuts,($/mt),1539
2021-10,Fish meal,($/mt),1462
2021-10,Groundnut oil **,($/mt),2134
2021-10,Palm oil,($/mt),1310
2021-10,Palm kernel oil,($/mt),1818
2021-10,Soybeans,($/mt),552
2021-10,Soybean oil,($/mt),1484
2021-10,Soybean meal,($/mt),451
2021-10,Rapeseed oil,($/mt),1795
2021-10,Sunflower oil,($/mt),1421
2021-10,Barley,($/mt),157.9
2021-10,Maize,($/mt),239.6
2021-10,Sorghum,($/mt),277
2021-10,"Rice, Thai 5%",($/mt),401
2021-10,"Rice, Thai 25%",($/mt),395
2021-10,"Rice, Thai A.1",($/mt),382.7
2021-10,"Rice, Viet Namese 5%",($/mt),404.5
2021-10,"Wheat, US SRW",($/mt),262.2
2021-10,"Wheat, US HRW",($/mt),354.7
2021-10,"Banana, Europe",($/kg),0.93
2021-10,"Banana, US",($/kg),1.1499999999999999
2021-10,Orange,($/kg),0.66
2021-10,Beef **,($/kg),5.53
2021-10,Chicken **,($/kg),1.76
2021-10,Lamb **,($/kg),9.3000000000000007
2021-10,"Shrimps, Mexican",($/kg),14.47
2021-10,"Sugar, EU",($/kg),0.38
2021-10,"Sugar, US",($/kg),0.82
2021-10,"Sugar, world",($/kg),0.42
2021-10,"Tobacco, US import u.v.",($/mt),4242
2021-10,"Logs, Cameroon",($/cubic meter),406
2021-10,"Logs, Malaysian",($/cubic meter),263.2
2021-10,"Sawnwood, Cameroon",($/cubic meter),656.2
2021-10,"Sawnwood, Malaysian",($/cubic meter),746.4
2021-10,Plywood,(cents/sheet),482.7
2021-10,"Cotton, A Index",($/kg),2.59
2021-10,"Rubber, TSR20 **",($/kg),1.73
2021-10,"Rubber, RSS3",($/kg),1.87
2021-10,Phosphate rock,($/mt),147.5
2021-10,DAP,($/mt),672.9
2021-10,TSP,($/mt),618
2021-10,Urea,($/mt),695
2021-10,Potassium chloride **,($/mt),782
2021-10,Aluminum,($/mt),2934
2021-10,"Iron ore, cfr spot",($/dmtu),122.9
2021-10,Copper,($/mt),9829
2021-10,Lead,($/mt),2345
2021-10,Tin,($/mt),37723
2021-10,Nickel,($/mt),19362
2021-10,Zinc,($/mt),3360
2021-10,Gold,($/troy oz),1777
2021-10,Platinum,($/troy oz),1017
2021-10,Silver,($/troy oz),23.4
2021-11,"Crude oil, average",($/bbl),79.900000000000006
2021-11,"Crude oil, Brent",($/bbl),80.8
2021-11,"Crude oil, Dubai",($/bbl),79.8
2021-11,"Crude oil, WTI",($/bbl),79.2
2021-11,"Coal, Australian",($/mt),157.5
2021-11,"Coal, South African **",($/mt),128
2021-11,"Natural gas, US",($/mmbtu),5.0199999999999996
2021-11,"Natural gas, Europe",($/mmbtu),27.62
2021-11,"Liquefied natural gas, Japan",($/mmbtu),15.25
2021-11,Natural gas index,(2010=100),202.6
2021-11,Cocoa,($/kg),2.39
2021-11,"Coffee, Arabica",($/kg),5.71
2021-11,"Coffee, Robusta",($/kg),2.41
2021-11,"Tea, avg 3 auctions",($/kg),2.83
2021-11,"Tea, Colombo",($/kg),3.11
2021-11,"Tea, Kolkata",($/kg),2.91
2021-11,"Tea, Mombasa",($/kg),2.48
2021-11,Coconut oil,($/mt),1961
2021-11,Groundnuts,($/mt),1552
2021-11,Fish meal,($/mt),1440
2021-11,Groundnut oil **,($/mt),2150
2021-11,Palm oil,($/mt),1341
2021-11,Palm kernel oil,($/mt),2050
2021-11,Soybeans,($/mt),551
2021-11,Soybean oil,($/mt),1443
2021-11,Soybean meal,($/mt),443
2021-11,Rapeseed oil,($/mt),1825
2021-11,Sunflower oil,($/mt),1416
2021-11,Barley,($/mt),159.1
2021-11,Maize,($/mt),248.7
2021-11,Sorghum,($/mt),275.3
2021-11,"Rice, Thai 5%",($/mt),400
2021-11,"Rice, Thai 25%",($/mt),394
2021-11,"Rice, Thai A.1",($/mt),378.6
2021-11,"Rice, Viet Namese 5%",($/mt),411.4
2021-11,"Wheat, US SRW",($/mt),334.5
2021-11,"Wheat, US HRW",($/mt),379.5
2021-11,"Banana, Europe",($/kg),0.9
2021-11,"Banana, US",($/kg),1.1399999999999999
2021-11,Orange,($/kg),0.66
2021-11,Beef **,($/kg),5.69
2021-11,Chicken **,($/kg),1.55
2021-11,Lamb **,($/kg),9.3699999999999992
2021-11,"Shrimps, Mexican",($/kg),14.49
2021-11,"Sugar, EU",($/kg),0.37
2021-11,"Sugar, US",($/kg),0.82
2021-11,"Sugar, world",($/kg),0.43
2021-11,"Tobacco, US import u.v.",($/mt),4222
2021-11,"Logs, Cameroon",($/cubic meter),399.6
2021-11,"Logs, Malaysian",($/cubic meter),261.2
2021-11,"Sawnwood, Cameroon",($/cubic meter),644.9
2021-11,"Sawnwood, Malaysian",($/cubic meter),733.5
2021-11,Plywood,(cents/sheet),479
2021-11,"Cotton, A Index",($/kg),2.79
2021-11,"Rubber, TSR20 **",($/kg),1.74
2021-11,"Rubber, RSS3",($/kg),1.93
2021-11,Phosphate rock,($/mt),153.1
2021-11,DAP,($/mt),726.7
2021-11,TSP,($/mt),665
2021-11,Urea,($/mt),900.5
2021-11,Potassium chloride **,($/mt),806.9
2021-11,Aluminum,($/mt),2636
2021-11,"Iron ore, cfr spot",($/dmtu),96.2
2021-11,Copper,($/mt),9729
2021-11,Lead,($/mt),2330
2021-11,Tin,($/mt),39159
2021-11,Nickel,($/mt),19933
2021-11,Zinc,($/mt),3311
2021-11,Gold,($/troy oz),1822
2021-11,Platinum,($/troy oz),1038
2021-11,Silver,($/troy oz),24.2
2021-12,"Crude oil, average",($/bbl),72.900000000000006
2021-12,"Crude oil, Brent",($/bbl),74.3
2021-12,"Crude oil, Dubai",($/bbl),72.8
2021-12,"Crude oil, WTI",($/bbl),71.5
2021-12,"Coal, Australian",($/mt),169.7
2021-12,"Coal, South African **",($/mt),142.5
2021-12,"Natural gas, US",($/mmbtu),3.73
2021-12,"Natural gas, Europe",($/mmbtu),38.03
2021-12,"Liquefied natural gas, Japan",($/mmbtu),15.32
2021-12,Natural gas index,(2010=100),236.5
2021-12,Cocoa,($/kg),2.38
2021-12,"Coffee, Arabica",($/kg),5.91
2021-12,"Coffee, Robusta",($/kg),2.48
2021-12,"Tea, avg 3 auctions",($/kg),2.82
2021-12,"Tea, Colombo",($/kg),3.19
2021-12,"Tea, Kolkata",($/kg),2.67
2021-12,"Tea, Mombasa",($/kg),2.62
2021-12,Coconut oil,($/mt),1696
2021-12,Groundnuts,($/mt),1475
2021-12,Fish meal,($/mt),1423
2021-12,Groundnut oil **,($/mt),2154
2021-12,Palm oil,($/mt),1270
2021-12,Palm kernel oil,($/mt),1861
2021-12,Soybeans,($/mt),554
2021-12,Soybean oil,($/mt),1411
2021-12,Soybean meal,($/mt),462
2021-12,Rapeseed oil,($/mt),1743
2021-12,Sunflower oil,($/mt),1362
2021-12,Barley,($/mt),160.80000000000001
2021-12,Maize,($/mt),264.5
2021-12,Sorghum,($/mt),274.89999999999998
2021-12,"Rice, Thai 5%",($/mt),400
2021-12,"Rice, Thai 25%",($/mt),393
2021-12,"Rice, Thai A.1",($/mt),381
2021-12,"Rice, Viet Namese 5%",($/mt),402.7
2021-12,"Wheat, US SRW",($/mt),327.8
2021-12,"Wheat, US HRW",($/mt),376.8
2021-12,"Banana, Europe",($/kg),0.89
2021-12,"Banana, US",($/kg),1.1599999999999999
2021-12,Orange,($/kg),0.71
2021-12,Beef **,($/kg),5.75
2021-12,Chicken **,($/kg),1.47
2021-12,Lamb **,($/kg),9.44
2021-12,"Shrimps, Mexican",($/kg),14.62
2021-12,"Sugar, EU",($/kg),0.37
2021-12,"Sugar, US",($/kg),0.81
2021-12,"Sugar, world",($/kg),0.42
2021-12,"Tobacco, US import u.v.",($/mt),4182
2021-12,"Logs, Cameroon",($/cubic meter),395.6
2021-12,"Logs, Malaysian",($/cubic meter),261.2
2021-12,"Sawnwood, Cameroon",($/cubic meter),637.9
2021-12,"Sawnwood, Malaysian",($/cubic meter),725.6
2021-12,Plywood,(cents/sheet),479.2
2021-12,"Cotton, A Index",($/kg),2.65
2021-12,"Rubber, TSR20 **",($/kg),1.72
2021-12,"Rubber, RSS3",($/kg),1.92
2021-12,Phosphate rock,($/mt),176.7
2021-12,DAP,($/mt),745
2021-12,TSP,($/mt),686.7
2021-12,Urea,($/mt),890
2021-12,Potassium chloride **,($/mt),807.5
2021-12,Aluminum,($/mt),2696
2021-12,"Iron ore, cfr spot",($/dmtu),117
2021-12,Copper,($/mt),9551
2021-12,Lead,($/mt),2302
2021-12,Tin,($/mt),39423
2021-12,Nickel,($/mt),20016
2021-12,Zinc,($/mt),3399
2021-12,Gold,($/troy oz),1790
2021-12,Platinum,($/troy oz),945
2021-12,Silver,($/troy oz),22.5
2022-01,"Crude oil, average",($/bbl),83.9
2022-01,"Crude oil, Brent",($/bbl),85.5
2022-01,"Crude oil, Dubai",($/bbl),83.1
2022-01,"Crude oil, WTI",($/bbl),83.1
2022-01,"Coal, Australian",($/mt),197
2022-01,"Coal, South African **",($/mt),168.5
2022-01,"Natural gas, US",($/mmbtu),4.33
2022-01,"Natural gas, Europe",($/mmbtu),28.26
2022-01,"Liquefied natural gas, Japan",($/mmbtu),14.69
2022-01,Natural gas index,(2010=100),196.9
2022-01,Cocoa,($/kg),2.4700000000000002
2022-01,"Coffee, Arabica",($/kg),5.98
2022-01,"Coffee, Robusta",($/kg),2.4300000000000002
2022-01,"Tea, avg 3 auctions",($/kg),2.86
2022-01,"Tea, Colombo",($/kg),3.51
2022-01,"Tea, Kolkata",($/kg),2.4
2022-01,"Tea, Mombasa",($/kg),2.68
2022-01,Coconut oil,($/mt),2016
2022-01,Groundnuts,($/mt),1480
2022-01,Fish meal,($/mt),1429
2022-01,Groundnut oil **,($/mt),2490
2022-01,Palm oil,($/mt),1345
2022-01,Palm kernel oil,($/mt),2196
2022-01,Soybeans,($/mt),606
2022-01,Soybean oil,($/mt),1470
2022-01,Soybean meal,($/mt),526
2022-01,Rapeseed oil,($/mt),1865
2022-01,Sunflower oil,($/mt),1412
2022-01,Barley,($/mt),162.80000000000001
2022-01,Maize,($/mt),276.60000000000002
2022-01,Sorghum,($/mt),275.3
2022-01,"Rice, Thai 5%",($/mt),427
2022-01,"Rice, Thai 25%",($/mt),419
2022-01,"Rice, Thai A.1",($/mt),403.2
2022-01,"Rice, Viet Namese 5%",($/mt),395.9
2022-01,"Wheat, US SRW",($/mt),325.2
2022-01,"Wheat, US HRW",($/mt),374.2
2022-01,"Banana, Europe",($/kg),0.91
2022-01,"Banana, US",($/kg),1.1599999999999999
2022-01,Orange,($/kg),0.79
2022-01,Beef **,($/kg),5.81
2022-01,Chicken **,($/kg),1.36
2022-01,Lamb **,($/kg),9.11
2022-01,"Shrimps, Mexican",($/kg),14.78
2022-01,"Sugar, EU",($/kg),0.37
2022-01,"Sugar, US",($/kg),0.78
2022-01,"Sugar, world",($/kg),0.4
2022-01,"Tobacco, US import u.v.",($/mt),4185
2022-01,"Logs, Cameroon",($/cubic meter),396.2
2022-01,"Logs, Malaysian",($/cubic meter),259.10000000000002
2022-01,"Sawnwood, Cameroon",($/cubic meter),649.70000000000005
2022-01,"Sawnwood, Malaysian",($/cubic meter),739
2022-01,Plywood,(cents/sheet),475.2
2022-01,"Cotton, A Index",($/kg),2.91
2022-01,"Rubber, TSR20 **",($/kg),1.78
2022-01,"Rubber, RSS3",($/kg),1.97
2022-01,Phosphate rock,($/mt),173.1
2022-01,DAP,($/mt),699.4
2022-01,TSP,($/mt),674.4
2022-01,Urea,($/mt),846.4
2022-01,Potassium chloride **,($/mt),785.6
2022-01,Aluminum,($/mt),3006
2022-01,"Iron ore, cfr spot",($/dmtu),132.5
2022-01,Copper,($/mt),9782
2022-01,Lead,($/mt),2332
2022-01,Tin,($/mt),41792
2022-01,Nickel,($/mt),22355
2022-01,Zinc,($/mt),3599
2022-01,Gold,($/troy oz),1816
2022-01,Platinum,($/troy oz),994
2022-01,Silver,($/troy oz),23.2
2022-02,"Crude oil, average",($/bbl),93.5
2022-02,"Crude oil, Brent",($/bbl),95.8
2022-02,"Crude oil, Dubai",($/bbl),93.1
2022-02,"Crude oil, WTI",($/bbl),91.7
2022-02,"Coal, Australian",($/mt),219.8
2022-02,"Coal, South African **",($/mt),196.4
2022-02,"Natural gas, US",($/mmbtu),4.66
2022-02,"Natural gas, Europe",($/mmbtu),27.23
2022-02,"Liquefied natural gas, Japan",($/mmbtu),17
2022-02,Natural gas index,(2010=100),197.5
2022-02,Cocoa,($/kg),2.5499999999999998
2022-02,"Coffee, Arabica",($/kg),6.17
2022-02,"Coffee, Robusta",($/kg),2.41
2022-02,"Tea, avg 3 auctions",($/kg),2.79
2022-02,"Tea, Colombo",($/kg),3.61
2022-02,"Tea, Kolkata",($/kg),2.0699999999999998
2022-02,"Tea, Mombasa",($/kg),2.73
2022-02,Coconut oil,($/mt),2148
2022-02,Groundnuts,($/mt),1496
2022-02,Fish meal,($/mt),1445
2022-02,Groundnut oil **,($/mt),2473
2022-02,Palm oil,($/mt),1522
2022-02,Palm kernel oil,($/mt),2443
2022-02,Soybeans,($/mt),662
2022-02,Soybean oil,($/mt),1596
2022-02,Soybean meal,($/mt),569
2022-02,Rapeseed oil,($/mt),1744
2022-02,Sunflower oil,($/mt),1499
2022-02,Barley,($/mt),165.4
2022-02,Maize,($/mt),292.60000000000002
2022-02,Sorghum,($/mt),276.8
2022-02,"Rice, Thai 5%",($/mt),427
2022-02,"Rice, Thai 25%",($/mt),422
2022-02,"Rice, Thai A.1",($/mt),406
2022-02,"Rice, Viet Namese 5%",($/mt),384.2
2022-02,"Wheat, US SRW",($/mt),339.3
2022-02,"Wheat, US HRW",($/mt),390.5
2022-02,"Banana, Europe",($/kg),0.96
2022-02,"Banana, US",($/kg),1.24
2022-02,Orange,($/kg),0.73
2022-02,Beef **,($/kg),5.99
2022-02,Chicken **,($/kg),1.45
2022-02,Lamb **,($/kg),8.9499999999999993
2022-02,"Shrimps, Mexican",($/kg),14.88
2022-02,"Sugar, EU",($/kg),0.37
2022-02,"Sugar, US",($/kg),0.78
2022-02,"Sugar, world",($/kg),0.39
2022-02,"Tobacco, US import u.v.",($/mt),4220
2022-02,"Logs, Cameroon",($/cubic meter),397
2022-02,"Logs, Malaysian",($/cubic meter),258.5
2022-02,"Sawnwood, Cameroon",($/cubic meter),648.79999999999995
2022-02,"Sawnwood, Malaysian",($/cubic meter),738
2022-02,Plywood,(cents/sheet),474.1
2022-02,"Cotton, A Index",($/kg),3.05
2022-02,"Rubber, TSR20 **",($/kg),1.79
2022-02,"Rubber, RSS3",($/kg),2.11
2022-02,Phosphate rock,($/mt),172.5
2022-02,DAP,($/mt),747.1
2022-02,TSP,($/mt),680
2022-02,Urea,($/mt),744.2
2022-02,Potassium chloride **,($/mt),791.9
2022-02,Aluminum,($/mt),3246
2022-02,"Iron ore, cfr spot",($/dmtu),142.80000000000001
2022-02,Copper,($/mt),9943
2022-02,Lead,($/mt),2297
2022-02,Tin,($/mt),43983
2022-02,Nickel,($/mt),24016
2022-02,Zinc,($/mt),3620
2022-02,Gold,($/troy oz),1856
2022-02,Platinum,($/troy oz),1049
2022-02,Silver,($/troy oz),23.5
2022-03,"Crude oil, average",($/bbl),112.4
2022-03,"Crude oil, Brent",($/bbl),115.6
2022-03,"Crude oil, Dubai",($/bbl),113.1
2022-03,"Crude oil, WTI",($/bbl),108.5
2022-03,"Coal, Australian",($/mt),314
2022-03,"Coal, South African **",($/mt),294.39999999999998
2022-03,"Natural gas, US",($/mmbtu),4.88
2022-03,"Natural gas, Europe",($/mmbtu),42.39
2022-03,"Liquefied natural gas, Japan",($/mmbtu),15.11
2022-03,Natural gas index,(2010=100),271.10000000000002
2022-03,Cocoa,($/kg),2.46
2022-03,"Coffee, Arabica",($/kg),5.7
2022-03,"Coffee, Robusta",($/kg),2.29
2022-03,"Tea, avg 3 auctions",($/kg),2.61
2022-03,"Tea, Colombo",($/kg),3.35
2022-03,"Tea, Kolkata",($/kg),1.96
2022-03,"Tea, Mombasa",($/kg),2.54
2022-03,Coconut oil,($/mt),2230
2022-03,Groundnuts,($/mt),1491
2022-03,Fish meal,($/mt),1515
2022-03,Groundnut oil **,($/mt),2153
2022-03,Palm oil,($/mt),1777
2022-03,Palm kernel oil,($/mt),2441
2022-03,Soybeans,($/mt),721
2022-03,Soybean oil,($/mt),1957
2022-03,Soybean meal,($/mt),601
2022-03,Rapeseed oil,($/mt),2162
2022-03,Sunflower oil,($/mt),2361
2022-03,Barley,($/mt),170.1
2022-03,Maize,($/mt),335.5
2022-03,Sorghum,($/mt),282.5
2022-03,"Rice, Thai 5%",($/mt),422
2022-03,"Rice, Thai 25%",($/mt),419
2022-03,"Rice, Thai A.1",($/mt),407.1
2022-03,"Rice, Viet Namese 5%",($/mt),391.7
2022-03,"Wheat, US SRW",($/mt),446.7
2022-03,"Wheat, US HRW",($/mt),486.3
2022-03,"Banana, Europe",($/kg),0.97
2022-03,"Banana, US",($/kg),1.39
2022-03,Orange,($/kg),0.77
2022-03,Beef **,($/kg),6.07
2022-03,Chicken **,($/kg),1.76
2022-03,Lamb **,($/kg),9.1300000000000008
2022-03,"Shrimps, Mexican",($/kg),14.96
2022-03,"Sugar, EU",($/kg),0.36
2022-03,"Sugar, US",($/kg),0.8
2022-03,"Sugar, world",($/kg),0.42
2022-03,"Tobacco, US import u.v.",($/mt),4258
2022-03,"Logs, Cameroon",($/cubic meter),385.7
2022-03,"Logs, Malaysian",($/cubic meter),250.9
2022-03,"Sawnwood, Cameroon",($/cubic meter),631.20000000000005
2022-03,"Sawnwood, Malaysian",($/cubic meter),718
2022-03,Plywood,(cents/sheet),460.3
2022-03,"Cotton, A Index",($/kg),3.11
2022-03,"Rubber, TSR20 **",($/kg),1.75
2022-03,"Rubber, RSS3",($/kg),2.12
2022-03,Phosphate rock,($/mt),178.8
2022-03,DAP,($/mt),938.1
2022-03,TSP,($/mt),792.5
2022-03,Urea,($/mt),872.5
2022-03,Potassium chloride **,($/mt),977.5
2022-03,Aluminum,($/mt),3498
2022-03,"Iron ore, cfr spot",($/dmtu),152.1
2022-03,Copper,($/mt),10231
2022-03,Lead,($/mt),2345
2022-03,Tin,($/mt),43950
2022-03,Nickel,($/mt),33924
2022-03,Zinc,($/mt),3962
2022-03,Gold,($/troy oz),1948
2022-03,Platinum,($/troy oz),1043
2022-03,Silver,($/troy oz),25.3
2022-04,"Crude oil, average",($/bbl),103.4
2022-04,"Crude oil, Brent",($/bbl),105.8
2022-04,"Crude oil, Dubai",($/bbl),102.7
2022-04,"Crude oil, WTI",($/bbl),101.8
2022-04,"Coal, Australian",($/mt),310.89999999999998
2022-04,"Coal, South African **",($/mt),302
2022-04,"Natural gas, US",($/mmbtu),6.53
2022-04,"Natural gas, Europe",($/mmbtu),32.200000000000003
2022-04,"Liquefied natural gas, Japan",($/mmbtu),16.29
2022-04,Natural gas index,(2010=100),243.4
2022-04,Cocoa,($/kg),2.46
2022-04,"Coffee, Arabica",($/kg),5.85
2022-04,"Coffee, Robusta",($/kg),2.29
2022-04,"Tea, avg 3 auctions",($/kg),3.24
2022-04,"Tea, Colombo",($/kg),4.09
2022-04,"Tea, Kolkata",($/kg),3.11
2022-04,"Tea, Mombasa",($/kg),2.5299999999999998
2022-04,Coconut oil,($/mt),2095
2022-04,Groundnuts,($/mt),1444
2022-04,Fish meal,($/mt),1643
2022-04,Groundnut oil **,($/mt),2145
2022-04,Palm oil,($/mt),1683
2022-04,Palm kernel oil,($/mt),2064
2022-04,Soybeans,($/mt),721
2022-04,Soybean oil,($/mt),1948
2022-04,Soybean meal,($/mt),579
2022-04,Rapeseed oil,($/mt),2266
2022-04,Sunflower oil,($/mt),2276
2022-04,Barley,($/mt),236.9
2022-04,Maize,($/mt),348.2
2022-04,Sorghum,($/mt),317.5
2022-04,"Rice, Thai 5%",($/mt),431
2022-04,"Rice, Thai 25%",($/mt),429
2022-04,"Rice, Thai A.1",($/mt),409.1
2022-04,"Rice, Viet Namese 5%",($/mt),402.4
2022-04,"Wheat, US SRW",($/mt),427.3
2022-04,"Wheat, US HRW",($/mt),495.3
2022-04,"Banana, Europe",($/kg),0.96
2022-04,"Banana, US",($/kg),1.46
2022-04,Orange,($/kg),0.91
2022-04,Beef **,($/kg),5.97
2022-04,Chicken **,($/kg),1.87
2022-04,Lamb **,($/kg),9
2022-04,"Shrimps, Mexican",($/kg),14.99
2022-04,"Sugar, EU",($/kg),0.35
2022-04,"Sugar, US",($/kg),0.81
2022-04,"Sugar, world",($/kg),0.43
2022-04,"Tobacco, US import u.v.",($/mt),4263
2022-04,"Logs, Cameroon",($/cubic meter),378.8
2022-04,"Logs, Malaysian",($/cubic meter),235.7
2022-04,"Sawnwood, Cameroon",($/cubic meter),620.5
2022-04,"Sawnwood, Malaysian",($/cubic meter),705.8
2022-04,Plywood,(cents/sheet),432.3
2022-04,"Cotton, A Index",($/kg),3.42
2022-04,"Rubber, TSR20 **",($/kg),1.7
2022-04,"Rubber, RSS3",($/kg),2.09
2022-04,Phosphate rock,($/mt),249.5
2022-04,DAP,($/mt),954
2022-04,TSP,($/mt),856
2022-04,Urea,($/mt),925
2022-04,Potassium chloride **,($/mt),1202
2022-04,Aluminum,($/mt),3244
2022-04,"Iron ore, cfr spot",($/dmtu),151.30000000000001
2022-04,Copper,($/mt),10161
2022-04,Lead,($/mt),2380
2022-04,Tin,($/mt),42991
2022-04,Nickel,($/mt),33133
2022-04,Zinc,($/mt),4360
2022-04,Gold,($/troy oz),1937
2022-04,Platinum,($/troy oz),965
2022-04,Silver,($/troy oz),24.5
2022-05,"Crude oil, average",($/bbl),110.1
2022-05,"Crude oil, Brent",($/bbl),112.4
2022-05,"Crude oil, Dubai",($/bbl),108.3
2022-05,"Crude oil, WTI",($/bbl),109.6
2022-05,"Coal, Australian",($/mt),371.9
2022-05,"Coal, South African **",($/mt),280
2022-05,"Natural gas, US",($/mmbtu),8.14
2022-05,"Natural gas, Europe",($/mmbtu),29.17
2022-05,"Liquefied natural gas, Japan",($/mmbtu),16.68
2022-05,Natural gas index,(2010=100),248.8
2022-05,Cocoa,($/kg),2.37
2022-05,"Coffee, Arabica",($/kg),5.74
2022-05,"Coffee, Robusta",($/kg),2.27
2022-05,"Tea, avg 3 auctions",($/kg),2.99
2022-05,"Tea, Colombo",($/kg),3.71
2022-05,"Tea, Kolkata",($/kg),2.87
2022-05,"Tea, Mombasa",($/kg),2.38
2022-05,Coconut oil,($/mt),1813
2022-05,Groundnuts,($/mt),1483
2022-05,Fish meal,($/mt),1634
2022-05,Groundnut oil **,($/mt),2146
2022-05,Palm oil,($/mt),1717
2022-05,Palm kernel oil,($/mt),1811
2022-05,Soybeans,($/mt),724
2022-05,Soybean oil,($/mt),1963
2022-05,Soybean meal,($/mt),530
2022-05,Rapeseed oil,($/mt),2218
2022-05,Sunflower oil,($/mt),2079
2022-05,Barley,($/mt),240.2
2022-05,Maize,($/mt),344.8
2022-05,Sorghum,($/mt),320.7
2022-05,"Rice, Thai 5%",($/mt),464
2022-05,"Rice, Thai 25%",($/mt),458
2022-05,"Rice, Thai A.1",($/mt),442.9
2022-05,"Rice, Viet Namese 5%",($/mt),406.5
2022-05,"Wheat, US SRW",($/mt),438.4
2022-05,"Wheat, US HRW",($/mt),522.29999999999995
2022-05,"Banana, Europe",($/kg),0.96
2022-05,"Banana, US",($/kg),1.46
2022-05,Orange,($/kg),0.92
2022-05,Beef **,($/kg),5.94
2022-05,Chicken **,($/kg),1.9
2022-05,Lamb **,($/kg),8.7100000000000009
2022-05,"Shrimps, Mexican",($/kg),15.13
2022-05,"Sugar, EU",($/kg),0.35
2022-05,"Sugar, US",($/kg),0.8
2022-05,"Sugar, world",($/kg),0.43
2022-05,"Tobacco, US import u.v.",($/mt),4277
2022-05,"Logs, Cameroon",($/cubic meter),370.3
2022-05,"Logs, Malaysian",($/cubic meter),231.1
2022-05,"Sawnwood, Cameroon",($/cubic meter),596.79999999999995
2022-05,"Sawnwood, Malaysian",($/cubic meter),678.8
2022-05,Plywood,(cents/sheet),424
2022-05,"Cotton, A Index",($/kg),3.61
2022-05,"Rubber, TSR20 **",($/kg),1.62
2022-05,"Rubber, RSS3",($/kg),2.06
2022-05,Phosphate rock,($/mt),255
2022-05,DAP,($/mt),842.5
2022-05,TSP,($/mt),827.5
2022-05,Urea,($/mt),707.5
2022-05,Potassium chloride **,($/mt),1170
2022-05,Aluminum,($/mt),2830
2022-05,"Iron ore, cfr spot",($/dmtu),131.19999999999999
2022-05,Copper,($/mt),9377
2022-05,Lead,($/mt),2142
2022-05,Tin,($/mt),35769
2022-05,Nickel,($/mt),28063
2022-05,Zinc,($/mt),3751
2022-05,Gold,($/troy oz),1849
2022-05,Platinum,($/troy oz),958
2022-05,Silver,($/troy oz),21.9
2022-06,"Crude oil, average",($/bbl),116.8
2022-06,"Crude oil, Brent",($/bbl),120.1
2022-06,"Crude oil, Dubai",($/bbl),115.7
2022-06,"Crude oil, WTI",($/bbl),114.6
2022-06,"Coal, Australian",($/mt),374.1
2022-06,"Coal, South African **",($/mt),291.39999999999998
2022-06,"Natural gas, US",($/mmbtu),7.67
2022-06,"Natural gas, Europe",($/mmbtu),33.56
2022-06,"Liquefied natural gas, Japan",($/mmbtu),15.53
2022-06,Natural gas index,(2010=100),263.2
2022-06,Cocoa,($/kg),2.3199999999999998
2022-06,"Coffee, Arabica",($/kg),6.03
2022-06,"Coffee, Robusta",($/kg),2.29
2022-06,"Tea, avg 3 auctions",($/kg),2.96
2022-06,"Tea, Colombo",($/kg),3.51
2022-06,"Tea, Kolkata",($/kg),3.27
2022-06,"Tea, Mombasa",($/kg),2.11
2022-06,Coconut oil,($/mt),1701
2022-06,Groundnuts,($/mt),1607
2022-06,Fish meal,($/mt),1608
2022-06,Groundnut oil **,($/mt),2146
2022-06,Palm oil,($/mt),1501
2022-06,Palm kernel oil,($/mt),1555
2022-06,Soybeans,($/mt),737
2022-06,Soybean oil,($/mt),1752
2022-06,Soybean meal,($/mt),528
2022-06,Rapeseed oil,($/mt),2001
2022-06,Sunflower oil,($/mt),1885
2022-06,Barley,($/mt),206.5
2022-06,Maize,($/mt),335.7
2022-06,Sorghum,($/mt),321.7
2022-06,"Rice, Thai 5%",($/mt),444
2022-06,"Rice, Thai 25%",($/mt),441
2022-06,"Rice, Thai A.1",($/mt),427.6
2022-06,"Rice, Viet Namese 5%",($/mt),411.9
2022-06,"Wheat, US SRW",($/mt),379.9
2022-06,"Wheat, US HRW",($/mt),459.6
2022-06,"Banana, Europe",($/kg),0.95
2022-06,"Banana, US",($/kg),1.44
2022-06,Orange,($/kg),0.94
2022-06,Beef **,($/kg),5.81
2022-06,Chicken **,($/kg),1.85
2022-06,Lamb **,($/kg),8.4600000000000009
2022-06,"Shrimps, Mexican",($/kg),14.86
2022-06,"Sugar, EU",($/kg),0.35
2022-06,"Sugar, US",($/kg),0.79
2022-06,"Sugar, world",($/kg),0.42
2022-06,"Tobacco, US import u.v.",($/mt),4206
2022-06,"Logs, Cameroon",($/cubic meter),370.1
2022-06,"Logs, Malaysian",($/cubic meter),222.3
2022-06,"Sawnwood, Cameroon",($/cubic meter),590.70000000000005
2022-06,"Sawnwood, Malaysian",($/cubic meter),671.8
2022-06,Plywood,(cents/sheet),407.7
2022-06,"Cotton, A Index",($/kg),3.4
2022-06,"Rubber, TSR20 **",($/kg),1.64
2022-06,"Rubber, RSS3",($/kg),2.0299999999999998
2022-06,Phosphate rock,($/mt),287.5
2022-06,DAP,($/mt),783.8
2022-06,TSP,($/mt),730.1
2022-06,Urea,($/mt),690
2022-06,Potassium chloride **,($/mt),1101.9000000000001
2022-06,Aluminum,($/mt),2563
2022-06,"Iron ore, cfr spot",($/dmtu),130.69999999999999
2022-06,Copper,($/mt),9024
2022-06,Lead,($/mt),2066
2022-06,Tin,($/mt),31559
2022-06,Nickel,($/mt),25659
2022-06,Zinc,($/mt),3630
2022-06,Gold,($/troy oz),1837
2022-06,Platinum,($/troy oz),957
2022-06,Silver,($/troy oz),21.6
2022-07,"Crude oil, average",($/bbl),105.1
2022-07,"Crude oil, Brent",($/bbl),108.9
2022-07,"Crude oil, Dubai",($/bbl),106.5
2022-07,"Crude oil, WTI",($/bbl),99.9
2022-07,"Coal, Australian",($/mt),402.2
2022-07,"Coal, South African **",($/mt),269.10000000000002
2022-07,"Natural gas, US",($/mmbtu),7.26
2022-07,"Natural gas, Europe",($/mmbtu),51.33
2022-07,"Liquefied natural gas, Japan",($/mmbtu),18.88
2022-07,Natural gas index,(2010=100),344.9
2022-07,Cocoa,($/kg),2.2400000000000002
2022-07,"Coffee, Arabica",($/kg),5.64
2022-07,"Coffee, Robusta",($/kg),2.21
2022-07,"Tea, avg 3 auctions",($/kg),3.31
2022-07,"Tea, Colombo",($/kg),4.01
2022-07,"Tea, Kolkata",($/kg),3.55
2022-07,"Tea, Mombasa",($/kg),2.37
2022-07,Coconut oil,($/mt),1541
2022-07,Groundnuts,($/mt),1621
2022-07,Fish meal,($/mt),1581
2022-07,Groundnut oil **,($/mt),2146
2022-07,Palm oil,($/mt),1057
2022-07,Palm kernel oil,($/mt),1301
2022-07,Soybeans,($/mt),678
2022-07,Soybean oil,($/mt),1533
2022-07,Soybean meal,($/mt),536
2022-07,Rapeseed oil,($/mt),1737
2022-07,Sunflower oil,($/mt),1557
2022-07,Barley,($/mt),207.2
2022-07,Maize,($/mt),323
2022-07,Sorghum,($/mt),320.7
2022-07,"Rice, Thai 5%",($/mt),418
2022-07,"Rice, Thai 25%",($/mt),412
2022-07,"Rice, Thai A.1",($/mt),405.7
2022-07,"Rice, Viet Namese 5%",($/mt),411.1
2022-07,"Wheat, US SRW",($/mt),316.7
2022-07,"Wheat, US HRW",($/mt),382.5
2022-07,"Banana, Europe",($/kg),0.89
2022-07,"Banana, US",($/kg),1.53
2022-07,Orange,($/kg),0.84
2022-07,Beef **,($/kg),5.73
2022-07,Chicken **,($/kg),1.72
2022-07,Lamb **,($/kg),8.4600000000000009
2022-07,"Shrimps, Mexican",($/kg),14.04
2022-07,"Sugar, EU",($/kg),0.33
2022-07,"Sugar, US",($/kg),0.77
2022-07,"Sugar, world",($/kg),0.4
2022-07,"Tobacco, US import u.v.",($/mt),4268
2022-07,"Logs, Cameroon",($/cubic meter),356.5
2022-07,"Logs, Malaysian",($/cubic meter),217.8
2022-07,"Sawnwood, Cameroon",($/cubic meter),574.6
2022-07,"Sawnwood, Malaysian",($/cubic meter),653.6
2022-07,Plywood,(cents/sheet),399.4
2022-07,"Cotton, A Index",($/kg),2.89
2022-07,"Rubber, TSR20 **",($/kg),1.56
2022-07,"Rubber, RSS3",($/kg),1.78
2022-07,Phosphate rock,($/mt),320
2022-07,DAP,($/mt),784
2022-07,TSP,($/mt),736
2022-07,Urea,($/mt),601
2022-07,Potassium chloride **,($/mt),1013
2022-07,Aluminum,($/mt),2408
2022-07,"Iron ore, cfr spot",($/dmtu),108.6
2022-07,Copper,($/mt),7545
2022-07,Lead,($/mt),1985
2022-07,Tin,($/mt),25396
2022-07,Nickel,($/mt),21482
2022-07,Zinc,($/mt),3105
2022-07,Gold,($/troy oz),1733
2022-07,Platinum,($/troy oz),869
2022-07,Silver,($/troy oz),19.100000000000001
2022-08,"Crude oil, average",($/bbl),96
2022-08,"Crude oil, Brent",($/bbl),98.6
2022-08,"Crude oil, Dubai",($/bbl),97.8
2022-08,"Crude oil, WTI",($/bbl),91.6
2022-08,"Coal, Australian",($/mt),407
2022-08,"Coal, South African **",($/mt),274.60000000000002
2022-08,"Natural gas, US",($/mmbtu),8.7899999999999991
2022-08,"Natural gas, Europe",($/mmbtu),70.040000000000006
2022-08,"Liquefied natural gas, Japan",($/mmbtu),21.21
2022-08,Natural gas index,(2010=100),454
2022-08,Cocoa,($/kg),2.3199999999999998
2022-08,"Coffee, Arabica",($/kg),5.92
2022-08,"Coffee, Robusta",($/kg),2.42
2022-08,"Tea, avg 3 auctions",($/kg),3.37
2022-08,"Tea, Colombo",($/kg),4.21
2022-08,"Tea, Kolkata",($/kg),3.54
2022-08,"Tea, Mombasa",($/kg),2.36
2022-08,Coconut oil,($/mt),1385
2022-08,Groundnuts,($/mt),1625
2022-08,Fish meal,($/mt),1623
2022-08,Groundnut oil **,($/mt),2146
2022-08,Palm oil,($/mt),1026
2022-08,Palm kernel oil,($/mt),1173
2022-08,Soybeans,($/mt),671
2022-08,Soybean oil,($/mt),1599
2022-08,Soybean meal,($/mt),535
2022-08,Rapeseed oil,($/mt),1639
2022-08,Sunflower oil,($/mt),1496
2022-08,Barley,($/mt),206.7
2022-08,Maize,($/mt),289.8
2022-08,Sorghum,($/mt),316.10000000000002
2022-08,"Rice, Thai 5%",($/mt),431
2022-08,"Rice, Thai 25%",($/mt),421
2022-08,"Rice, Thai A.1",($/mt),412.6
2022-08,"Rice, Viet Namese 5%",($/mt),395.8
2022-08,"Wheat, US SRW",($/mt),311.5
2022-08,"Wheat, US HRW",($/mt),382.9
2022-08,"Banana, Europe",($/kg),0.88
2022-08,"Banana, US",($/kg),1.67
2022-08,Orange,($/kg),0.93
2022-08,Beef **,($/kg),5.57
2022-08,Chicken **,($/kg),1.84
2022-08,Lamb **,($/kg),8.5299999999999994
2022-08,"Shrimps, Mexican",($/kg),12.63
2022-08,"Sugar, EU",($/kg),0.33
2022-08,"Sugar, US",($/kg),0.78
2022-08,"Sugar, world",($/kg),0.39
2022-08,"Tobacco, US import u.v.",($/mt),4357
2022-08,"Logs, Cameroon",($/cubic meter),354.5
2022-08,"Logs, Malaysian",($/cubic meter),220.2
2022-08,"Sawnwood, Cameroon",($/cubic meter),574.5
2022-08,"Sawnwood, Malaysian",($/cubic meter),653.4
2022-08,Plywood,(cents/sheet),403.9
2022-08,"Cotton, A Index",($/kg),2.74
2022-08,"Rubber, TSR20 **",($/kg),1.46
2022-08,"Rubber, RSS3",($/kg),1.61
2022-08,Phosphate rock,($/mt),320
2022-08,DAP,($/mt),749.4
2022-08,TSP,($/mt),703.8
2022-08,Urea,($/mt),591.29999999999995
2022-08,Potassium chloride **,($/mt),888.8
2022-08,Aluminum,($/mt),2431
2022-08,"Iron ore, cfr spot",($/dmtu),108.9
2022-08,Copper,($/mt),7982
2022-08,Lead,($/mt),2073
2022-08,Tin,($/mt),24647
2022-08,Nickel,($/mt),22057
2022-08,Zinc,($/mt),3588
2022-08,Gold,($/troy oz),1765
2022-08,Platinum,($/troy oz),909
2022-08,Silver,($/troy oz),19.7
2022-09,"Crude oil, average",($/bbl),88.2
2022-09,"Crude oil, Brent",($/bbl),90.2
2022-09,"Crude oil, Dubai",($/bbl),90.6
2022-09,"Crude oil, WTI",($/bbl),83.9
2022-09,"Coal, Australian",($/mt),430.8
2022-09,"Coal, South African **",($/mt),235
2022-09,"Natural gas, US",($/mmbtu),7.76
2022-09,"Natural gas, Europe",($/mmbtu),59.1
2022-09,"Liquefied natural gas, Japan",($/mmbtu),23.73
2022-09,Natural gas index,(2010=100),391.3
2022-09,Cocoa,($/kg),2.2999999999999998
2022-09,"Coffee, Arabica",($/kg),5.9
2022-09,"Coffee, Robusta",($/kg),2.46
2022-09,"Tea, avg 3 auctions",($/kg),3.33
2022-09,"Tea, Colombo",($/kg),4.49
2022-09,"Tea, Kolkata",($/kg),3.15
2022-09,"Tea, Mombasa",($/kg),2.36
2022-09,Coconut oil,($/mt),1248
2022-09,Groundnuts,($/mt),1642
2022-09,Fish meal,($/mt),1623
2022-09,Groundnut oil **,($/mt),2146
2022-09,Palm oil,($/mt),909
2022-09,Palm kernel oil,($/mt),1249
2022-09,Soybeans,($/mt),664
2022-09,Soybean oil,($/mt),1548
2022-09,Soybean meal,($/mt),537
2022-09,Rapeseed oil,($/mt),1402
2022-09,Sunflower oil,($/mt),1305
2022-09,Barley,($/mt),212.7
2022-09,Maize,($/mt),312.7
2022-09,Sorghum,($/mt),321.5
2022-09,"Rice, Thai 5%",($/mt),439
2022-09,"Rice, Thai 25%",($/mt),428
2022-09,"Rice, Thai A.1",($/mt),423.4
2022-09,"Rice, Viet Namese 5%",($/mt),392.2
2022-09,"Wheat, US SRW",($/mt),388.8
2022-09,"Wheat, US HRW",($/mt),419.1
2022-09,"Banana, Europe",($/kg),0.9
2022-09,"Banana, US",($/kg),1.62
2022-09,Orange,($/kg),0.93
2022-09,Beef **,($/kg),5.44
2022-09,Chicken **,($/kg),1.75
2022-09,Lamb **,($/kg),8.49
2022-09,"Shrimps, Mexican",($/kg),11.51
2022-09,"Sugar, EU",($/kg),0.32
2022-09,"Sugar, US",($/kg),0.77
2022-09,"Sugar, world",($/kg),0.39
2022-09,"Tobacco, US import u.v.",($/mt),4147
2022-09,"Logs, Cameroon",($/cubic meter),346.9
2022-09,"Logs, Malaysian",($/cubic meter),208.2
2022-09,"Sawnwood, Cameroon",($/cubic meter),543
2022-09,"Sawnwood, Malaysian",($/cubic meter),617.6
2022-09,Plywood,(cents/sheet),381.9
2022-09,"Cotton, A Index",($/kg),2.59
2022-09,"Rubber, TSR20 **",($/kg),1.32
2022-09,"Rubber, RSS3",($/kg),1.48
2022-09,Phosphate rock,($/mt),320
2022-09,DAP,($/mt),752
2022-09,TSP,($/mt),708
2022-09,Urea,($/mt),678
2022-09,Potassium chloride **,($/mt),731
2022-09,Aluminum,($/mt),2225
2022-09,"Iron ore, cfr spot",($/dmtu),99.8
2022-09,Copper,($/mt),7746
2022-09,Lead,($/mt),1870
2022-09,Tin,($/mt),21124
2022-09,Nickel,($/mt),22774
2022-09,Zinc,($/mt),3125
2022-09,Gold,($/troy oz),1681
2022-09,Platinum,($/troy oz),881
2022-09,Silver,($/troy oz),18.899999999999999
2022-10,"Crude oil, average",($/bbl),90.3
2022-10,"Crude oil, Brent",($/bbl),93.1
2022-10,"Crude oil, Dubai",($/bbl),90.6
2022-10,"Crude oil, WTI",($/bbl),87.3
2022-10,"Coal, Australian",($/mt),389.8
2022-10,"Coal, South African **",($/mt),191.2
2022-10,"Natural gas, US",($/mmbtu),5.62
2022-10,"Natural gas, Europe",($/mmbtu),39.020000000000003
2022-10,"Liquefied natural gas, Japan",($/mmbtu),21.84
2022-10,Natural gas index,(2010=100),268.5
2022-10,Cocoa,($/kg),2.31
2022-10,"Coffee, Arabica",($/kg),5.29
2022-10,"Coffee, Robusta",($/kg),2.27
2022-10,"Tea, avg 3 auctions",($/kg),3.15
2022-10,"Tea, Colombo",($/kg),4.1500000000000004
2022-10,"Tea, Kolkata",($/kg),2.83
2022-10,"Tea, Mombasa",($/kg),2.46
2022-10,Coconut oil,($/mt),1108
2022-10,Groundnuts,($/mt),1619
2022-10,Fish meal,($/mt),1622
2022-10,Groundnut oil **,($/mt),2146
2022-10,Palm oil,($/mt),889
2022-10,Palm kernel oil,($/mt),1039
2022-10,Soybeans,($/mt),626
2022-10,Soybean oil,($/mt),1576
2022-10,Soybean meal,($/mt),542
2022-10,Rapeseed oil,($/mt),1408
2022-10,Sunflower oil,($/mt),1359
2022-10,Barley,($/mt),215.1
2022-10,Maize,($/mt),343.6
2022-10,Sorghum,($/mt),323.60000000000002
2022-10,"Rice, Thai 5%",($/mt),431
2022-10,"Rice, Thai 25%",($/mt),420
2022-10,"Rice, Thai A.1",($/mt),411.6
2022-10,"Rice, Viet Namese 5%",($/mt),409.1
2022-10,"Wheat, US SRW",($/mt),423.3
2022-10,"Wheat, US HRW",($/mt),438
2022-10,"Banana, Europe",($/kg),0.95
2022-10,"Banana, US",($/kg),1.57
2022-10,Orange,($/kg),1.07
2022-10,Beef **,($/kg),5.33
2022-10,Chicken **,($/kg),1.63
2022-10,Lamb **,($/kg),7.7
2022-10,"Shrimps, Mexican",($/kg),11.46
2022-10,"Sugar, EU",($/kg),0.32
2022-10,"Sugar, US",($/kg),0.76
2022-10,"Sugar, world",($/kg),0.39
2022-10,"Tobacco, US import u.v.",($/mt),4325
2022-10,"Logs, Cameroon",($/cubic meter),344
2022-10,"Logs, Malaysian",($/cubic meter),202.1
2022-10,"Sawnwood, Cameroon",($/cubic meter),540.6
2022-10,"Sawnwood, Malaysian",($/cubic meter),614.9
2022-10,Plywood,(cents/sheet),370.8
2022-10,"Cotton, A Index",($/kg),2.2000000000000002
2022-10,"Rubber, TSR20 **",($/kg),1.29
2022-10,"Rubber, RSS3",($/kg),1.5
2022-10,Phosphate rock,($/mt),317.5
2022-10,DAP,($/mt),725
2022-10,TSP,($/mt),675
2022-10,Urea,($/mt),636.29999999999995
2022-10,Potassium chloride **,($/mt),622.5
2022-10,Aluminum,($/mt),2256
2022-10,"Iron ore, cfr spot",($/dmtu),92.6
2022-10,Copper,($/mt),7651
2022-10,Lead,($/mt),2000
2022-10,Tin,($/mt),19391
2022-10,Nickel,($/mt),22033
2022-10,Zinc,($/mt),2967
2022-10,Gold,($/troy oz),1664
2022-10,Platinum,($/troy oz),915
2022-10,Silver,($/troy oz),19.399999999999999
2022-11,"Crude oil, average",($/bbl),87.4
2022-11,"Crude oil, Brent",($/bbl),91.1
2022-11,"Crude oil, Dubai",($/bbl),86.3
2022-11,"Crude oil, WTI",($/bbl),84.8
2022-11,"Coal, Australian",($/mt),342.2
2022-11,"Coal, South African **",($/mt),169.1
2022-11,"Natural gas, US",($/mmbtu),5.28
2022-11,"Natural gas, Europe",($/mmbtu),35.72
2022-11,"Liquefied natural gas, Japan",($/mmbtu),19.59
2022-11,Natural gas index,(2010=100),247.2
2022-11,Cocoa,($/kg),2.41
2022-11,"Coffee, Arabica",($/kg),4.72
2022-11,"Coffee, Robusta",($/kg),2.04
2022-11,"Tea, avg 3 auctions",($/kg),3.05
2022-11,"Tea, Colombo",($/kg),3.8
2022-11,"Tea, Kolkata",($/kg),2.85
2022-11,"Tea, Mombasa",($/kg),2.4900000000000002
2022-11,Coconut oil,($/mt),1173
2022-11,Groundnuts,($/mt),1639
2022-11,Fish meal,($/mt),1677
2022-11,Groundnut oil **,($/mt),2146
2022-11,Palm oil,($/mt),946
2022-11,Palm kernel oil,($/mt),1062
2022-11,Soybeans,($/mt),649
2022-11,Soybean oil,($/mt),1652
2022-11,Soybean meal,($/mt),519
2022-11,Rapeseed oil,($/mt),1378
2022-11,Sunflower oil,($/mt),1347
2022-11,Barley,($/mt),215.9
2022-11,Maize,($/mt),320.89999999999998
2022-11,Sorghum,($/mt),322.39999999999998
2022-11,"Rice, Thai 5%",($/mt),440
2022-11,"Rice, Thai 25%",($/mt),430
2022-11,"Rice, Thai A.1",($/mt),417.5
2022-11,"Rice, Viet Namese 5%",($/mt),421.2
2022-11,"Wheat, US SRW",($/mt),420.6
2022-11,"Wheat, US HRW",($/mt),422.7
2022-11,"Banana, Europe",($/kg),0.97
2022-11,"Banana, US",($/kg),1.65
2022-11,Orange,($/kg),1.0900000000000001
2022-11,Beef **,($/kg),5.07
2022-11,Chicken **,($/kg),1.54
2022-11,Lamb **,($/kg),6.54
2022-11,"Shrimps, Mexican",($/kg),11.46
2022-11,"Sugar, EU",($/kg),0.33
2022-11,"Sugar, US",($/kg),0.79
2022-11,"Sugar, world",($/kg),0.41
2022-11,"Tobacco, US import u.v.",($/mt),4333
2022-11,"Logs, Cameroon",($/cubic meter),356.9
2022-11,"Logs, Malaysian",($/cubic meter),209.2
2022-11,"Sawnwood, Cameroon",($/cubic meter),562.4
2022-11,"Sawnwood, Malaysian",($/cubic meter),639.70000000000005
2022-11,Plywood,(cents/sheet),383.8
2022-11,"Cotton, A Index",($/kg),2.23
2022-11,"Rubber, TSR20 **",($/kg),1.27
2022-11,"Rubber, RSS3",($/kg),1.43
2022-11,Phosphate rock,($/mt),300
2022-11,DAP,($/mt),665.6
2022-11,TSP,($/mt),625
2022-11,Urea,($/mt),588.79999999999995
2022-11,Potassium chloride **,($/mt),563.1
2022-11,Aluminum,($/mt),2351
2022-11,"Iron ore, cfr spot",($/dmtu),93.3
2022-11,Copper,($/mt),8050
2022-11,Lead,($/mt),2100
2022-11,Tin,($/mt),21250
2022-11,Nickel,($/mt),25563
2022-11,Zinc,($/mt),2939
2022-11,Gold,($/troy oz),1725
2022-11,Platinum,($/troy oz),989
2022-11,Silver,($/troy oz),21
2022-12,"Crude oil, average",($/bbl),78.099999999999994
2022-12,"Crude oil, Brent",($/bbl),80.900000000000006
2022-12,"Crude oil, Dubai",($/bbl),76.8
2022-12,"Crude oil, WTI",($/bbl),76.5
2022-12,"Coal, Australian",($/mt),379.2
2022-12,"Coal, South African **",($/mt),215
2022-12,"Natural gas, US",($/mmbtu),5.5
2022-12,"Natural gas, Europe",($/mmbtu),36.04
2022-12,"Liquefied natural gas, Japan",($/mmbtu),20.58
2022-12,Natural gas index,(2010=100),252.1
2022-12,Cocoa,($/kg),2.5099999999999998
2022-12,"Coffee, Arabica",($/kg),4.63
2022-12,"Coffee, Robusta",($/kg),2.0499999999999998
2022-12,"Tea, avg 3 auctions",($/kg),2.95
2022-12,"Tea, Colombo",($/kg),4.04
2022-12,"Tea, Kolkata",($/kg),2.42
2022-12,"Tea, Mombasa",($/kg),2.39
2022-12,Coconut oil,($/mt),1158
2022-12,Groundnuts,($/mt),1670
2022-12,Fish meal,($/mt),1746
2022-12,Groundnut oil **,($/mt),2146
2022-12,Palm oil,($/mt),940
2022-12,Palm kernel oil,($/mt),1067
2022-12,Soybeans,($/mt),646
2022-12,Soybean oil,($/mt),1409
2022-12,Soybean meal,($/mt),571
2022-12,Rapeseed oil,($/mt),1260
2022-12,Sunflower oil,($/mt),1234
2022-12,Barley,($/mt),215.8
2022-12,Maize,($/mt),302.2
2022-12,Sorghum,($/mt),319.2
2022-12,"Rice, Thai 5%",($/mt),467
2022-12,"Rice, Thai 25%",($/mt),457
2022-12,"Rice, Thai A.1",($/mt),446.4
2022-12,"Rice, Viet Namese 5%",($/mt),432.4
2022-12,"Wheat, US SRW",($/mt),415.1
2022-12,"Wheat, US HRW",($/mt),386.3
2022-12,"Banana, Europe",($/kg),1.01
2022-12,"Banana, US",($/kg),1.68
2022-12,Orange,($/kg),1.1000000000000001
2022-12,Beef **,($/kg),4.71
2022-12,Chicken **,($/kg),1.55
2022-12,Lamb **,($/kg),6.1
2022-12,"Shrimps, Mexican",($/kg),11.46
2022-12,"Sugar, EU",($/kg),0.35
2022-12,"Sugar, US",($/kg),0.81
2022-12,"Sugar, world",($/kg),0.42
2022-12,"Tobacco, US import u.v.",($/mt),4399
2022-12,"Logs, Cameroon",($/cubic meter),370.5
2022-12,"Logs, Malaysian",($/cubic meter),220.7
2022-12,"Sawnwood, Cameroon",($/cubic meter),583.4
2022-12,"Sawnwood, Malaysian",($/cubic meter),663.6
2022-12,Plywood,(cents/sheet),404.9
2022-12,"Cotton, A Index",($/kg),2.2200000000000002
2022-12,"Rubber, TSR20 **",($/kg),1.35
2022-12,"Rubber, RSS3",($/kg),1.54
2022-12,Phosphate rock,($/mt),300
2022-12,DAP,($/mt),625
2022-12,TSP,($/mt),584.4
2022-12,Urea,($/mt),519.4
2022-12,Potassium chloride **,($/mt),513.79999999999995
2022-12,Aluminum,($/mt),2402
2022-12,"Iron ore, cfr spot",($/dmtu),111.8
2022-12,Copper,($/mt),8375
2022-12,Lead,($/mt),2216
2022-12,Tin,($/mt),24172
2022-12,Nickel,($/mt),28947
2022-12,Zinc,($/mt),3129
2022-12,Gold,($/troy oz),1798
2022-12,Platinum,($/troy oz),1011
2022-12,Silver,($/troy oz),23.3
